account_id,txn_count,total_amount,avg_amount,account_age_days,signup_timestamp,fraud,group_id,group_type
ACC_000001,228,283488.36,1243.37,1088,2023-01-08T05:36:00,1,GRP_00001,fraud_ring
ACC_000002,411,1549498.77,3770.07,138,2025-08-15T04:28:00,1,GRP_00001,fraud_ring
ACC_000003,313,897267.71,2866.67,983,2023-04-23T13:33:00,1,GRP_00001,fraud_ring
ACC_000004,324,6295203.36,19429.64,298,2025-03-08T18:55:00,1,GRP_00001,fraud_ring
ACC_000005,306,2245397.4,7337.9,150,2025-08-03T10:07:00,1,GRP_00001,fraud_ring
ACC_000006,206,2293589.58,11133.93,621,2024-04-19T14:36:00,1,GRP_00002,fraud_ring
ACC_000007,301,2140254.48,7110.48,1131,2022-11-26T13:12:00,1,GRP_00002,fraud_ring
ACC_000008,127,682985.68,5377.84,1182,2022-10-06T16:50:00,1,GRP_00002,fraud_ring
ACC_000009,331,1814882.93,5483.03,555,2024-06-24T15:59:00,1,GRP_00002,fraud_ring
ACC_000010,240,546588.0,2277.45,1260,2022-07-20T21:55:00,1,GRP_00002,fraud_ring
ACC_000011,201,178793.52,889.52,418,2024-11-08T05:17:00,1,GRP_00002,fraud_ring
ACC_000012,220,791298.2,3596.81,350,2025-01-15T07:33:00,1,GRP_00002,fraud_ring
ACC_000013,245,410230.45,1674.41,962,2023-05-14T06:51:00,1,GRP_00002,fraud_ring
ACC_000014,30,97926.6,3264.22,899,2023-07-16T02:30:00,1,GRP_00002,fraud_ring
ACC_000015,71,1071661.93,15093.83,212,2025-06-02T01:51:00,1,GRP_00002,fraud_ring
ACC_000016,114,204032.64,1789.76,1170,2022-10-18T12:19:00,1,GRP_00002,fraud_ring
ACC_000017,61,59645.19,977.79,296,2025-03-10T12:34:00,1,GRP_00002,fraud_ring
ACC_000018,193,406699.25,2107.25,1131,2022-11-26T20:38:00,1,GRP_00002,fraud_ring
ACC_000019,286,628542.2,2197.7,30,2025-12-01T18:42:00,1,GRP_00002,fraud_ring
ACC_000020,280,2186321.2,7808.29,1120,2022-12-07T07:23:00,1,GRP_00002,fraud_ring
ACC_000021,206,1121080.84,5442.14,1106,2022-12-21T09:39:00,1,GRP_00002,fraud_ring
ACC_000022,362,4301388.98,11882.29,1097,2022-12-30T00:55:00,1,GRP_00002,fraud_ring
ACC_000023,244,1921007.12,7872.98,938,2023-06-07T15:53:00,1,GRP_00002,fraud_ring
ACC_000024,121,914129.59,7554.79,209,2025-06-05T16:02:00,1,GRP_00003,fraud_ring
ACC_000025,32,19814.08,619.19,237,2025-05-08T12:30:00,1,GRP_00003,fraud_ring
ACC_000026,62,58434.38,942.49,240,2025-05-05T13:52:00,1,GRP_00003,fraud_ring
ACC_000027,98,517364.54,5279.23,212,2025-06-02T02:00:00,1,GRP_00003,fraud_ring
ACC_000028,451,5602588.09,12422.59,327,2025-02-07T04:29:00,1,GRP_00004,fraud_ring
ACC_000029,365,650349.7,1781.78,1225,2022-08-24T18:44:00,1,GRP_00004,fraud_ring
ACC_000030,394,1958877.38,4971.77,416,2024-11-10T18:01:00,1,GRP_00004,fraud_ring
ACC_000031,230,1481565.7,6441.59,1096,2022-12-31T06:10:00,1,GRP_00004,fraud_ring
ACC_000032,246,3900898.26,15857.31,454,2024-10-03T04:03:00,1,GRP_00004,fraud_ring
ACC_000033,319,2034396.98,6377.42,1124,2022-12-03T21:08:00,1,GRP_00004,fraud_ring
ACC_000034,386,1277644.56,3309.96,761,2023-12-01T22:32:00,1,GRP_00004,fraud_ring
ACC_000035,413,1197811.51,2900.27,307,2025-02-27T09:39:00,1,GRP_00004,fraud_ring
ACC_000036,47,162861.11,3465.13,1363,2022-04-08T20:49:00,1,GRP_00004,fraud_ring
ACC_000037,332,2504767.36,7544.48,482,2024-09-05T04:41:00,1,GRP_00004,fraud_ring
ACC_000038,88,1394250.88,15843.76,956,2023-05-20T16:05:00,1,GRP_00004,fraud_ring
ACC_000039,166,633441.06,3815.91,499,2024-08-19T20:06:00,1,GRP_00004,fraud_ring
ACC_000040,310,3905290.1,12597.71,379,2024-12-17T07:29:00,1,GRP_00005,fraud_ring
ACC_000041,320,1975628.8,6173.84,617,2024-04-23T06:15:00,1,GRP_00005,fraud_ring
ACC_000042,81,958254.3,11830.3,494,2024-08-24T01:13:00,1,GRP_00005,fraud_ring
ACC_000043,314,3877903.14,12350.01,1109,2022-12-18T11:31:00,1,GRP_00005,fraud_ring
ACC_000044,360,7474136.4,20761.49,338,2025-01-27T18:25:00,1,GRP_00005,fraud_ring
ACC_000045,296,566437.44,1913.64,522,2024-07-27T20:05:00,1,GRP_00005,fraud_ring
ACC_000046,77,469521.36,6097.68,957,2023-05-19T03:53:00,1,GRP_00005,fraud_ring
ACC_000047,270,299597.4,1109.62,1064,2023-02-01T05:53:00,1,GRP_00005,fraud_ring
ACC_000048,452,3015115.72,6670.61,854,2023-08-30T06:55:00,1,GRP_00005,fraud_ring
ACC_000049,359,517893.4,1442.6,1247,2022-08-02T12:21:00,1,GRP_00005,fraud_ring
ACC_000050,100,559251.0,5592.51,1311,2022-05-30T06:35:00,1,GRP_00005,fraud_ring
ACC_000051,463,2656860.68,5738.36,445,2024-10-12T01:14:00,1,GRP_00005,fraud_ring
ACC_000052,462,1837849.86,3978.03,1348,2022-04-23T19:20:00,1,GRP_00005,fraud_ring
ACC_000053,47,26704.46,568.18,189,2025-06-25T07:36:00,1,GRP_00006,fraud_ring
ACC_000054,20,8415.8,420.79,189,2025-06-25T02:32:00,1,GRP_00006,fraud_ring
ACC_000055,115,67897.15,590.41,210,2025-06-04T20:53:00,1,GRP_00006,fraud_ring
ACC_000056,86,958698.76,11147.66,203,2025-06-11T00:52:00,1,GRP_00006,fraud_ring
ACC_000057,157,255660.37,1628.41,204,2025-06-10T01:44:00,1,GRP_00006,fraud_ring
ACC_000058,121,654714.06,5410.86,212,2025-06-02T21:42:00,1,GRP_00006,fraud_ring
ACC_000059,100,313824.0,3138.24,205,2025-06-09T09:35:00,1,GRP_00006,fraud_ring
ACC_000060,84,208180.56,2478.34,208,2025-06-06T05:24:00,1,GRP_00006,fraud_ring
ACC_000061,13,6661.46,512.42,188,2025-06-26T14:22:00,1,GRP_00006,fraud_ring
ACC_000062,15,147502.8,9833.52,216,2025-05-29T00:36:00,1,GRP_00006,fraud_ring
ACC_000063,101,92089.78,911.78,201,2025-06-13T20:36:00,1,GRP_00006,fraud_ring
ACC_000064,5,12650.55,2530.11,190,2025-06-24T03:47:00,1,GRP_00006,fraud_ring
ACC_000065,11,43611.04,3964.64,215,2025-05-30T01:25:00,1,GRP_00006,fraud_ring
ACC_000066,39,128320.53,3290.27,212,2025-06-02T09:41:00,1,GRP_00006,fraud_ring
ACC_000067,142,1368668.42,9638.51,186,2025-06-28T01:58:00,1,GRP_00006,fraud_ring
ACC_000068,76,39422.72,518.72,192,2025-06-22T16:35:00,1,GRP_00006,fraud_ring
ACC_000069,115,225025.1,1956.74,185,2025-06-29T12:32:00,1,GRP_00006,fraud_ring
ACC_000070,267,575224.8,2154.4,1146,2022-11-11T19:21:00,1,GRP_00007,fraud_ring
ACC_000071,86,2768103.5,32187.25,774,2023-11-18T02:30:00,1,GRP_00007,fraud_ring
ACC_000072,49,375281.69,7658.81,1301,2022-06-09T06:43:00,1,GRP_00007,fraud_ring
ACC_000073,215,1080390.05,5025.07,635,2024-04-05T00:23:00,1,GRP_00007,fraud_ring
ACC_000074,480,5766441.6,12013.42,946,2023-05-30T05:33:00,1,GRP_00007,fraud_ring
ACC_000075,444,907673.64,2044.31,432,2024-10-25T03:56:00,1,GRP_00007,fraud_ring
ACC_000076,317,1458158.79,4599.87,1236,2022-08-13T21:30:00,1,GRP_00007,fraud_ring
ACC_000077,318,5225461.86,16432.27,723,2024-01-08T06:12:00,1,GRP_00007,fraud_ring
ACC_000078,212,2830865.68,13353.14,674,2024-02-26T13:22:00,1,GRP_00007,fraud_ring
ACC_000079,118,4469624.06,37878.17,941,2023-06-04T10:03:00,1,GRP_00007,fraud_ring
ACC_000080,43,551572.18,12827.26,849,2023-09-04T08:35:00,1,GRP_00007,fraud_ring
ACC_000081,189,1580306.49,8361.41,1233,2022-08-16T00:54:00,1,GRP_00007,fraud_ring
ACC_000082,179,3503722.73,19573.87,885,2023-07-30T00:51:00,1,GRP_00007,fraud_ring
ACC_000083,472,2336782.32,4950.81,799,2023-10-24T03:00:00,1,GRP_00008,fraud_ring
ACC_000084,165,1699135.35,10297.79,795,2023-10-28T17:57:00,1,GRP_00008,fraud_ring
ACC_000085,192,1173454.08,6111.74,762,2023-11-30T10:45:00,1,GRP_00008,fraud_ring
ACC_000086,435,3298926.9,7583.74,1277,2022-07-03T04:25:00,1,GRP_00008,fraud_ring
ACC_000087,210,470807.4,2241.94,1356,2022-04-15T05:22:00,1,GRP_00008,fraud_ring
ACC_000088,143,262568.02,1836.14,1359,2022-04-12T13:09:00,1,GRP_00008,fraud_ring
ACC_000089,287,696706.85,2427.55,1127,2022-11-30T12:04:00,1,GRP_00008,fraud_ring
ACC_000090,183,249978.0,1366.0,853,2023-08-31T00:25:00,1,GRP_00008,fraud_ring
ACC_000091,432,7007169.6,16220.3,895,2023-07-20T07:45:00,1,GRP_00008,fraud_ring
ACC_000092,28,56801.08,2028.61,124,2025-08-29T06:12:00,1,GRP_00009,fraud_ring
ACC_000093,22,567168.36,25780.38,103,2025-09-19T20:41:00,1,GRP_00009,fraud_ring
ACC_000094,115,1469671.25,12779.75,113,2025-09-09T10:13:00,1,GRP_00009,fraud_ring
ACC_000095,101,328916.6,3256.6,107,2025-09-15T21:24:00,1,GRP_00009,fraud_ring
ACC_000096,79,1600559.75,20260.25,102,2025-09-20T16:48:00,1,GRP_00009,fraud_ring
ACC_000097,42,1089681.18,25944.79,135,2025-08-18T11:36:00,1,GRP_00009,fraud_ring
ACC_000098,18,77109.3,4283.85,105,2025-09-17T08:41:00,1,GRP_00009,fraud_ring
ACC_000099,93,2916695.76,31362.32,102,2025-09-20T04:56:00,1,GRP_00009,fraud_ring
ACC_000100,40,312142.4,7803.56,136,2025-08-17T03:59:00,1,GRP_00009,fraud_ring
ACC_000101,97,1182701.6,12192.8,108,2025-09-14T06:40:00,1,GRP_00009,fraud_ring
ACC_000102,112,4278648.64,38202.22,132,2025-08-21T14:59:00,1,GRP_00009,fraud_ring
ACC_000103,137,809319.28,5907.44,103,2025-09-19T07:51:00,1,GRP_00009,fraud_ring
ACC_000104,241,2747462.66,11400.26,1104,2022-12-23T09:32:00,1,GRP_00010,fraud_ring
ACC_000105,50,340646.0,6812.92,789,2023-11-03T05:25:00,1,GRP_00010,fraud_ring
ACC_000106,132,1601515.08,12132.69,415,2024-11-11T02:40:00,1,GRP_00010,fraud_ring
ACC_000107,471,15524230.65,32960.15,1157,2022-10-31T17:32:00,1,GRP_00010,fraud_ring
ACC_000108,475,3856007.25,8117.91,1295,2022-06-15T19:02:00,1,GRP_00010,fraud_ring
ACC_000109,206,742788.62,3605.77,1070,2023-01-26T19:32:00,1,GRP_00010,fraud_ring
ACC_000110,394,2439395.84,6191.36,1252,2022-07-28T11:57:00,1,GRP_00010,fraud_ring
ACC_000111,357,2325108.87,6512.91,1248,2022-08-01T12:33:00,1,GRP_00010,fraud_ring
ACC_000112,450,1332967.5,2962.15,1178,2022-10-10T17:53:00,1,GRP_00010,fraud_ring
ACC_000113,431,1404133.35,3257.85,853,2023-08-31T23:00:00,1,GRP_00010,fraud_ring
ACC_000114,317,4928617.73,15547.69,409,2024-11-17T12:55:00,1,GRP_00010,fraud_ring
ACC_000115,214,1183353.66,5529.69,303,2025-03-03T00:46:00,1,GRP_00010,fraud_ring
ACC_000116,316,11042528.36,34944.71,525,2024-07-24T08:20:00,1,GRP_00010,fraud_ring
ACC_000117,180,746843.4,4149.13,774,2023-11-18T12:07:00,1,GRP_00010,fraud_ring
ACC_000118,193,519148.77,2689.89,1118,2022-12-09T21:46:00,1,GRP_00010,fraud_ring
ACC_000119,233,561217.78,2408.66,359,2025-01-06T06:33:00,1,GRP_00011,fraud_ring
ACC_000120,166,1310239.66,7893.01,1126,2022-12-01T16:21:00,1,GRP_00011,fraud_ring
ACC_000121,321,944946.96,2943.76,1001,2023-04-05T08:25:00,1,GRP_00011,fraud_ring
ACC_000122,372,1174232.88,3156.54,1173,2022-10-15T22:32:00,1,GRP_00011,fraud_ring
ACC_000123,41,545045.39,13293.79,1210,2022-09-08T09:03:00,1,GRP_00011,fraud_ring
ACC_000124,283,1836650.19,6489.93,533,2024-07-16T11:40:00,1,GRP_00011,fraud_ring
ACC_000125,478,15129187.56,31651.02,531,2024-07-18T10:50:00,1,GRP_00011,fraud_ring
ACC_000126,163,848105.3,5203.1,1317,2022-05-24T21:20:00,1,GRP_00011,fraud_ring
ACC_000127,163,2870778.82,17612.14,884,2023-07-31T00:10:00,1,GRP_00011,fraud_ring
ACC_000128,182,4221146.02,23193.11,1374,2022-03-28T03:39:00,1,GRP_00012,fraud_ring
ACC_000129,417,4333876.83,10392.99,899,2023-07-16T23:58:00,1,GRP_00012,fraud_ring
ACC_000130,280,3113944.4,11121.23,325,2025-02-09T15:33:00,1,GRP_00012,fraud_ring
ACC_000131,350,3864700.0,11042.0,893,2023-07-22T04:52:00,1,GRP_00012,fraud_ring
ACC_000132,256,1070942.72,4183.37,740,2023-12-22T03:46:00,1,GRP_00012,fraud_ring
ACC_000133,235,904660.7,3849.62,1071,2023-01-25T20:19:00,1,GRP_00012,fraud_ring
ACC_000134,318,581593.38,1828.91,1263,2022-07-17T05:24:00,1,GRP_00012,fraud_ring
ACC_000135,398,2930091.92,7362.04,1359,2022-04-12T21:54:00,1,GRP_00012,fraud_ring
ACC_000136,187,404969.07,2165.61,971,2023-05-05T14:33:00,1,GRP_00012,fraud_ring
ACC_000137,396,769431.96,1943.01,699,2024-02-01T00:43:00,1,GRP_00012,fraud_ring
ACC_000138,147,883755.18,6011.94,788,2023-11-04T19:04:00,1,GRP_00012,fraud_ring
ACC_000139,217,711888.03,3280.59,494,2024-08-24T20:59:00,1,GRP_00012,fraud_ring
ACC_000140,442,751050.82,1699.21,1330,2022-05-11T13:36:00,1,GRP_00012,fraud_ring
ACC_000141,460,6105612.2,13273.07,1232,2022-08-17T09:08:00,1,GRP_00012,fraud_ring
ACC_000142,447,6915452.07,15470.81,1240,2022-08-09T01:43:00,1,GRP_00012,fraud_ring
ACC_000143,179,255051.73,1424.87,661,2024-03-10T00:23:00,1,GRP_00012,fraud_ring
ACC_000144,61,662799.16,10865.56,1108,2022-12-19T13:22:00,1,GRP_00013,fraud_ring
ACC_000145,450,6193876.5,13764.17,722,2024-01-09T07:10:00,1,GRP_00013,fraud_ring
ACC_000146,305,1683969.05,5521.21,1212,2022-09-06T22:39:00,1,GRP_00013,fraud_ring
ACC_000147,204,614878.44,3014.11,708,2024-01-24T00:00:00,1,GRP_00013,fraud_ring
ACC_000148,254,515912.1,2031.15,1082,2023-01-14T18:25:00,1,GRP_00013,fraud_ring
ACC_000149,313,1509467.54,4822.58,811,2023-10-12T02:14:00,1,GRP_00013,fraud_ring
ACC_000150,154,364011.34,2363.71,329,2025-02-05T08:14:00,1,GRP_00013,fraud_ring
ACC_000151,167,931202.02,5576.06,884,2023-07-31T19:10:00,1,GRP_00013,fraud_ring
ACC_000152,392,974033.76,2484.78,1377,2022-03-25T14:29:00,1,GRP_00014,fraud_ring
ACC_000153,421,1590811.65,3778.65,619,2024-04-21T04:02:00,1,GRP_00014,fraud_ring
ACC_000154,53,299462.19,5650.23,1368,2022-04-03T01:50:00,1,GRP_00014,fraud_ring
ACC_000155,299,1172492.62,3921.38,1353,2022-04-18T09:54:00,1,GRP_00014,fraud_ring
ACC_000156,294,2270779.56,7723.74,719,2024-01-12T07:01:00,1,GRP_00014,fraud_ring
ACC_000157,198,1067821.92,5393.04,1186,2022-10-02T22:21:00,1,GRP_00014,fraud_ring
ACC_000158,334,805858.5,2412.75,737,2023-12-25T01:10:00,1,GRP_00014,fraud_ring
ACC_000159,220,578534.0,2629.7,1175,2022-10-13T14:54:00,1,GRP_00014,fraud_ring
ACC_000160,233,686096.46,2944.62,943,2023-06-02T01:05:00,1,GRP_00014,fraud_ring
ACC_000161,230,254853.8,1108.06,817,2023-10-06T10:02:00,1,GRP_00014,fraud_ring
ACC_000162,393,556829.91,1416.87,440,2024-10-17T23:24:00,1,GRP_00014,fraud_ring
ACC_000163,319,3074872.9,9639.1,1020,2023-03-17T23:04:00,1,GRP_00014,fraud_ring
ACC_000164,207,631977.21,3053.03,653,2024-03-18T07:06:00,1,GRP_00014,fraud_ring
ACC_000165,448,750019.2,1674.15,538,2024-07-11T10:56:00,1,GRP_00014,fraud_ring
ACC_000166,393,2180686.26,5548.82,512,2024-08-06T23:40:00,1,GRP_00014,fraud_ring
ACC_000167,451,4860544.26,10777.26,1381,2022-03-21T06:51:00,1,GRP_00014,fraud_ring
ACC_000168,362,702435.66,1940.43,413,2024-11-13T03:46:00,1,GRP_00014,fraud_ring
ACC_000169,192,1461118.08,7609.99,195,2025-06-19T17:28:00,1,GRP_00015,fraud_ring
ACC_000170,301,9782388.63,32499.63,1367,2022-04-04T08:23:00,1,GRP_00015,fraud_ring
ACC_000171,325,4068470.25,12518.37,874,2023-08-10T04:48:00,1,GRP_00015,fraud_ring
ACC_000172,211,468896.86,2222.26,1183,2022-10-05T11:12:00,1,GRP_00015,fraud_ring
ACC_000173,200,641214.0,3206.07,519,2024-07-30T03:23:00,1,GRP_00015,fraud_ring
ACC_000174,200,741034.0,3705.17,1322,2022-05-19T08:09:00,1,GRP_00015,fraud_ring
ACC_000175,365,13576401.3,37195.62,885,2023-07-30T09:04:00,1,GRP_00015,fraud_ring
ACC_000176,171,658517.58,3850.98,195,2025-06-19T20:40:00,1,GRP_00015,fraud_ring
ACC_000177,128,1200199.68,9376.56,1294,2022-06-16T21:55:00,1,GRP_00015,fraud_ring
ACC_000178,161,5319246.8,33038.8,1118,2022-12-09T12:47:00,1,GRP_00015,fraud_ring
ACC_000179,94,3511680.2,37358.3,434,2024-10-23T14:34:00,1,GRP_00015,fraud_ring
ACC_000180,173,702405.95,4060.15,773,2023-11-19T09:04:00,1,GRP_00015,fraud_ring
ACC_000181,61,141339.44,2317.04,555,2024-06-24T03:38:00,1,GRP_00015,fraud_ring
ACC_000182,51,161599.62,3168.62,770,2023-11-22T16:14:00,1,GRP_00015,fraud_ring
ACC_000183,308,744685.48,2417.81,1353,2022-04-18T21:28:00,1,GRP_00015,fraud_ring
ACC_000184,46,165063.18,3588.33,1261,2022-07-19T13:50:00,1,GRP_00015,fraud_ring
ACC_000185,245,2691053.05,10983.89,317,2025-02-17T09:41:00,1,GRP_00015,fraud_ring
ACC_000186,331,10185472.42,30771.82,1362,2022-04-09T19:21:00,1,GRP_00015,fraud_ring
ACC_000187,214,3168783.6,14807.4,1169,2022-10-19T06:57:00,1,GRP_00016,fraud_ring
ACC_000188,180,4420540.8,24558.56,1274,2022-07-06T08:04:00,1,GRP_00016,fraud_ring
ACC_000189,198,3196153.62,16142.19,716,2024-01-15T05:36:00,1,GRP_00016,fraud_ring
ACC_000190,245,4192969.2,17114.16,1112,2022-12-15T22:10:00,1,GRP_00016,fraud_ring
ACC_000191,324,764782.56,2360.44,515,2024-08-03T23:20:00,1,GRP_00016,fraud_ring
ACC_000192,239,761924.83,3187.97,656,2024-03-15T07:49:00,1,GRP_00016,fraud_ring
ACC_000193,275,553566.75,2012.97,1069,2023-01-27T06:50:00,1,GRP_00016,fraud_ring
ACC_000194,354,2282549.52,6447.88,132,2025-08-21T18:12:00,1,GRP_00016,fraud_ring
ACC_000195,416,8424740.48,20251.78,1001,2023-04-05T00:45:00,1,GRP_00016,fraud_ring
ACC_000196,59,154571.15,2619.85,41,2025-11-20T01:06:00,1,GRP_00016,fraud_ring
ACC_000197,304,1654237.28,5441.57,821,2023-10-02T05:52:00,1,GRP_00016,fraud_ring
ACC_000198,106,235136.62,2218.27,679,2024-02-21T16:20:00,1,GRP_00016,fraud_ring
ACC_000199,94,134909.74,1435.21,667,2024-03-04T00:12:00,1,GRP_00016,fraud_ring
ACC_000200,336,526263.36,1566.26,702,2024-01-29T13:46:00,1,GRP_00016,fraud_ring
ACC_000201,220,336773.8,1530.79,278,2025-03-28T12:07:00,1,GRP_00017,fraud_ring
ACC_000202,220,2718102.2,12355.01,748,2023-12-14T05:42:00,1,GRP_00017,fraud_ring
ACC_000203,251,5479688.93,21831.43,1379,2022-03-23T18:14:00,1,GRP_00017,fraud_ring
ACC_000204,363,3483642.03,9596.81,1048,2023-02-17T19:40:00,1,GRP_00017,fraud_ring
ACC_000205,175,3297547.75,18843.13,83,2025-10-09T18:24:00,1,GRP_00017,fraud_ring
ACC_000206,352,8333779.52,23675.51,1153,2022-11-04T16:21:00,1,GRP_00017,fraud_ring
ACC_000207,334,897635.02,2687.53,242,2025-05-03T01:11:00,1,GRP_00017,fraud_ring
ACC_000208,405,2914695.9,7196.78,1054,2023-02-11T01:59:00,1,GRP_00017,fraud_ring
ACC_000209,385,1574014.75,4088.35,877,2023-08-07T13:47:00,1,GRP_00017,fraud_ring
ACC_000210,339,8093784.33,23875.47,417,2024-11-09T01:18:00,1,GRP_00017,fraud_ring
ACC_000211,115,127062.35,1104.89,605,2024-05-05T16:27:00,1,GRP_00017,fraud_ring
ACC_000212,329,1088239.88,3307.72,182,2025-07-02T09:31:00,1,GRP_00017,fraud_ring
ACC_000213,314,5114689.48,16288.82,1382,2022-03-20T12:57:00,1,GRP_00017,fraud_ring
ACC_000214,132,280723.08,2126.69,349,2025-01-16T13:40:00,1,GRP_00017,fraud_ring
ACC_000215,290,3492368.5,12042.65,446,2024-10-11T04:09:00,1,GRP_00017,fraud_ring
ACC_000216,117,349525.8,2987.4,714,2024-01-17T05:59:00,1,GRP_00017,fraud_ring
ACC_000217,227,5297083.59,23335.17,948,2023-05-28T03:37:00,1,GRP_00017,fraud_ring
ACC_000218,449,2852537.41,6353.09,1137,2022-11-20T11:20:00,1,GRP_00018,fraud_ring
ACC_000219,450,4558027.5,10128.95,390,2024-12-06T12:30:00,1,GRP_00018,fraud_ring
ACC_000220,256,262261.76,1024.46,982,2023-04-24T01:40:00,1,GRP_00018,fraud_ring
ACC_000221,462,2180755.5,4720.25,1094,2023-01-02T12:27:00,1,GRP_00018,fraud_ring
ACC_000222,274,577600.22,2108.03,1324,2022-05-17T04:40:00,1,GRP_00019,fraud_ring
ACC_000223,251,1625734.53,6477.03,710,2024-01-21T13:41:00,1,GRP_00019,fraud_ring
ACC_000224,319,292861.14,918.06,235,2025-05-10T11:53:00,1,GRP_00019,fraud_ring
ACC_000225,418,635180.26,1519.57,1064,2023-02-01T13:49:00,1,GRP_00019,fraud_ring
ACC_000226,18,204841.44,11380.08,699,2024-02-01T11:09:00,1,GRP_00019,fraud_ring
ACC_000227,417,4735447.83,11355.99,1193,2022-09-25T00:34:00,1,GRP_00019,fraud_ring
ACC_000228,59,500738.31,8487.09,517,2024-08-01T22:47:00,1,GRP_00019,fraud_ring
ACC_000229,228,1300822.08,5705.36,1399,2022-03-03T21:15:00,1,GRP_00019,fraud_ring
ACC_000230,153,123873.39,809.63,1134,2022-11-23T00:27:00,1,GRP_00019,fraud_ring
ACC_000231,274,268467.94,979.81,329,2025-02-05T19:59:00,1,GRP_00019,fraud_ring
ACC_000232,308,695747.36,2258.92,1021,2023-03-16T00:42:00,1,GRP_00019,fraud_ring
ACC_000233,364,864216.08,2374.22,416,2024-11-10T21:50:00,1,GRP_00019,fraud_ring
ACC_000234,178,344657.84,1936.28,503,2024-08-15T17:21:00,1,GRP_00019,fraud_ring
ACC_000235,393,1234519.11,3141.27,365,2024-12-31T02:44:00,1,GRP_00019,fraud_ring
ACC_000236,145,196176.3,1352.94,962,2023-05-14T07:57:00,1,GRP_00019,fraud_ring
ACC_000237,97,461439.67,4757.11,383,2024-12-13T23:57:00,1,GRP_00019,fraud_ring
ACC_000238,110,1044844.9,9498.59,105,2025-09-17T07:36:00,1,GRP_00020,fraud_ring
ACC_000239,138,3446105.64,24971.78,106,2025-09-16T10:29:00,1,GRP_00020,fraud_ring
ACC_000240,57,434180.97,7617.21,101,2025-09-21T17:44:00,1,GRP_00020,fraud_ring
ACC_000241,53,1841429.88,34743.96,118,2025-09-04T13:59:00,1,GRP_00020,fraud_ring
ACC_000242,16,224829.44,14051.84,88,2025-10-04T07:24:00,1,GRP_00020,fraud_ring
ACC_000243,69,195284.49,2830.21,93,2025-09-29T16:38:00,1,GRP_00020,fraud_ring
ACC_000244,79,2239698.98,28350.62,87,2025-10-05T16:21:00,1,GRP_00020,fraud_ring
ACC_000245,122,1056667.62,8661.21,109,2025-09-13T05:54:00,1,GRP_00020,fraud_ring
ACC_000246,122,372963.76,3057.08,107,2025-09-15T15:00:00,1,GRP_00020,fraud_ring
ACC_000247,26,82159.48,3159.98,120,2025-09-02T13:46:00,1,GRP_00020,fraud_ring
ACC_000248,49,768649.28,15686.72,104,2025-09-18T15:33:00,1,GRP_00020,fraud_ring
ACC_000249,84,193616.64,2304.96,89,2025-10-03T16:37:00,1,GRP_00020,fraud_ring
ACC_000250,57,269012.07,4719.51,100,2025-09-22T05:12:00,1,GRP_00020,fraud_ring
ACC_000251,8,24321.36,3040.17,87,2025-10-05T23:38:00,1,GRP_00020,fraud_ring
ACC_000252,136,1019586.56,7496.96,108,2025-09-14T03:29:00,1,GRP_00020,fraud_ring
ACC_000253,11,33132.22,3012.02,223,2025-05-22T12:07:00,1,GRP_00021,fraud_ring
ACC_000254,152,390570.08,2569.54,238,2025-05-07T19:34:00,1,GRP_00021,fraud_ring
ACC_000255,21,51940.56,2473.36,249,2025-04-26T21:14:00,1,GRP_00021,fraud_ring
ACC_000256,123,134007.27,1089.49,238,2025-05-07T06:12:00,1,GRP_00021,fraud_ring
ACC_000257,42,36645.0,872.5,247,2025-04-28T05:42:00,1,GRP_00021,fraud_ring
ACC_000258,57,91431.42,1604.06,225,2025-05-20T22:05:00,1,GRP_00021,fraud_ring
ACC_000259,47,508469.97,10818.51,235,2025-05-10T12:55:00,1,GRP_00021,fraud_ring
ACC_000260,133,3221466.15,24221.55,241,2025-05-04T01:01:00,1,GRP_00021,fraud_ring
ACC_000261,10,195477.8,19547.78,231,2025-05-14T13:14:00,1,GRP_00021,fraud_ring
ACC_000262,59,267716.04,4537.56,219,2025-05-26T23:55:00,1,GRP_00021,fraud_ring
ACC_000263,48,239512.32,4989.84,221,2025-05-24T17:21:00,1,GRP_00021,fraud_ring
ACC_000264,47,111029.98,2362.34,253,2025-04-22T20:58:00,1,GRP_00021,fraud_ring
ACC_000265,35,401866.15,11481.89,241,2025-05-04T07:14:00,1,GRP_00021,fraud_ring
ACC_000266,147,1635323.55,11124.65,228,2025-05-17T06:13:00,1,GRP_00021,fraud_ring
ACC_000267,64,936117.76,14626.84,228,2025-05-17T04:24:00,1,GRP_00021,fraud_ring
ACC_000268,297,9066931.83,30528.39,694,2024-02-06T21:27:00,1,GRP_00022,fraud_ring
ACC_000269,121,2608599.07,21558.67,208,2025-06-06T06:48:00,1,GRP_00022,fraud_ring
ACC_000270,139,331466.35,2384.65,1194,2022-09-24T20:09:00,1,GRP_00022,fraud_ring
ACC_000271,269,1945596.3,7232.7,462,2024-09-25T05:22:00,1,GRP_00022,fraud_ring
ACC_000272,148,2397866.4,16201.8,1316,2022-05-25T12:35:00,1,GRP_00022,fraud_ring
ACC_000273,172,6611502.84,38438.97,528,2024-07-21T23:49:00,1,GRP_00022,fraud_ring
ACC_000274,114,900110.94,7895.71,1220,2022-08-29T02:40:00,1,GRP_00022,fraud_ring
ACC_000275,155,409334.85,2640.87,761,2023-12-01T07:18:00,1,GRP_00022,fraud_ring
ACC_000276,296,3187958.48,10770.13,665,2024-03-06T16:48:00,1,GRP_00022,fraud_ring
ACC_000277,231,675002.79,2922.09,429,2024-10-28T07:55:00,1,GRP_00022,fraud_ring
ACC_000278,419,7961473.47,19001.13,1174,2022-10-14T12:07:00,1,GRP_00022,fraud_ring
ACC_000279,328,3001974.08,9152.36,103,2025-09-19T06:15:00,1,GRP_00022,fraud_ring
ACC_000280,21,366821.91,17467.71,667,2024-03-04T22:49:00,1,GRP_00022,fraud_ring
ACC_000281,168,4543652.4,27045.55,529,2024-07-20T17:43:00,1,GRP_00022,fraud_ring
ACC_000282,132,1737337.8,13161.65,770,2023-11-22T19:02:00,1,GRP_00022,fraud_ring
ACC_000283,253,3169219.68,12526.56,371,2024-12-25T20:18:00,1,GRP_00022,fraud_ring
ACC_000284,122,2339420.76,19175.58,937,2023-06-08T09:24:00,1,GRP_00022,fraud_ring
ACC_000285,407,10155085.49,24951.07,552,2024-06-27T18:42:00,1,GRP_00022,fraud_ring
ACC_000286,136,3674801.6,27020.6,279,2025-03-27T09:43:00,1,GRP_00022,fraud_ring
ACC_000287,226,504122.38,2230.63,292,2025-03-14T07:58:00,1,GRP_00022,fraud_ring
ACC_000288,228,7437936.84,32622.53,666,2024-03-05T15:54:00,1,GRP_00023,fraud_ring
ACC_000289,240,3701760.0,15424.0,1252,2022-07-28T14:46:00,1,GRP_00023,fraud_ring
ACC_000290,317,11750616.23,37068.19,558,2024-06-21T00:29:00,1,GRP_00023,fraud_ring
ACC_000291,135,941411.7,6973.42,1132,2022-11-25T20:56:00,1,GRP_00023,fraud_ring
ACC_000292,369,3692143.89,10005.81,301,2025-03-05T03:05:00,1,GRP_00023,fraud_ring
ACC_000293,148,1273630.28,8605.61,361,2025-01-04T05:53:00,1,GRP_00023,fraud_ring
ACC_000294,357,612665.55,1716.15,1122,2022-12-05T17:38:00,1,GRP_00024,fraud_ring
ACC_000295,229,2291765.59,10007.71,882,2023-08-02T16:57:00,1,GRP_00024,fraud_ring
ACC_000296,411,5673246.72,13803.52,1327,2022-05-14T05:52:00,1,GRP_00024,fraud_ring
ACC_000297,369,2276379.45,6169.05,762,2023-11-30T14:49:00,1,GRP_00024,fraud_ring
ACC_000298,240,1469940.0,6124.75,54,2025-11-07T20:38:00,1,GRP_00024,fraud_ring
ACC_000299,290,744099.4,2565.86,857,2023-08-27T01:04:00,1,GRP_00024,fraud_ring
ACC_000300,149,553800.22,3716.78,1093,2023-01-03T14:30:00,1,GRP_00024,fraud_ring
ACC_000301,51,798679.38,15660.38,159,2025-07-25T00:46:00,1,GRP_00024,fraud_ring
ACC_000302,176,1697688.96,9645.96,164,2025-07-20T01:54:00,1,GRP_00024,fraud_ring
ACC_000303,255,1220628.9,4786.78,397,2024-11-29T18:40:00,1,GRP_00024,fraud_ring
ACC_000304,232,1208961.28,5211.04,318,2025-02-16T19:12:00,1,GRP_00025,fraud_ring
ACC_000305,269,1297876.58,4824.82,492,2024-08-26T09:24:00,1,GRP_00025,fraud_ring
ACC_000306,189,1924656.93,10183.37,1160,2022-10-28T07:54:00,1,GRP_00025,fraud_ring
ACC_000307,406,3623554.06,8925.01,457,2024-09-30T06:46:00,1,GRP_00025,fraud_ring
ACC_000308,150,2063701.5,13758.01,715,2024-01-16T11:20:00,1,GRP_00025,fraud_ring
ACC_000309,100,3443585.0,34435.85,663,2024-03-08T09:41:00,1,GRP_00025,fraud_ring
ACC_000310,272,1278438.08,4700.14,313,2025-02-21T14:32:00,1,GRP_00025,fraud_ring
ACC_000311,431,6867898.8,15934.8,1188,2022-09-30T23:17:00,1,GRP_00025,fraud_ring
ACC_000312,205,441939.0,2155.8,861,2023-08-23T21:33:00,1,GRP_00025,fraud_ring
ACC_000313,60,263364.0,4389.4,648,2024-03-23T08:56:00,1,GRP_00025,fraud_ring
ACC_000314,467,3746797.04,8023.12,858,2023-08-26T00:38:00,1,GRP_00025,fraud_ring
ACC_000315,235,515731.0,2194.6,300,2025-03-06T23:21:00,1,GRP_00025,fraud_ring
ACC_000316,293,422866.39,1443.23,938,2023-06-07T18:30:00,0,GRP_00026,legit_hostel
ACC_000317,370,1258162.8,3400.44,451,2024-10-06T21:32:00,0,GRP_00026,legit_hostel
ACC_000318,321,109162.47,340.07,499,2024-08-19T05:11:00,0,GRP_00026,legit_hostel
ACC_000319,6,3719.52,619.92,1188,2022-09-30T07:16:00,0,GRP_00026,legit_hostel
ACC_000320,268,3619063.96,13503.97,653,2024-03-18T22:40:00,0,GRP_00026,legit_hostel
ACC_000321,72,105026.4,1458.7,438,2024-10-19T08:12:00,0,GRP_00026,legit_hostel
ACC_000322,340,489858.4,1440.76,1056,2023-02-09T10:09:00,0,GRP_00026,legit_hostel
ACC_000323,31,21265.07,685.97,1060,2023-02-05T17:51:00,0,GRP_00026,legit_hostel
ACC_000324,398,934762.7,2348.65,1192,2022-09-26T21:26:00,0,GRP_00026,legit_hostel
ACC_000325,75,850398.75,11338.65,1112,2022-12-15T08:43:00,0,GRP_00026,legit_hostel
ACC_000326,171,3033786.24,17741.44,1391,2022-03-11T05:16:00,0,GRP_00026,legit_hostel
ACC_000327,97,27566.43,284.19,890,2023-07-25T15:46:00,0,GRP_00026,legit_hostel
ACC_000328,327,1165307.01,3563.63,544,2024-07-05T06:20:00,0,GRP_00026,legit_hostel
ACC_000329,160,332643.2,2079.02,1236,2022-08-13T19:45:00,0,GRP_00026,legit_hostel
ACC_000330,299,1298479.26,4342.74,518,2024-07-31T12:30:00,0,GRP_00026,legit_hostel
ACC_000331,31,58304.8,1880.8,549,2024-06-30T20:04:00,0,GRP_00026,legit_hostel
ACC_000332,184,271228.88,1474.07,1195,2022-09-23T14:38:00,0,GRP_00026,legit_hostel
ACC_000333,365,776566.7,2127.58,1258,2022-07-22T22:08:00,0,GRP_00026,legit_hostel
ACC_000334,372,1374220.08,3694.14,607,2024-05-03T18:01:00,0,GRP_00026,legit_hostel
ACC_000335,192,118740.48,618.44,146,2025-08-07T23:26:00,0,GRP_00027,legit_hostel
ACC_000336,314,2363069.8,7525.7,79,2025-10-13T11:34:00,0,GRP_00027,legit_hostel
ACC_000337,75,996126.0,13281.68,212,2025-06-02T08:15:00,0,GRP_00027,legit_hostel
ACC_000338,86,25782.8,299.8,136,2025-08-17T01:24:00,0,GRP_00027,legit_hostel
ACC_000339,311,5167398.73,16615.43,48,2025-11-13T21:25:00,0,GRP_00027,legit_hostel
ACC_000340,78,848388.84,10876.78,57,2025-11-04T16:59:00,0,GRP_00027,legit_hostel
ACC_000341,310,4840653.1,15615.01,193,2025-06-21T22:25:00,0,GRP_00027,legit_hostel
ACC_000342,201,1330670.25,6620.25,216,2025-05-29T01:30:00,0,GRP_00027,legit_hostel
ACC_000343,397,2327229.88,5862.04,93,2025-09-29T13:55:00,0,GRP_00027,legit_hostel
ACC_000344,200,100472.0,502.36,298,2025-03-08T07:20:00,0,GRP_00028,legit_office
ACC_000345,246,112891.86,458.91,896,2023-07-19T09:57:00,0,GRP_00028,legit_office
ACC_000346,29,7265.66,250.54,833,2023-09-20T02:03:00,0,GRP_00028,legit_office
ACC_000347,183,2908913.1,15895.7,952,2023-05-24T00:02:00,0,GRP_00028,legit_office
ACC_000348,240,1550145.6,6458.94,1221,2022-08-28T01:16:00,0,GRP_00028,legit_office
ACC_000349,245,59858.4,244.32,624,2024-04-16T22:33:00,0,GRP_00028,legit_office
ACC_000350,52,11983.92,230.46,841,2023-09-12T18:47:00,0,GRP_00028,legit_office
ACC_000351,114,374680.38,3286.67,1016,2023-03-21T04:12:00,0,GRP_00028,legit_office
ACC_000352,101,83208.85,823.85,1104,2022-12-23T11:16:00,0,GRP_00028,legit_office
ACC_000353,258,1026078.9,3977.05,1125,2022-12-02T20:47:00,0,GRP_00028,legit_office
ACC_000354,135,238288.5,1765.1,604,2024-05-06T03:33:00,0,GRP_00028,legit_office
ACC_000355,231,4719048.18,20428.78,1398,2022-03-04T10:33:00,0,GRP_00028,legit_office
ACC_000356,294,248700.48,845.92,211,2025-06-03T19:11:00,0,GRP_00028,legit_office
ACC_000357,251,50448.49,200.99,830,2023-09-23T11:17:00,0,GRP_00029,legit_hostel
ACC_000358,357,160671.42,450.06,828,2023-09-25T21:37:00,0,GRP_00029,legit_hostel
ACC_000359,186,59449.32,319.62,325,2025-02-09T00:36:00,0,GRP_00029,legit_hostel
ACC_000360,11,34559.03,3141.73,698,2024-02-02T19:08:00,0,GRP_00029,legit_hostel
ACC_000361,13,13522.86,1040.22,698,2024-02-02T09:27:00,0,GRP_00029,legit_hostel
ACC_000362,176,549422.72,3121.72,1202,2022-09-16T13:53:00,0,GRP_00029,legit_hostel
ACC_000363,103,62600.31,607.77,348,2025-01-17T14:34:00,0,GRP_00029,legit_hostel
ACC_000364,370,83553.4,225.82,1212,2022-09-06T01:42:00,0,GRP_00029,legit_hostel
ACC_000365,51,1140513.51,22363.01,692,2024-02-08T20:35:00,0,GRP_00029,legit_hostel
ACC_000366,353,121477.89,344.13,982,2023-04-24T00:32:00,0,GRP_00029,legit_hostel
ACC_000367,90,33988.5,377.65,868,2023-08-16T14:20:00,0,GRP_00029,legit_hostel
ACC_000368,52,21673.6,416.8,560,2024-06-19T08:43:00,0,GRP_00029,legit_hostel
ACC_000369,113,3086424.37,27313.49,1317,2022-05-24T00:25:00,0,GRP_00029,legit_hostel
ACC_000370,62,273845.94,4416.87,469,2024-09-18T22:36:00,0,GRP_00029,legit_hostel
ACC_000371,163,693848.62,4256.74,243,2025-05-02T01:37:00,0,GRP_00029,legit_hostel
ACC_000372,135,3788864.1,28065.66,1100,2022-12-27T10:24:00,0,GRP_00029,legit_hostel
ACC_000373,63,244909.35,3887.45,43,2025-11-18T21:51:00,0,GRP_00030,legit_family
ACC_000374,320,232147.2,725.46,84,2025-10-08T10:01:00,0,GRP_00030,legit_family
ACC_000375,264,801907.92,3037.53,65,2025-10-27T19:45:00,0,GRP_00030,legit_family
ACC_000376,389,387541.25,996.25,172,2025-07-12T12:49:00,0,GRP_00030,legit_family
ACC_000377,365,302114.15,827.71,229,2025-05-16T08:45:00,0,GRP_00030,legit_family
ACC_000378,222,945551.28,4259.24,127,2025-08-26T20:42:00,0,GRP_00031,legit_family
ACC_000379,373,3924042.06,10520.22,19,2025-12-12T02:28:00,0,GRP_00031,legit_family
ACC_000380,68,835654.04,12289.03,242,2025-05-03T03:27:00,0,GRP_00031,legit_family
ACC_000381,238,2048780.16,8608.32,188,2025-06-26T22:34:00,0,GRP_00032,legit_family
ACC_000382,216,187472.88,867.93,102,2025-09-20T07:29:00,0,GRP_00032,legit_family
ACC_000383,48,826938.72,17227.89,195,2025-06-19T17:08:00,0,GRP_00032,legit_family
ACC_000384,136,1238538.4,9106.9,166,2025-07-18T06:14:00,0,GRP_00032,legit_family
ACC_000385,256,1280752.64,5002.94,96,2025-09-26T20:46:00,0,GRP_00033,legit_office
ACC_000386,360,7185063.6,19958.51,67,2025-10-25T20:08:00,0,GRP_00033,legit_office
ACC_000387,155,107769.95,695.29,99,2025-09-23T16:38:00,0,GRP_00033,legit_office
ACC_000388,98,1665278.72,16992.64,61,2025-10-31T22:34:00,0,GRP_00033,legit_office
ACC_000389,371,120968.26,326.06,41,2025-11-20T02:36:00,0,GRP_00033,legit_office
ACC_000390,271,1396631.02,5153.62,247,2025-04-28T08:50:00,0,GRP_00033,legit_office
ACC_000391,307,3102385.43,10105.49,36,2025-11-25T20:17:00,0,GRP_00033,legit_office
ACC_000392,181,787313.8,4349.8,178,2025-07-06T22:34:00,0,GRP_00033,legit_office
ACC_000393,182,435942.78,2395.29,181,2025-07-03T17:00:00,0,GRP_00033,legit_office
ACC_000394,159,701182.05,4409.95,156,2025-07-28T11:03:00,0,GRP_00033,legit_office
ACC_000395,301,128716.63,427.63,229,2025-05-16T22:12:00,0,GRP_00033,legit_office
ACC_000396,88,51833.76,589.02,6,2025-12-25T11:17:00,0,GRP_00033,legit_office
ACC_000397,391,302364.21,773.31,79,2025-10-13T21:08:00,0,GRP_00033,legit_office
ACC_000398,74,295858.66,3998.09,50,2025-11-11T23:06:00,0,GRP_00033,legit_office
ACC_000399,187,342365.21,1830.83,146,2025-08-07T08:40:00,0,GRP_00033,legit_office
ACC_000400,64,124608.0,1947.0,424,2024-11-02T16:26:00,0,GRP_00034,legit_hostel
ACC_000401,68,35311.04,519.28,537,2024-07-12T03:27:00,0,GRP_00034,legit_hostel
ACC_000402,306,160974.36,526.06,562,2024-06-17T22:56:00,0,GRP_00034,legit_hostel
ACC_000403,271,818222.17,3019.27,1017,2023-03-20T05:58:00,0,GRP_00034,legit_hostel
ACC_000404,326,124365.74,381.49,506,2024-08-12T15:00:00,0,GRP_00034,legit_hostel
ACC_000405,112,706888.0,6311.5,651,2024-03-20T16:25:00,0,GRP_00034,legit_hostel
ACC_000406,400,9061604.0,22654.01,1054,2023-02-11T19:33:00,0,GRP_00034,legit_hostel
ACC_000407,113,191802.81,1697.37,915,2023-06-30T00:56:00,0,GRP_00034,legit_hostel
ACC_000408,262,4788712.86,18277.53,988,2023-04-18T22:44:00,0,GRP_00034,legit_hostel
ACC_000409,69,22585.08,327.32,205,2025-06-09T04:36:00,0,GRP_00034,legit_hostel
ACC_000410,368,91275.04,248.03,742,2023-12-20T08:58:00,0,GRP_00034,legit_hostel
ACC_000411,136,1010028.48,7426.68,770,2023-11-22T06:56:00,0,GRP_00034,legit_hostel
ACC_000412,322,2917010.88,9059.04,959,2023-05-17T06:52:00,0,GRP_00034,legit_hostel
ACC_000413,62,52580.96,848.08,19,2025-12-12T20:46:00,0,GRP_00035,legit_family
ACC_000414,347,184399.27,531.41,236,2025-05-09T10:31:00,0,GRP_00035,legit_family
ACC_000415,62,14186.22,228.81,183,2025-07-01T07:48:00,0,GRP_00035,legit_family
ACC_000416,253,299385.02,1183.34,830,2023-09-23T16:22:00,0,GRP_00036,legit_office
ACC_000417,144,30736.8,213.45,1314,2022-05-27T15:31:00,0,GRP_00036,legit_office
ACC_000418,73,59557.78,815.86,1218,2022-08-31T19:34:00,0,GRP_00036,legit_office
ACC_000419,282,295595.22,1048.21,700,2024-01-31T18:54:00,0,GRP_00036,legit_office
ACC_000420,389,307442.26,790.34,302,2025-03-04T20:29:00,0,GRP_00036,legit_office
ACC_000421,318,3716726.76,11687.82,204,2025-06-10T15:55:00,0,GRP_00036,legit_office
ACC_000422,391,3522702.77,9009.47,480,2024-09-07T11:51:00,0,GRP_00036,legit_office
ACC_000423,238,1553071.38,6525.51,275,2025-03-31T23:53:00,0,GRP_00036,legit_office
ACC_000424,271,108763.14,401.34,454,2024-10-03T13:03:00,0,GRP_00036,legit_office
ACC_000425,62,710136.84,11453.82,331,2025-02-03T18:43:00,0,GRP_00036,legit_office
ACC_000426,342,2035413.0,5951.5,1378,2022-03-24T18:39:00,0,GRP_00036,legit_office
ACC_000427,301,159800.9,530.9,314,2025-02-20T06:41:00,0,GRP_00036,legit_office
ACC_000428,141,3456232.89,24512.29,61,2025-10-31T20:19:00,0,GRP_00037,legit_family
ACC_000429,381,1500419.91,3938.11,245,2025-04-30T06:26:00,0,GRP_00037,legit_family
ACC_000430,133,662511.57,4981.29,192,2025-06-22T07:27:00,0,GRP_00037,legit_family
ACC_000431,383,104447.93,272.71,245,2025-04-30T10:24:00,0,GRP_00038,legit_hostel
ACC_000432,201,45679.26,227.26,308,2025-02-26T19:10:00,0,GRP_00038,legit_hostel
ACC_000433,346,1396148.06,4035.11,359,2025-01-06T01:36:00,0,GRP_00038,legit_hostel
ACC_000434,194,55534.44,286.26,720,2024-01-11T21:10:00,0,GRP_00038,legit_hostel
ACC_000435,57,1224737.91,21486.63,756,2023-12-06T02:30:00,0,GRP_00038,legit_hostel
ACC_000436,15,328031.4,21868.76,623,2024-04-17T10:47:00,0,GRP_00038,legit_hostel
ACC_000437,58,178945.66,3085.27,944,2023-06-01T22:04:00,0,GRP_00038,legit_hostel
ACC_000438,378,1661056.74,4394.33,1065,2023-01-31T12:44:00,0,GRP_00038,legit_hostel
ACC_000439,193,166638.13,863.41,1075,2023-01-21T07:59:00,0,GRP_00038,legit_hostel
ACC_000440,131,36100.98,275.58,895,2023-07-20T22:46:00,0,GRP_00038,legit_hostel
ACC_000441,181,1457100.68,8050.28,855,2023-08-29T13:38:00,0,GRP_00038,legit_hostel
ACC_000442,106,35304.36,333.06,790,2023-11-02T19:39:00,0,GRP_00038,legit_hostel
ACC_000443,349,107160.45,307.05,485,2024-09-02T15:29:00,0,GRP_00038,legit_hostel
ACC_000444,400,380488.0,951.22,784,2023-11-08T10:08:00,0,GRP_00038,legit_hostel
ACC_000445,38,8089.82,212.89,212,2025-06-02T04:43:00,0,GRP_00038,legit_hostel
ACC_000446,289,508660.23,1760.07,1360,2022-04-11T02:29:00,0,GRP_00038,legit_hostel
ACC_000447,137,950011.43,6934.39,644,2024-03-27T19:40:00,0,GRP_00038,legit_hostel
ACC_000448,23,255015.26,11087.62,1108,2022-12-19T06:11:00,0,GRP_00038,legit_hostel
ACC_000449,390,110120.4,282.36,443,2024-10-14T08:32:00,0,GRP_00039,legit_hostel
ACC_000450,262,3428555.58,13086.09,1359,2022-04-12T16:23:00,0,GRP_00039,legit_hostel
ACC_000451,16,44072.48,2754.53,859,2023-08-25T18:34:00,0,GRP_00039,legit_hostel
ACC_000452,102,1922093.1,18844.05,1327,2022-05-14T09:57:00,0,GRP_00039,legit_hostel
ACC_000453,298,4851037.7,16278.65,1334,2022-05-07T05:18:00,0,GRP_00039,legit_hostel
ACC_000454,346,4056926.12,11725.22,827,2023-09-26T22:57:00,0,GRP_00039,legit_hostel
ACC_000455,372,986770.92,2652.61,727,2024-01-04T03:44:00,0,GRP_00039,legit_hostel
ACC_000456,342,241434.9,705.95,371,2024-12-25T03:31:00,0,GRP_00039,legit_hostel
ACC_000457,34,85813.96,2523.94,522,2024-07-27T15:44:00,0,GRP_00039,legit_hostel
ACC_000458,293,97111.92,331.44,1255,2022-07-25T08:54:00,0,GRP_00039,legit_hostel
ACC_000459,48,260603.52,5429.24,366,2024-12-30T14:40:00,0,GRP_00039,legit_hostel
ACC_000460,35,13697.6,391.36,676,2024-02-24T20:39:00,0,GRP_00039,legit_hostel
ACC_000461,279,722757.87,2590.53,1039,2023-02-26T11:20:00,0,GRP_00039,legit_hostel
ACC_000462,194,50954.1,262.65,488,2024-08-30T21:08:00,0,GRP_00039,legit_hostel
ACC_000463,204,356008.56,1745.14,667,2024-03-04T02:27:00,0,GRP_00040,legit_office
ACC_000464,182,2291440.06,12590.33,561,2024-06-18T10:19:00,0,GRP_00040,legit_office
ACC_000465,319,6067344.91,19019.89,780,2023-11-12T19:16:00,0,GRP_00040,legit_office
ACC_000466,223,4760929.58,21349.46,572,2024-06-07T18:20:00,0,GRP_00040,legit_office
ACC_000467,190,642308.3,3380.57,1153,2022-11-04T16:16:00,0,GRP_00040,legit_office
ACC_000468,167,306127.7,1833.1,1361,2022-04-10T05:48:00,0,GRP_00040,legit_office
ACC_000469,153,1048065.3,6850.1,1179,2022-10-09T09:31:00,0,GRP_00040,legit_office
ACC_000470,223,2975798.97,13344.39,727,2024-01-04T16:25:00,0,GRP_00040,legit_office
ACC_000471,304,105323.84,346.46,172,2025-07-12T03:23:00,0,GRP_00041,legit_office
ACC_000472,367,495057.31,1348.93,132,2025-08-21T07:43:00,0,GRP_00041,legit_office
ACC_000473,246,620854.8,2523.8,240,2025-05-05T04:24:00,0,GRP_00041,legit_office
ACC_000474,341,595065.46,1745.06,153,2025-07-31T18:18:00,0,GRP_00041,legit_office
ACC_000475,73,25156.53,344.61,178,2025-07-06T09:12:00,0,GRP_00041,legit_office
ACC_000476,32,13812.48,431.64,35,2025-11-26T20:47:00,0,GRP_00041,legit_office
ACC_000477,220,2925392.8,13297.24,248,2025-04-27T16:40:00,0,GRP_00041,legit_office
ACC_000478,325,736170.5,2265.14,65,2025-10-27T02:17:00,0,GRP_00041,legit_office
ACC_000479,308,78632.4,255.3,243,2025-05-02T10:28:00,0,GRP_00041,legit_office
ACC_000480,214,46487.22,217.23,114,2025-09-08T02:34:00,0,GRP_00041,legit_office
ACC_000481,211,452521.15,2144.65,231,2025-05-14T18:52:00,0,GRP_00041,legit_office
ACC_000482,246,112116.96,455.76,224,2025-05-21T16:21:00,0,GRP_00041,legit_office
ACC_000483,172,257449.6,1496.8,62,2025-10-30T18:12:00,0,GRP_00042,legit_office
ACC_000484,106,791614.36,7468.06,80,2025-10-12T12:55:00,0,GRP_00042,legit_office
ACC_000485,293,5745428.21,19608.97,223,2025-05-22T17:58:00,0,GRP_00042,legit_office
ACC_000486,300,3315705.0,11052.35,114,2025-09-08T12:01:00,0,GRP_00042,legit_office
ACC_000487,66,93372.84,1414.74,74,2025-10-18T10:08:00,0,GRP_00042,legit_office
ACC_000488,34,76948.8,2263.2,84,2025-10-08T06:08:00,0,GRP_00042,legit_office
ACC_000489,22,218476.94,9930.77,152,2025-08-01T16:03:00,0,GRP_00042,legit_office
ACC_000490,308,266866.6,866.45,100,2025-09-22T18:34:00,0,GRP_00042,legit_office
ACC_000491,252,2829781.08,11229.29,39,2025-11-22T07:43:00,0,GRP_00042,legit_office
ACC_000492,318,329133.18,1035.01,206,2025-06-08T17:53:00,0,GRP_00042,legit_office
ACC_000493,61,233411.62,3826.42,1203,2022-09-15T14:21:00,0,GRP_00043,legit_hostel
ACC_000494,80,21808.8,272.61,609,2024-05-01T19:34:00,0,GRP_00043,legit_hostel
ACC_000495,85,1045858.7,12304.22,873,2023-08-11T22:20:00,0,GRP_00043,legit_hostel
ACC_000496,47,27833.4,592.2,1131,2022-11-26T05:44:00,0,GRP_00043,legit_hostel
ACC_000497,303,3413801.01,11266.67,1263,2022-07-17T15:46:00,0,GRP_00043,legit_hostel
ACC_000498,387,1126150.65,2909.95,449,2024-10-08T14:44:00,0,GRP_00043,legit_hostel
ACC_000499,209,167118.49,799.61,1007,2023-03-30T18:35:00,0,GRP_00043,legit_hostel
ACC_000500,242,56310.98,232.69,1298,2022-06-12T03:15:00,0,GRP_00043,legit_hostel
ACC_000501,311,3707816.64,11922.24,971,2023-05-05T16:04:00,0,GRP_00043,legit_hostel
ACC_000502,115,194140.7,1688.18,1149,2022-11-08T19:24:00,0,GRP_00044,legit_family
ACC_000503,352,808030.08,2295.54,648,2024-03-23T09:39:00,0,GRP_00044,legit_family
ACC_000504,26,13104.78,504.03,586,2024-05-24T14:19:00,0,GRP_00044,legit_family
ACC_000505,29,9315.09,321.21,1311,2022-05-30T23:46:00,0,GRP_00044,legit_family
ACC_000506,297,339699.69,1143.77,886,2023-07-29T09:23:00,0,GRP_00044,legit_family
ACC_000507,5,118103.05,23620.61,557,2024-06-22T21:13:00,0,GRP_00044,legit_family
ACC_000508,294,3574190.34,12157.11,1259,2022-07-21T04:34:00,0,GRP_00045,legit_hostel
ACC_000509,167,1833220.79,10977.37,1081,2023-01-15T08:48:00,0,GRP_00045,legit_hostel
ACC_000510,322,7980641.2,24784.6,1060,2023-02-05T12:49:00,0,GRP_00045,legit_hostel
ACC_000511,325,226248.75,696.15,1241,2022-08-08T23:09:00,0,GRP_00045,legit_hostel
ACC_000512,375,2625780.0,7002.08,420,2024-11-06T04:30:00,0,GRP_00045,legit_hostel
ACC_000513,237,2103315.75,8874.75,1110,2022-12-17T23:55:00,0,GRP_00045,legit_hostel
ACC_000514,193,4207409.65,21800.05,1350,2022-04-21T21:17:00,0,GRP_00045,legit_hostel
ACC_000515,70,1317135.4,18816.22,1391,2022-03-11T19:45:00,0,GRP_00045,legit_hostel
ACC_000516,257,909929.06,3540.58,894,2023-07-21T03:08:00,0,GRP_00045,legit_hostel
ACC_000517,229,833979.07,3641.83,1105,2022-12-22T05:42:00,0,GRP_00045,legit_hostel
ACC_000518,208,96191.68,462.46,1267,2022-07-13T10:48:00,0,GRP_00045,legit_hostel
ACC_000519,272,7197914.24,26462.92,1223,2022-08-26T03:55:00,0,GRP_00045,legit_hostel
ACC_000520,342,245470.5,717.75,1278,2022-07-02T06:30:00,0,GRP_00045,legit_hostel
ACC_000521,63,475842.15,7553.05,1199,2022-09-19T05:33:00,0,GRP_00045,legit_hostel
ACC_000522,175,1887081.0,10783.32,657,2024-03-14T20:15:00,0,GRP_00045,legit_hostel
ACC_000523,113,636211.47,5630.19,984,2023-04-22T20:42:00,0,GRP_00046,legit_hostel
ACC_000524,86,403240.24,4688.84,790,2023-11-02T14:01:00,0,GRP_00046,legit_hostel
ACC_000525,35,760730.95,21735.17,1134,2022-11-23T13:56:00,0,GRP_00046,legit_hostel
ACC_000526,128,1396776.96,10912.32,974,2023-05-02T17:52:00,0,GRP_00046,legit_hostel
ACC_000527,205,705136.45,3439.69,698,2024-02-02T07:12:00,0,GRP_00046,legit_hostel
ACC_000528,75,29883.0,398.44,218,2025-05-27T03:23:00,0,GRP_00046,legit_hostel
ACC_000529,113,381575.01,3376.77,528,2024-07-21T05:35:00,0,GRP_00046,legit_hostel
ACC_000530,12,3267.72,272.31,357,2025-01-08T08:54:00,0,GRP_00046,legit_hostel
ACC_000531,24,41580.24,1732.51,218,2025-05-27T11:27:00,0,GRP_00046,legit_hostel
ACC_000532,159,36630.42,230.38,810,2023-10-13T12:22:00,0,GRP_00047,legit_office
ACC_000533,180,1064496.6,5913.87,965,2023-05-11T14:48:00,0,GRP_00047,legit_office
ACC_000534,244,273126.28,1119.37,1047,2023-02-18T23:51:00,0,GRP_00047,legit_office
ACC_000535,109,2535813.06,23264.34,819,2023-10-04T01:52:00,0,GRP_00047,legit_office
ACC_000536,92,93356.08,1014.74,483,2024-09-04T23:12:00,0,GRP_00047,legit_office
ACC_000537,155,522703.4,3372.28,287,2025-03-19T13:39:00,0,GRP_00047,legit_office
ACC_000538,323,234601.36,726.32,540,2024-07-09T06:29:00,0,GRP_00047,legit_office
ACC_000539,62,277231.76,4471.48,835,2023-09-18T02:32:00,0,GRP_00047,legit_office
ACC_000540,178,369638.36,2076.62,709,2024-01-22T06:08:00,0,GRP_00047,legit_office
ACC_000541,271,347153.71,1281.01,808,2023-10-15T12:43:00,0,GRP_00047,legit_office
ACC_000542,284,157614.32,554.98,533,2024-07-16T00:47:00,0,GRP_00047,legit_office
ACC_000543,177,61898.67,349.71,1326,2022-05-15T23:26:00,0,GRP_00047,legit_office
ACC_000544,37,13492.79,364.67,640,2024-03-31T00:55:00,0,GRP_00047,legit_office
ACC_000545,11,328416.44,29856.04,1216,2022-09-02T03:11:00,0,GRP_00047,legit_office
ACC_000546,42,13400.94,319.07,1128,2022-11-29T22:37:00,0,GRP_00048,legit_hostel
ACC_000547,365,105262.35,288.39,717,2024-01-14T15:42:00,0,GRP_00048,legit_hostel
ACC_000548,263,133351.52,507.04,787,2023-11-05T11:53:00,0,GRP_00048,legit_hostel
ACC_000549,215,111905.35,520.49,461,2024-09-26T20:19:00,0,GRP_00048,legit_hostel
ACC_000550,318,1340217.36,4214.52,1238,2022-08-11T00:44:00,0,GRP_00048,legit_hostel
ACC_000551,237,115537.5,487.5,1241,2022-08-08T01:40:00,0,GRP_00048,legit_hostel
ACC_000552,98,1625391.74,16585.63,410,2024-11-16T15:55:00,0,GRP_00048,legit_hostel
ACC_000553,207,118428.84,572.12,615,2024-04-25T13:31:00,0,GRP_00048,legit_hostel
ACC_000554,283,89357.25,315.75,526,2024-07-23T08:51:00,0,GRP_00048,legit_hostel
ACC_000555,19,305834.83,16096.57,1308,2022-06-02T19:35:00,0,GRP_00048,legit_hostel
ACC_000556,245,215205.55,878.39,278,2025-03-28T22:52:00,0,GRP_00048,legit_hostel
ACC_000557,201,338831.73,1685.73,449,2024-10-08T08:03:00,0,GRP_00048,legit_hostel
ACC_000558,32,781823.68,24431.99,578,2024-06-01T10:52:00,0,GRP_00048,legit_hostel
ACC_000559,109,2474514.73,22701.97,872,2023-08-12T00:29:00,0,GRP_00048,legit_hostel
ACC_000560,182,1308656.44,7190.42,499,2024-08-19T06:49:00,0,GRP_00048,legit_hostel
ACC_000561,140,39552.8,282.52,844,2023-09-09T10:56:00,0,GRP_00048,legit_hostel
ACC_000562,119,465306.66,3910.14,1097,2022-12-30T08:48:00,0,GRP_00048,legit_hostel
ACC_000563,262,7441407.84,28402.32,1195,2022-09-23T02:57:00,0,GRP_00048,legit_hostel
ACC_000564,165,3793937.4,22993.56,318,2025-02-16T08:52:00,0,GRP_00048,legit_hostel
ACC_000565,202,68714.34,340.17,366,2024-12-30T07:31:00,0,GRP_00048,legit_hostel
ACC_000566,271,1548409.99,5713.69,20,2025-12-11T06:19:00,0,GRP_00049,legit_hostel
ACC_000567,371,1151031.21,3102.51,101,2025-09-21T04:06:00,0,GRP_00049,legit_hostel
ACC_000568,302,571776.6,1893.3,166,2025-07-18T02:50:00,0,GRP_00049,legit_hostel
ACC_000569,195,2473381.95,12684.01,82,2025-10-10T05:37:00,0,GRP_00049,legit_hostel
ACC_000570,212,2994315.56,14124.13,206,2025-06-08T14:22:00,0,GRP_00049,legit_hostel
ACC_000571,107,92915.59,868.37,213,2025-06-01T09:35:00,0,GRP_00049,legit_hostel
ACC_000572,266,6318893.84,23755.24,135,2025-08-18T00:50:00,0,GRP_00049,legit_hostel
ACC_000573,100,144823.0,1448.23,98,2025-09-24T21:59:00,0,GRP_00049,legit_hostel
ACC_000574,140,1542413.6,11017.24,15,2025-12-16T04:36:00,0,GRP_00049,legit_hostel
ACC_000575,109,2769139.55,25404.95,207,2025-06-07T13:22:00,0,GRP_00049,legit_hostel
ACC_000576,137,931053.37,6796.01,225,2025-05-20T13:26:00,0,GRP_00049,legit_hostel
ACC_000577,150,67401.0,449.34,113,2025-09-09T22:51:00,0,GRP_00049,legit_hostel
ACC_000578,37,139546.61,3771.53,132,2025-08-21T01:33:00,0,GRP_00049,legit_hostel
ACC_000579,289,104808.74,362.66,190,2025-06-24T19:38:00,0,GRP_00049,legit_hostel
ACC_000580,179,1866930.62,10429.78,176,2025-07-08T15:44:00,0,GRP_00049,legit_hostel
ACC_000581,381,311978.04,818.84,38,2025-11-23T16:17:00,0,GRP_00049,legit_hostel
ACC_000582,257,2770115.62,10778.66,1342,2022-04-29T06:36:00,0,GRP_00050,legit_hostel
ACC_000583,294,416012.94,1415.01,915,2023-06-30T02:58:00,0,GRP_00050,legit_hostel
ACC_000584,314,889310.8,2832.2,1265,2022-07-15T22:20:00,0,GRP_00050,legit_hostel
ACC_000585,253,59842.09,236.53,685,2024-02-15T13:47:00,0,GRP_00050,legit_hostel
ACC_000586,24,32709.84,1362.91,662,2024-03-09T19:21:00,0,GRP_00050,legit_hostel
ACC_000587,174,374931.72,2154.78,707,2024-01-24T11:22:00,0,GRP_00050,legit_hostel
ACC_000588,61,43824.84,718.44,1396,2022-03-06T17:29:00,0,GRP_00050,legit_hostel
ACC_000589,207,48415.23,233.89,934,2023-06-11T03:42:00,0,GRP_00050,legit_hostel
ACC_000590,61,387927.67,6359.47,383,2024-12-13T14:51:00,0,GRP_00050,legit_hostel
ACC_000591,206,364492.28,1769.38,249,2025-04-26T08:59:00,0,GRP_00050,legit_hostel
ACC_000592,141,226361.4,1605.4,823,2023-09-30T18:18:00,0,GRP_00050,legit_hostel
ACC_000593,13,9098.44,699.88,1167,2022-10-21T23:01:00,0,GRP_00050,legit_hostel
ACC_000594,54,159878.88,2960.72,775,2023-11-17T14:37:00,0,GRP_00050,legit_hostel
ACC_000595,204,366308.52,1795.63,872,2023-08-12T11:22:00,0,GRP_00050,legit_hostel
ACC_000596,36,77404.32,2150.12,1158,2022-10-30T12:07:00,0,GRP_00050,legit_hostel
ACC_000597,343,1259948.76,3673.32,820,2023-10-03T00:48:00,0,GRP_00050,legit_hostel
ACC_000598,305,62964.2,206.44,1291,2022-06-19T07:42:00,0,GRP_00050,legit_hostel
ACC_000599,91,44061.29,484.19,216,2025-05-29T09:19:00,0,GRP_00051,legit_family
ACC_000600,229,745088.14,3253.66,799,2023-10-24T23:32:00,0,GRP_00051,legit_family
ACC_000601,350,252175.0,720.5,383,2024-12-13T06:37:00,0,GRP_00051,legit_family
ACC_000602,287,7642124.07,26627.61,1189,2022-09-29T05:18:00,0,GRP_00051,legit_family
ACC_000603,113,1568471.64,13880.28,117,2025-09-05T13:44:00,0,GRP_00052,legit_hostel
ACC_000604,139,39608.05,284.95,215,2025-05-30T11:11:00,0,GRP_00052,legit_hostel
ACC_000605,116,27028.0,233.0,81,2025-10-11T01:19:00,0,GRP_00052,legit_hostel
ACC_000606,64,131661.44,2057.21,10,2025-12-21T07:30:00,0,GRP_00052,legit_hostel
ACC_000607,65,1565649.15,24086.91,245,2025-04-30T16:35:00,0,GRP_00052,legit_hostel
ACC_000608,78,63135.54,809.43,53,2025-11-08T12:12:00,0,GRP_00052,legit_hostel
ACC_000609,186,4547634.9,24449.65,153,2025-07-31T10:13:00,0,GRP_00052,legit_hostel
ACC_000610,215,3674038.25,17088.55,201,2025-06-13T23:15:00,0,GRP_00052,legit_hostel
ACC_000611,123,3640610.58,29598.46,448,2024-10-09T05:04:00,0,GRP_00053,legit_office
ACC_000612,277,320472.38,1156.94,734,2023-12-28T23:23:00,0,GRP_00053,legit_office
ACC_000613,329,69951.98,212.62,409,2024-11-17T23:29:00,0,GRP_00053,legit_office
ACC_000614,191,71686.12,375.32,907,2023-07-08T02:13:00,0,GRP_00053,legit_office
ACC_000615,104,333089.12,3202.78,1397,2022-03-05T18:45:00,0,GRP_00053,legit_office
ACC_000616,287,322143.15,1122.45,840,2023-09-13T05:11:00,0,GRP_00053,legit_office
ACC_000617,377,105808.82,280.66,1090,2023-01-06T01:20:00,0,GRP_00054,legit_family
ACC_000618,45,96790.5,2150.9,476,2024-09-11T22:45:00,0,GRP_00054,legit_family
ACC_000619,261,3516685.29,13473.89,1305,2022-06-05T23:03:00,0,GRP_00054,legit_family
ACC_000620,225,58380.75,259.47,745,2023-12-17T08:16:00,0,GRP_00055,legit_office
ACC_000621,77,1347850.35,17504.55,1253,2022-07-27T06:46:00,0,GRP_00055,legit_office
ACC_000622,400,2558440.0,6396.1,1074,2023-01-22T05:28:00,0,GRP_00055,legit_office
ACC_000623,32,755536.96,23610.53,824,2023-09-29T01:21:00,0,GRP_00055,legit_office
ACC_000624,280,269920.0,964.0,732,2023-12-30T02:02:00,0,GRP_00055,legit_office
ACC_000625,264,603335.04,2285.36,1199,2022-09-19T00:16:00,0,GRP_00055,legit_office
ACC_000626,368,6990991.68,18997.26,1104,2022-12-23T19:10:00,0,,background
ACC_000627,361,206881.88,573.08,317,2025-02-17T13:36:00,0,,background
ACC_000628,81,129650.22,1600.62,1097,2022-12-30T14:35:00,0,,background
ACC_000629,109,747823.93,6860.77,1348,2022-04-23T08:31:00,0,,background
ACC_000630,294,5461567.44,18576.76,362,2025-01-03T20:27:00,0,,background
ACC_000631,415,2146297.0,5171.8,68,2025-10-24T17:54:00,0,,background
ACC_000632,101,920357.45,9112.45,1440,2022-01-21T03:42:00,0,,background
ACC_000633,110,31073.9,282.49,797,2023-10-26T09:50:00,0,,background
ACC_000634,404,7752630.72,19189.68,1172,2022-10-16T15:37:00,0,,background
ACC_000635,349,182080.28,521.72,500,2024-08-18T20:02:00,0,,background
ACC_000636,452,97541.6,215.8,470,2024-09-17T16:26:00,0,,background
ACC_000637,392,13599793.2,34693.35,361,2025-01-04T10:35:00,0,,background
ACC_000638,477,159661.44,334.72,349,2025-01-16T09:27:00,0,,background
ACC_000639,95,21543.15,226.77,723,2024-01-08T22:20:00,0,,background
ACC_000640,136,578738.48,4255.43,185,2025-06-29T21:34:00,0,,background
ACC_000641,119,80398.78,675.62,1268,2022-07-12T15:34:00,0,,background
ACC_000642,28,6224.96,222.32,782,2023-11-10T22:18:00,0,,background
ACC_000643,390,1429611.3,3665.67,1376,2022-03-26T13:57:00,0,,background
ACC_000644,331,3124302.38,9438.98,768,2023-11-24T23:28:00,0,,background
ACC_000645,43,498216.49,11586.43,476,2024-09-11T08:28:00,0,,background
ACC_000646,100,25389.0,253.89,787,2023-11-05T06:15:00,0,,background
ACC_000647,96,269943.36,2811.91,256,2025-04-19T03:02:00,0,,background
ACC_000648,202,2646008.1,13099.05,1242,2022-08-07T02:13:00,0,,background
ACC_000649,228,59854.56,262.52,1089,2023-01-07T13:30:00,0,,background
ACC_000650,145,50323.7,347.06,246,2025-04-29T09:50:00,0,,background
ACC_000651,466,47280.36,101.46,886,2023-07-29T07:25:00,0,,background
ACC_000652,107,248035.63,2318.09,821,2023-10-02T11:10:00,0,,background
ACC_000653,281,90215.05,321.05,325,2025-02-09T07:05:00,0,,background
ACC_000654,219,1678674.42,7665.18,209,2025-06-05T00:11:00,0,,background
ACC_000655,194,6187851.16,31896.14,1148,2022-11-09T16:49:00,0,,background
ACC_000656,413,144260.9,349.3,418,2024-11-08T16:18:00,0,,background
ACC_000657,490,2394336.0,4886.4,793,2023-10-30T03:08:00,0,,background
ACC_000658,3,1067.4,355.8,394,2024-12-02T07:20:00,0,,background
ACC_000659,232,25842.48,111.39,991,2023-04-15T01:19:00,0,,background
ACC_000660,60,564878.4,9414.64,102,2025-09-20T20:30:00,0,,background
ACC_000661,217,292257.77,1346.81,558,2024-06-21T15:22:00,0,,background
ACC_000662,309,8985757.08,29080.12,834,2023-09-19T08:43:00,0,,background
ACC_000663,206,505954.54,2456.09,675,2024-02-25T16:55:00,0,,background
ACC_000664,155,39821.05,256.91,930,2023-06-15T16:11:00,0,,background
ACC_000665,157,232402.39,1480.27,295,2025-03-11T08:04:00,0,,background
ACC_000666,150,50586.0,337.24,679,2024-02-21T01:09:00,0,,background
ACC_000667,163,3139587.01,19261.27,1142,2022-11-15T19:40:00,0,,background
ACC_000668,187,1173851.36,6277.28,520,2024-07-29T22:55:00,0,,background
ACC_000669,344,265757.2,772.55,260,2025-04-15T18:44:00,0,,background
ACC_000670,49,115775.24,2362.76,1277,2022-07-03T23:10:00,0,,background
ACC_000671,21,115943.73,5521.13,1174,2022-10-14T11:21:00,0,,background
ACC_000672,259,2820605.83,10890.37,1030,2023-03-07T08:02:00,0,,background
ACC_000673,341,55119.24,161.64,1203,2022-09-15T20:40:00,0,,background
ACC_000674,130,14877.2,114.44,1175,2022-10-13T16:27:00,0,,background
ACC_000675,101,20050.52,198.52,1128,2022-11-29T11:13:00,0,,background
ACC_000676,313,333695.56,1066.12,779,2023-11-13T10:46:00,0,,background
ACC_000677,193,316195.76,1638.32,58,2025-11-03T10:03:00,0,,background
ACC_000678,369,83582.19,226.51,908,2023-07-07T10:25:00,0,,background
ACC_000679,74,86911.52,1174.48,431,2024-10-26T20:00:00,0,,background
ACC_000680,61,85992.31,1409.71,1167,2022-10-21T18:59:00,0,,background
ACC_000681,277,53253.25,192.25,718,2024-01-13T13:08:00,0,,background
ACC_000682,197,4782669.47,24277.51,1361,2022-04-10T13:22:00,0,,background
ACC_000683,365,1322227.1,3622.54,906,2023-07-09T03:15:00,0,,background
ACC_000684,254,260510.02,1025.63,839,2023-09-14T08:13:00,0,,background
ACC_000685,178,371041.0,2084.5,1382,2022-03-20T17:35:00,0,,background
ACC_000686,80,52559.2,656.99,728,2024-01-03T14:13:00,0,,background
ACC_000687,82,1370359.4,16711.7,582,2024-05-28T14:04:00,0,,background
ACC_000688,378,1184992.2,3134.9,576,2024-06-03T19:50:00,0,,background
ACC_000689,114,221132.64,1939.76,1317,2022-05-24T06:15:00,0,,background
ACC_000690,252,5909883.84,23451.92,1142,2022-11-15T07:42:00,0,,background
ACC_000691,410,6212369.2,15152.12,270,2025-04-05T23:41:00,0,,background
ACC_000692,449,5850672.05,13030.45,754,2023-12-08T12:36:00,0,,background
ACC_000693,134,51778.94,386.41,576,2024-06-03T01:09:00,0,,background
ACC_000694,55,13765.95,250.29,981,2023-04-25T05:59:00,0,,background
ACC_000695,388,2423839.88,6247.01,106,2025-09-16T20:34:00,0,,background
ACC_000696,344,570155.92,1657.43,1080,2023-01-16T09:20:00,0,,background
ACC_000697,166,998089.94,6012.59,1122,2022-12-05T16:54:00,0,,background
ACC_000698,297,2831093.1,9532.3,363,2025-01-02T16:13:00,0,,background
ACC_000699,95,55737.45,586.71,251,2025-04-24T00:04:00,0,,background
ACC_000700,351,193190.4,550.4,953,2023-05-23T09:55:00,0,,background
ACC_000701,364,689088.4,1893.1,408,2024-11-18T00:51:00,0,,background
ACC_000702,150,77247.0,514.98,1415,2022-02-15T17:02:00,0,,background
ACC_000703,235,1280590.2,5449.32,1170,2022-10-18T11:49:00,0,,background
ACC_000704,168,1473487.68,8770.76,1434,2022-01-27T11:56:00,0,,background
ACC_000705,16,27064.16,1691.51,816,2023-10-07T16:03:00,0,,background
ACC_000706,64,489272.32,7644.88,1410,2022-02-20T16:07:00,0,,background
ACC_000707,480,1021953.6,2129.07,50,2025-11-11T10:21:00,0,,background
ACC_000708,229,1639722.44,7160.36,456,2024-10-01T07:27:00,0,,background
ACC_000709,74,28484.82,384.93,33,2025-11-28T23:05:00,0,,background
ACC_000710,23,192416.16,8365.92,1026,2023-03-11T12:21:00,0,,background
ACC_000711,177,1284602.28,7257.64,781,2023-11-11T10:21:00,0,,background
ACC_000712,492,243048.0,494.0,453,2024-10-04T15:10:00,0,,background
ACC_000713,193,539792.05,2796.85,478,2024-09-09T18:21:00,0,,background
ACC_000714,500,8405090.0,16810.18,976,2023-04-30T10:30:00,0,,background
ACC_000715,245,109255.3,445.94,295,2025-03-11T23:37:00,0,,background
ACC_000716,382,3141426.66,8223.63,786,2023-11-06T22:30:00,0,,background
ACC_000717,393,11930843.34,30358.38,932,2023-06-13T07:29:00,0,,background
ACC_000718,15,269218.35,17947.89,383,2024-12-13T05:39:00,0,,background
ACC_000719,4,4434.44,1108.61,366,2024-12-30T16:34:00,0,,background
ACC_000720,462,1756436.22,3801.81,551,2024-06-28T18:12:00,0,,background
ACC_000721,467,17781249.16,38075.48,901,2023-07-14T04:36:00,0,,background
ACC_000722,67,201921.92,3013.76,404,2024-11-22T04:59:00,0,,background
ACC_000723,323,64344.83,199.21,587,2024-05-23T20:44:00,0,,background
ACC_000724,462,60651.36,131.28,829,2023-09-24T14:47:00,0,,background
ACC_000725,476,5420668.96,11387.96,304,2025-03-02T11:13:00,0,,background
ACC_000726,149,188578.87,1265.63,866,2023-08-18T13:34:00,0,,background
ACC_000727,409,179448.75,438.75,233,2025-05-12T22:44:00,0,,background
ACC_000728,324,260139.6,802.9,239,2025-05-06T04:12:00,0,,background
ACC_000729,464,4337583.36,9348.24,378,2024-12-18T21:59:00,0,,background
ACC_000730,74,120180.44,1624.06,451,2024-10-06T04:50:00,0,,background
ACC_000731,301,5475885.31,18192.31,73,2025-10-19T10:11:00,0,,background
ACC_000732,13,106234.05,8171.85,1444,2022-01-17T05:27:00,0,,background
ACC_000733,179,6127683.73,34232.87,483,2024-09-04T14:14:00,0,,background
ACC_000734,6,123052.74,20508.79,1213,2022-09-05T07:10:00,0,,background
ACC_000735,222,102024.54,459.57,1356,2022-04-15T11:04:00,0,,background
ACC_000736,406,2105901.7,5186.95,1207,2022-09-11T05:57:00,0,,background
ACC_000737,330,37323.0,113.1,1252,2022-07-28T16:13:00,0,,background
ACC_000738,159,6029985.96,37924.44,177,2025-07-07T21:18:00,0,,background
ACC_000739,214,102227.8,477.7,577,2024-06-02T15:48:00,0,,background
ACC_000740,184,987767.2,5368.3,1127,2022-11-30T11:05:00,0,,background
ACC_000741,366,5929661.16,16201.26,877,2023-08-07T02:36:00,0,,background
ACC_000742,134,35046.36,261.54,38,2025-11-23T23:07:00,0,,background
ACC_000743,46,739589.38,16078.03,864,2023-08-20T02:24:00,0,,background
ACC_000744,254,27332.94,107.61,1213,2022-09-05T08:29:00,0,,background
ACC_000745,415,586270.5,1412.7,1249,2022-07-31T23:51:00,0,,background
ACC_000746,239,404266.11,1691.49,594,2024-05-16T20:06:00,0,,background
ACC_000747,103,96881.8,940.6,377,2024-12-19T22:27:00,0,,background
ACC_000748,24,80541.36,3355.89,485,2024-09-02T16:00:00,0,,background
ACC_000749,472,11334872.32,24014.56,465,2024-09-22T01:59:00,0,,background
ACC_000750,381,270254.73,709.33,539,2024-07-10T03:14:00,0,,background
ACC_000751,78,250820.7,3215.65,473,2024-09-14T04:51:00,0,,background
ACC_000752,37,710250.89,19195.97,702,2024-01-29T02:25:00,0,,background
ACC_000753,65,667258.15,10265.51,90,2025-10-02T14:20:00,0,,background
ACC_000754,189,24123.96,127.64,434,2024-10-23T15:44:00,0,,background
ACC_000755,406,11527208.84,28392.14,492,2024-08-26T17:26:00,0,,background
ACC_000756,80,10579.2,132.24,255,2025-04-20T09:46:00,0,,background
ACC_000757,410,1395623.6,3403.96,1321,2022-05-20T18:04:00,0,,background
ACC_000758,1,3141.27,3141.27,1023,2023-03-14T11:09:00,0,,background
ACC_000759,370,4115628.4,11123.32,1371,2022-03-31T16:43:00,0,,background
ACC_000760,142,34557.12,243.36,856,2023-08-28T17:29:00,0,,background
ACC_000761,481,140889.71,292.91,191,2025-06-23T05:30:00,0,,background
ACC_000762,238,2155780.2,9057.9,1360,2022-04-11T16:03:00,0,,background
ACC_000763,136,33309.12,244.92,703,2024-01-28T10:37:00,0,,background
ACC_000764,122,203181.24,1665.42,1036,2023-03-01T23:27:00,0,,background
ACC_000765,414,3317361.3,8012.95,590,2024-05-20T09:05:00,0,,background
ACC_000766,202,999821.22,4949.61,757,2023-12-05T18:51:00,0,,background
ACC_000767,177,62514.63,353.19,749,2023-12-13T00:27:00,0,,background
ACC_000768,368,227390.88,617.91,448,2024-10-09T23:54:00,0,,background
ACC_000769,269,8934765.06,33214.74,845,2023-09-08T12:23:00,0,,background
ACC_000770,332,488209.32,1470.51,1109,2022-12-18T18:39:00,0,,background
ACC_000771,223,29105.96,130.52,59,2025-11-02T06:02:00,0,,background
ACC_000772,33,12299.43,372.71,222,2025-05-23T12:36:00,0,,background
ACC_000773,3,2334.3,778.1,1268,2022-07-12T15:52:00,0,,background
ACC_000774,20,797556.4,39877.82,867,2023-08-17T22:10:00,0,,background
ACC_000775,288,176610.24,613.23,1462,2021-12-30T23:11:00,0,,background
ACC_000776,257,30102.41,117.13,919,2023-06-26T18:19:00,0,,background
ACC_000777,374,808210.26,2160.99,991,2023-04-15T01:16:00,0,,background
ACC_000778,448,73928.96,165.02,1352,2022-04-19T06:45:00,0,,background
ACC_000779,88,45459.04,516.58,1001,2023-04-05T09:22:00,0,,background
ACC_000780,479,18305267.61,38215.59,514,2024-08-04T13:58:00,0,,background
ACC_000781,466,3176125.52,6815.72,806,2023-10-17T02:49:00,0,,background
ACC_000782,308,41724.76,135.47,376,2024-12-20T00:05:00,0,,background
ACC_000783,266,391192.9,1470.65,521,2024-07-28T23:16:00,0,,background
ACC_000784,89,24888.85,279.65,1030,2023-03-07T08:47:00,0,,background
ACC_000785,90,18800.1,208.89,249,2025-04-26T04:54:00,0,,background
ACC_000786,10,33696.1,3369.61,1018,2023-03-19T18:04:00,0,,background
ACC_000787,323,668267.62,2068.94,889,2023-07-26T06:54:00,0,,background
ACC_000788,217,1859700.85,8570.05,483,2024-09-04T20:45:00,0,,background
ACC_000789,96,2014213.44,20981.39,96,2025-09-26T22:50:00,0,,background
ACC_000790,67,29373.47,438.41,1066,2023-01-30T11:00:00,0,,background
ACC_000791,32,806920.0,25216.25,1242,2022-08-07T17:42:00,0,,background
ACC_000792,321,715072.44,2227.64,1103,2022-12-24T00:02:00,0,,background
ACC_000793,343,161731.36,471.52,649,2024-03-22T03:40:00,0,,background
ACC_000794,316,5017327.92,15877.62,991,2023-04-15T11:30:00,0,,background
ACC_000795,56,6928.32,123.72,640,2024-03-31T03:16:00,0,,background
ACC_000796,21,59992.38,2856.78,557,2024-06-22T02:27:00,0,,background
ACC_000797,54,407470.5,7545.75,511,2024-08-07T01:16:00,0,,background
ACC_000798,376,201235.2,535.2,340,2025-01-25T06:21:00,0,,background
ACC_000799,370,6532202.0,17654.6,1455,2022-01-06T15:24:00,0,,background
ACC_000800,148,62444.16,421.92,1010,2023-03-27T15:22:00,0,,background
ACC_000801,28,429102.8,15325.1,287,2025-03-19T17:13:00,0,,background
ACC_000802,160,25616.0,160.1,1302,2022-06-08T10:18:00,0,,background
ACC_000803,405,105583.5,260.7,252,2025-04-23T18:13:00,0,,background
ACC_000804,72,70579.44,980.27,903,2023-07-12T04:52:00,0,,background
ACC_000805,399,6656967.87,16684.13,273,2025-04-02T15:20:00,0,,background
ACC_000806,232,55169.6,237.8,561,2024-06-18T03:16:00,0,,background
ACC_000807,71,1346483.76,18964.56,998,2023-04-08T12:43:00,0,,background
ACC_000808,467,184964.69,396.07,1499,2021-11-23T02:08:00,0,,background
ACC_000809,260,391224.6,1504.71,1489,2021-12-03T02:42:00,0,,background
ACC_000810,336,278083.68,827.63,1347,2022-04-24T13:46:00,0,,background
ACC_000811,49,9944.06,202.94,376,2024-12-20T01:08:00,0,,background
ACC_000812,186,5329218.06,28651.71,167,2025-07-17T19:46:00,0,,background
ACC_000813,317,437748.47,1380.91,1362,2022-04-09T10:36:00,0,,background
ACC_000814,323,2020626.63,6255.81,1387,2022-03-15T12:38:00,0,,background
ACC_000815,32,100468.8,3139.65,439,2024-10-18T07:07:00,0,,background
ACC_000816,303,612263.01,2020.67,58,2025-11-03T01:33:00,0,,background
ACC_000817,473,1902098.55,4021.35,983,2023-04-23T04:19:00,0,,background
ACC_000818,394,8571103.58,21754.07,141,2025-08-12T19:13:00,0,,background
ACC_000819,104,686571.6,6601.65,89,2025-10-03T15:23:00,0,,background
ACC_000820,457,1110354.62,2429.66,1408,2022-02-22T06:04:00,0,,background
ACC_000821,342,1632444.66,4773.23,759,2023-12-03T01:12:00,0,,background
ACC_000822,29,109716.57,3783.33,194,2025-06-20T11:36:00,0,,background
ACC_000823,65,87080.5,1339.7,992,2023-04-14T13:03:00,0,,background
ACC_000824,461,1947038.11,4223.51,573,2024-06-06T19:29:00,0,,background
ACC_000825,105,149756.25,1426.25,818,2023-10-05T07:59:00,0,,background
ACC_000826,49,458726.73,9361.77,1352,2022-04-19T08:45:00,0,,background
ACC_000827,226,7503724.32,33202.32,379,2024-12-17T17:23:00,0,,background
ACC_000828,263,8271476.24,31450.48,981,2023-04-25T23:51:00,0,,background
ACC_000829,287,3921800.47,13664.81,1248,2022-08-01T13:25:00,0,,background
ACC_000830,330,1214301.0,3679.7,653,2024-03-18T21:39:00,0,,background
ACC_000831,500,4454275.0,8908.55,1457,2022-01-04T16:28:00,0,,background
ACC_000832,380,110428.0,290.6,689,2024-02-11T17:00:00,0,,background
ACC_000833,13,22928.62,1763.74,705,2024-01-26T11:10:00,0,,background
ACC_000834,45,21024.9,467.22,1330,2022-05-11T09:39:00,0,,background
ACC_000835,1,102.12,102.12,965,2023-05-11T12:52:00,0,,background
ACC_000836,198,6488949.06,32772.47,1307,2022-06-03T18:34:00,0,,background
ACC_000837,176,3113855.36,17692.36,1192,2022-09-26T09:31:00,0,,background
ACC_000838,467,1013889.69,2171.07,1077,2023-01-19T00:22:00,0,,background
ACC_000839,184,84360.32,458.48,385,2024-12-11T23:29:00,0,,background
ACC_000840,16,101691.2,6355.7,616,2024-04-24T10:58:00,0,,background
ACC_000841,442,598136.5,1353.25,1301,2022-06-09T14:08:00,0,,background
ACC_000842,131,1613001.69,12312.99,936,2023-06-09T15:33:00,0,,background
ACC_000843,457,18227298.76,39884.68,442,2024-10-15T18:56:00,0,,background
ACC_000844,388,314171.36,809.72,511,2024-08-07T16:14:00,0,,background
ACC_000845,441,190719.27,432.47,1171,2022-10-17T00:21:00,0,,background
ACC_000846,410,203483.0,496.3,292,2025-03-14T04:22:00,0,,background
ACC_000847,72,12595.68,174.94,194,2025-06-20T08:35:00,0,,background
ACC_000848,314,332858.84,1060.06,1155,2022-11-02T22:36:00,0,,background
ACC_000849,207,22977.0,111.0,454,2024-10-03T03:28:00,0,,background
ACC_000850,315,62514.9,198.46,1155,2022-11-02T05:57:00,0,,background
ACC_000851,373,189965.17,509.29,814,2023-10-09T19:43:00,0,,background
ACC_000852,251,65410.6,260.6,1497,2021-11-25T15:01:00,0,,background
ACC_000853,157,1261890.64,8037.52,802,2023-10-21T12:21:00,0,,background
ACC_000854,459,86415.93,188.27,1306,2022-06-04T08:35:00,0,,background
ACC_000855,332,5949858.32,17921.26,1280,2022-06-30T00:47:00,0,,background
ACC_000856,443,166630.02,376.14,341,2025-01-24T23:16:00,0,,background
ACC_000857,119,22808.73,191.67,1495,2021-11-27T08:45:00,0,,background
ACC_000858,420,44620.8,106.24,1127,2022-11-30T03:51:00,0,,background
ACC_000859,162,1176309.54,7261.17,187,2025-06-27T17:51:00,0,,background
ACC_000860,231,107484.3,465.3,38,2025-11-23T19:17:00,0,,background
ACC_000861,431,912478.72,2117.12,429,2024-10-28T07:22:00,0,,background
ACC_000862,178,34742.04,195.18,53,2025-11-08T03:56:00,0,,background
ACC_000863,126,4614978.06,36626.81,556,2024-06-23T09:54:00,0,,background
ACC_000864,458,97077.68,211.96,1495,2021-11-27T01:22:00,0,,background
ACC_000865,483,569906.19,1179.93,734,2023-12-28T05:26:00,0,,background
ACC_000866,156,2565474.6,16445.35,65,2025-10-27T14:19:00,0,,background
ACC_000867,154,66792.88,433.72,756,2023-12-06T03:50:00,0,,background
ACC_000868,114,56439.12,495.08,352,2025-01-13T03:17:00,0,,background
ACC_000869,12,152386.2,12698.85,1289,2022-06-21T21:04:00,0,,background
ACC_000870,277,142472.18,514.34,163,2025-07-21T19:24:00,0,,background
ACC_000871,128,13022.72,101.74,1163,2022-10-25T20:49:00,0,,background
ACC_000872,425,551883.75,1298.55,686,2024-02-14T08:20:00,0,,background
ACC_000873,86,9270.8,107.8,57,2025-11-04T07:40:00,0,,background
ACC_000874,318,7409027.94,23298.83,1020,2023-03-17T04:58:00,0,,background
ACC_000875,254,1188145.96,4677.74,699,2024-02-01T03:42:00,0,,background
ACC_000876,306,1006372.8,3288.8,1164,2022-10-24T09:06:00,0,,background
ACC_000877,57,19073.34,334.62,939,2023-06-06T17:36:00,0,,background
ACC_000878,234,1550664.18,6626.77,1188,2022-09-30T04:09:00,0,,background
ACC_000879,314,1816298.46,5784.39,707,2024-01-24T18:30:00,0,,background
ACC_000880,171,24565.86,143.66,41,2025-11-20T16:29:00,0,,background
ACC_000881,438,8580047.7,19589.15,222,2025-05-23T15:00:00,0,,background
ACC_000882,265,852931.65,3218.61,705,2024-01-26T01:22:00,0,,background
ACC_000883,182,2099508.32,11535.76,614,2024-04-26T12:54:00,0,,background
ACC_000884,16,7731.04,483.19,1198,2022-09-20T22:32:00,0,,background
ACC_000885,85,17660.45,207.77,635,2024-04-05T08:45:00,0,,background
ACC_000886,239,1607731.49,6726.91,1295,2022-06-15T06:37:00,0,,background
ACC_000887,201,2338442.04,11634.04,306,2025-02-28T23:28:00,0,,background
ACC_000888,436,440521.32,1010.37,596,2024-05-14T20:00:00,0,,background
ACC_000889,393,45293.25,115.25,1142,2022-11-15T20:43:00,0,,background
ACC_000890,80,1077050.4,13463.13,212,2025-06-02T11:01:00,0,,background
ACC_000891,296,101755.92,343.77,502,2024-08-16T18:57:00,0,,background
ACC_000892,228,173827.2,762.4,1135,2022-11-22T19:41:00,0,,background
ACC_000893,51,219920.16,4312.16,896,2023-07-19T19:41:00,0,,background
ACC_000894,333,60609.33,182.01,1174,2022-10-14T00:38:00,0,,background
ACC_000895,269,41407.17,153.93,788,2023-11-04T08:19:00,0,,background
ACC_000896,44,5132.6,116.65,1293,2022-06-17T20:46:00,0,,background
ACC_000897,235,5704528.65,24274.59,1320,2022-05-21T14:33:00,0,,background
ACC_000898,366,236439.66,646.01,1463,2021-12-29T23:22:00,0,,background
ACC_000899,164,858851.6,5236.9,209,2025-06-05T16:41:00,0,,background
ACC_000900,179,6712781.03,37501.57,899,2023-07-16T09:04:00,0,,background
ACC_000901,56,309128.4,5520.15,198,2025-06-16T03:02:00,0,,background
ACC_000902,103,239422.47,2324.49,366,2024-12-30T14:53:00,0,,background
ACC_000903,491,1113131.37,2267.07,471,2024-09-16T18:40:00,0,,background
ACC_000904,311,297524.37,956.67,980,2023-04-26T16:48:00,0,,background
ACC_000905,89,323632.48,3636.32,664,2024-03-07T20:49:00,0,,background
ACC_000906,242,7562197.5,31248.75,1302,2022-06-08T08:31:00,0,,background
ACC_000907,97,1089706.73,11234.09,469,2024-09-18T23:27:00,0,,background
ACC_000908,222,281977.74,1270.17,937,2023-06-08T03:35:00,0,,background
ACC_000909,73,53500.97,732.89,1152,2022-11-05T16:44:00,0,,background
ACC_000910,310,6171117.3,19906.83,1472,2021-12-20T14:44:00,0,,background
ACC_000911,286,64518.74,225.59,390,2024-12-06T01:01:00,0,,background
ACC_000912,317,5149097.57,16243.21,1109,2022-12-18T15:05:00,0,,background
ACC_000913,222,102348.66,461.03,154,2025-07-30T03:56:00,0,,background
ACC_000914,143,1040989.95,7279.65,829,2023-09-24T12:21:00,0,,background
ACC_000915,125,1565828.75,12526.63,638,2024-04-02T13:33:00,0,,background
ACC_000916,108,188190.0,1742.5,1440,2022-01-21T12:19:00,0,,background
ACC_000917,215,68041.05,316.47,1167,2022-10-21T16:25:00,0,,background
ACC_000918,226,3566521.82,15781.07,1393,2022-03-09T18:07:00,0,,background
ACC_000919,337,304725.51,904.23,1281,2022-06-29T21:56:00,0,,background
ACC_000920,27,18441.27,683.01,634,2024-04-06T23:40:00,0,,background
ACC_000921,141,299441.7,2123.7,1108,2022-12-19T09:01:00,0,,background
ACC_000922,427,578828.39,1355.57,74,2025-10-18T13:50:00,0,,background
ACC_000923,458,2742888.72,5988.84,850,2023-09-03T15:53:00,0,,background
ACC_000924,466,106019.66,227.51,99,2025-09-23T12:17:00,0,,background
ACC_000925,154,209513.92,1360.48,1095,2023-01-01T23:14:00,0,,background
ACC_000926,69,1442482.95,20905.55,1452,2022-01-09T18:20:00,0,,background
ACC_000927,100,12412.0,124.12,1032,2023-03-05T04:14:00,0,,background
ACC_000928,66,102226.74,1548.89,1265,2022-07-15T07:19:00,0,,background
ACC_000929,478,2501335.76,5232.92,374,2024-12-22T19:52:00,0,,background
ACC_000930,442,9021936.04,20411.62,1492,2021-11-30T14:24:00,0,,background
ACC_000931,406,1424272.36,3508.06,840,2023-09-13T09:14:00,0,,background
ACC_000932,365,5100940.7,13975.18,1022,2023-03-15T16:09:00,0,,background
ACC_000933,172,65310.12,379.71,1163,2022-10-25T13:46:00,0,,background
ACC_000934,238,197064.0,828.0,970,2023-05-06T06:53:00,0,,background
ACC_000935,421,11906023.14,28280.34,496,2024-08-22T14:14:00,0,,background
ACC_000936,408,8241771.36,20200.42,929,2023-06-16T05:45:00,0,,background
ACC_000937,260,735870.2,2830.27,991,2023-04-15T20:59:00,0,,background
ACC_000938,419,723541.77,1726.83,1291,2022-06-19T21:11:00,0,,background
ACC_000939,174,259569.72,1491.78,738,2023-12-24T05:30:00,0,,background
ACC_000940,207,29439.54,142.22,768,2023-11-24T10:41:00,0,,background
ACC_000941,420,8815930.2,20990.31,770,2023-11-22T20:00:00,0,,background
ACC_000942,189,2542938.3,13454.7,198,2025-06-16T07:58:00,0,,background
ACC_000943,377,580142.68,1538.84,162,2025-07-22T21:13:00,0,,background
ACC_000944,227,121099.96,533.48,60,2025-11-01T10:31:00,0,,background
ACC_000945,149,116275.13,780.37,1010,2023-03-27T18:52:00,0,,background
ACC_000946,110,23007.6,209.16,646,2024-03-25T12:39:00,0,,background
ACC_000947,304,2296221.44,7553.36,1303,2022-06-07T11:51:00,0,,background
ACC_000948,240,674061.6,2808.59,1062,2023-02-03T18:54:00,0,,background
ACC_000949,185,75217.3,406.58,238,2025-05-07T13:44:00,0,,background
ACC_000950,372,1554681.0,4179.25,177,2025-07-07T18:28:00,0,,background
ACC_000951,1,35319.6,35319.6,568,2024-06-11T12:48:00,0,,background
ACC_000952,47,9785.4,208.2,1384,2022-03-18T07:40:00,0,,background
ACC_000953,481,750153.17,1559.57,101,2025-09-21T15:32:00,0,,background
ACC_000954,332,641165.04,1931.22,305,2025-03-01T20:35:00,0,,background
ACC_000955,275,74703.75,271.65,73,2025-10-19T10:53:00,0,,background
ACC_000956,8,19332.72,2416.59,638,2024-04-02T10:58:00,0,,background
ACC_000957,300,1132167.0,3773.89,1485,2021-12-07T09:58:00,0,,background
ACC_000958,218,55960.6,256.7,1035,2023-03-02T19:39:00,0,,background
ACC_000959,300,75810.0,252.7,755,2023-12-07T09:17:00,0,,background
ACC_000960,21,355213.95,16914.95,242,2025-05-03T12:53:00,0,,background
ACC_000961,276,178301.52,646.02,552,2024-06-27T14:13:00,0,,background
ACC_000962,289,1262010.98,4366.82,801,2023-10-22T21:18:00,0,,background
ACC_000963,146,624100.36,4274.66,434,2024-10-23T15:00:00,0,,background
ACC_000964,28,427298.2,15260.65,1067,2023-01-29T07:59:00,0,,background
ACC_000965,486,4091536.8,8418.8,1471,2021-12-21T15:49:00,0,,background
ACC_000966,355,5463347.05,15389.71,332,2025-02-02T09:57:00,0,,background
ACC_000967,311,1317063.23,4234.93,401,2024-11-25T21:29:00,0,,background
ACC_000968,384,567344.64,1477.46,215,2025-05-30T00:58:00,0,,background
ACC_000969,336,355158.72,1057.02,1097,2022-12-30T12:12:00,0,,background
ACC_000970,68,65881.8,968.85,709,2024-01-22T17:31:00,0,,background
ACC_000971,228,279653.4,1226.55,447,2024-10-10T03:17:00,0,,background
ACC_000972,445,96569.45,217.01,352,2025-01-13T16:15:00,0,,background
ACC_000973,144,182610.72,1268.13,133,2025-08-20T07:30:00,0,,background
ACC_000974,487,502213.88,1031.24,730,2024-01-01T13:05:00,0,,background
ACC_000975,33,4059.33,123.01,1035,2023-03-02T03:01:00,0,,background
ACC_000976,166,86300.08,519.88,375,2024-12-21T07:39:00,0,,background
ACC_000977,176,1592280.8,9047.05,32,2025-11-29T21:53:00,0,,background
ACC_000978,309,985842.87,3190.43,726,2024-01-05T01:39:00,0,,background
ACC_000979,89,1114515.85,12522.65,1024,2023-03-13T21:47:00,0,,background
ACC_000980,115,297033.5,2582.9,537,2024-07-12T23:29:00,0,,background
ACC_000981,332,5540070.72,16686.96,398,2024-11-28T09:38:00,0,,background
ACC_000982,143,1685583.9,11787.3,256,2025-04-19T06:32:00,0,,background
ACC_000983,440,79283.6,180.19,1127,2022-11-30T00:15:00,0,,background
ACC_000984,436,15195524.32,34852.12,1297,2022-06-13T22:44:00,0,,background
ACC_000985,152,16604.48,109.24,1162,2022-10-26T05:28:00,0,,background
ACC_000986,280,1000384.0,3572.8,792,2023-10-31T05:40:00,0,,background
ACC_000987,167,1926987.95,11538.85,1095,2023-01-01T23:13:00,0,,background
ACC_000988,173,126373.04,730.48,613,2024-04-27T05:22:00,0,,background
ACC_000989,336,1212980.16,3610.06,66,2025-10-26T15:00:00,0,,background
ACC_000990,147,128701.44,875.52,570,2024-06-09T06:21:00,0,,background
ACC_000991,75,10784.25,143.79,1065,2023-01-31T07:50:00,0,,background
ACC_000992,130,13676.0,105.2,982,2023-04-24T06:17:00,0,,background
ACC_000993,465,82091.1,176.54,1486,2021-12-06T03:26:00,0,,background
ACC_000994,130,23442.9,180.33,1497,2021-11-25T06:36:00,0,,background
ACC_000995,182,707364.84,3886.62,386,2024-12-10T07:19:00,0,,background
ACC_000996,315,735603.75,2335.25,44,2025-11-17T05:09:00,0,,background
ACC_000997,51,78111.09,1531.59,433,2024-10-24T23:14:00,0,,background
ACC_000998,135,852619.5,6315.7,1318,2022-05-23T04:28:00,0,,background
ACC_000999,88,9733.68,110.61,1226,2022-08-23T11:17:00,0,,background
ACC_001000,463,234801.19,507.13,175,2025-07-09T13:36:00,0,,background
ACC_001001,467,4921974.52,10539.56,265,2025-04-10T04:13:00,0,,background
ACC_001002,378,8816713.92,23324.64,858,2023-08-26T19:11:00,0,,background
ACC_001003,124,171395.28,1382.22,1001,2023-04-05T16:52:00,0,,background
ACC_001004,309,50348.46,162.94,1475,2021-12-17T02:46:00,0,,background
ACC_001005,332,3976290.96,11976.78,1140,2022-11-17T19:44:00,0,,background
ACC_001006,435,8744918.1,20103.26,341,2025-01-24T12:51:00,0,,background
ACC_001007,79,94187.75,1192.25,84,2025-10-08T20:37:00,0,,background
ACC_001008,369,158581.44,429.76,962,2023-05-14T18:49:00,0,,background
ACC_001009,98,12753.72,130.14,844,2023-09-09T02:25:00,0,,background
ACC_001010,285,983734.5,3451.7,1385,2022-03-17T23:54:00,0,,background
ACC_001011,440,10256228.4,23309.61,877,2023-08-07T04:44:00,0,,background
ACC_001012,32,185804.16,5806.38,767,2023-11-25T20:21:00,0,,background
ACC_001013,75,50183.25,669.11,476,2024-09-11T03:37:00,0,,background
ACC_001014,407,1916143.79,4707.97,156,2025-07-28T06:35:00,0,,background
ACC_001015,10,146248.7,14624.87,1319,2022-05-22T21:13:00,0,,background
ACC_001016,343,593516.91,1730.37,1245,2022-08-04T01:01:00,0,,background
ACC_001017,251,3409639.22,13584.22,269,2025-04-06T21:27:00,0,,background
ACC_001018,174,182104.92,1046.58,1065,2023-01-31T09:56:00,0,,background
ACC_001019,432,348589.44,806.92,565,2024-06-14T01:54:00,0,,background
ACC_001020,425,1397527.5,3288.3,672,2024-02-28T17:02:00,0,,background
ACC_001021,163,263833.43,1618.61,1278,2022-07-02T10:20:00,0,,background
ACC_001022,3,104622.51,34874.17,1268,2022-07-12T12:15:00,0,,background
ACC_001023,65,143413.4,2206.36,310,2025-02-24T22:20:00,0,,background
ACC_001024,54,54279.18,1005.17,482,2024-09-05T22:50:00,0,,background
ACC_001025,492,524329.32,1065.71,1238,2022-08-11T11:34:00,0,,background
ACC_001026,299,796972.54,2665.46,1378,2022-03-24T20:13:00,0,,background
ACC_001027,339,284251.5,838.5,146,2025-08-07T16:09:00,0,,background
ACC_001028,116,882072.12,7604.07,1256,2022-07-24T23:46:00,0,,background
ACC_001029,426,416789.88,978.38,749,2023-12-13T16:25:00,0,,background
ACC_001030,362,361638.0,999.0,898,2023-07-17T14:51:00,0,,background
ACC_001031,377,1519645.53,4030.89,140,2025-08-13T10:03:00,0,,background
ACC_001032,235,33837.65,143.99,1030,2023-03-07T20:45:00,0,,background
ACC_001033,350,1775581.5,5073.09,1027,2023-03-10T12:17:00,0,,background
ACC_001034,273,562511.04,2060.48,1004,2023-04-02T20:47:00,0,,background
ACC_001035,193,291312.27,1509.39,1192,2022-09-26T18:24:00,0,,background
ACC_001036,298,2216950.14,7439.43,1421,2022-02-09T22:21:00,0,,background
ACC_001037,163,1531844.66,9397.82,1280,2022-06-30T13:41:00,0,,background
ACC_001038,477,7595213.76,15922.88,1125,2022-12-02T03:11:00,0,,background
ACC_001039,359,339122.17,944.63,1473,2021-12-19T04:07:00,0,,background
ACC_001040,370,262526.1,709.53,1022,2023-03-15T18:09:00,0,,background
ACC_001041,359,2593315.48,7223.72,1018,2023-03-19T19:41:00,0,,background
ACC_001042,225,734638.5,3265.06,827,2023-09-26T10:16:00,0,,background
ACC_001043,476,2096970.4,4405.4,1161,2022-10-27T10:27:00,0,,background
ACC_001044,104,290093.44,2789.36,134,2025-08-19T14:25:00,0,,background
ACC_001045,285,2920375.05,10246.93,773,2023-11-19T12:32:00,0,,background
ACC_001046,35,10928.75,312.25,655,2024-03-16T09:24:00,0,,background
ACC_001047,148,413292.96,2792.52,1372,2022-03-30T16:52:00,0,,background
ACC_001048,288,74263.68,257.86,136,2025-08-17T16:36:00,0,,background
ACC_001049,245,281098.3,1147.34,976,2023-04-30T20:50:00,0,,background
ACC_001050,471,2516359.89,5342.59,301,2025-03-05T01:44:00,0,,background
ACC_001051,307,589034.76,1918.68,1329,2022-05-12T06:53:00,0,,background
ACC_001052,206,200256.72,972.12,1283,2022-06-27T00:48:00,0,,background
ACC_001053,214,4296935.96,20079.14,376,2024-12-20T14:14:00,0,,background
ACC_001054,306,3138054.48,10255.08,1312,2022-05-29T19:28:00,0,,background
ACC_001055,396,927119.16,2341.21,760,2023-12-02T05:59:00,0,,background
ACC_001056,139,4122019.98,29654.82,1458,2022-01-03T23:13:00,0,,background
ACC_001057,293,372470.39,1271.23,1103,2022-12-24T17:06:00,0,,background
ACC_001058,288,3235976.64,11236.03,80,2025-10-12T01:08:00,0,,background
ACC_001059,5,1367.55,273.51,328,2025-02-06T00:11:00,0,,background
ACC_001060,457,253260.26,554.18,623,2024-04-17T14:01:00,0,,background
ACC_001061,285,216055.65,758.09,340,2025-01-25T15:25:00,0,,background
ACC_001062,122,22999.44,188.52,224,2025-05-21T23:03:00,0,,background
ACC_001063,317,640891.58,2021.74,1468,2021-12-24T09:04:00,0,,background
ACC_001064,339,107269.77,316.43,1308,2022-06-02T15:42:00,0,,background
ACC_001065,458,2046705.82,4468.79,669,2024-03-02T11:09:00,0,,background
ACC_001066,18,5622.12,312.34,346,2025-01-19T10:13:00,0,,background
ACC_001067,207,43385.13,209.59,297,2025-03-09T18:14:00,0,,background
ACC_001068,91,3024567.0,33237.0,1377,2022-03-25T06:07:00,0,,background
ACC_001069,288,1486529.28,5161.56,517,2024-08-01T22:37:00,0,,background
ACC_001070,251,6860806.39,27333.89,48,2025-11-13T21:36:00,0,,background
ACC_001071,238,448015.96,1882.42,614,2024-04-26T05:22:00,0,,background
ACC_001072,492,60102.72,122.16,698,2024-02-02T05:16:00,0,,background
ACC_001073,266,830672.78,3122.83,946,2023-05-30T00:08:00,0,,background
ACC_001074,206,584349.9,2836.65,528,2024-07-21T09:08:00,0,,background
ACC_001075,34,3719.26,109.39,1387,2022-03-15T22:17:00,0,,background
ACC_001076,145,2525640.45,17418.21,976,2023-04-30T11:03:00,0,,background
ACC_001077,449,1842669.06,4103.94,1481,2021-12-11T11:50:00,0,,background
ACC_001078,226,1958120.5,8664.25,569,2024-06-10T06:03:00,0,,background
ACC_001079,456,879382.32,1928.47,988,2023-04-18T23:57:00,0,,background
ACC_001080,267,1085504.52,4065.56,567,2024-06-12T08:27:00,0,,background
ACC_001081,275,128612.0,467.68,1059,2023-02-06T10:55:00,0,,background
ACC_001082,215,7348768.8,34180.32,1126,2022-12-01T10:26:00,0,,background
ACC_001083,279,307823.49,1103.31,503,2024-08-15T03:37:00,0,,background
ACC_001084,34,8991.98,264.47,1409,2022-02-21T15:56:00,0,,background
ACC_001085,29,4054.2,139.8,1290,2022-06-20T10:22:00,0,,background
ACC_001086,238,1076302.64,4522.28,1345,2022-04-26T17:17:00,0,,background
ACC_001087,299,10826413.26,36208.74,350,2025-01-15T01:50:00,0,,background
ACC_001088,276,5913167.52,21424.52,1085,2023-01-11T10:19:00,0,,background
ACC_001089,215,1443299.3,6713.02,186,2025-06-28T23:50:00,0,,background
ACC_001090,148,5595732.0,37809.0,185,2025-06-29T14:52:00,0,,background
ACC_001091,355,2698181.05,7600.51,1461,2021-12-31T15:52:00,0,,background
ACC_001092,303,231310.2,763.4,254,2025-04-21T02:25:00,0,,background
ACC_001093,24,88027.2,3667.8,1301,2022-06-09T16:14:00,0,,background
ACC_001094,227,36608.29,161.27,663,2024-03-08T23:25:00,0,,background
ACC_001095,356,134365.08,377.43,476,2024-09-11T07:12:00,0,,background
ACC_001096,393,479573.97,1220.29,138,2025-08-15T18:25:00,0,,background
ACC_001097,144,48251.52,335.08,1023,2023-03-14T05:13:00,0,,background
ACC_001098,463,14016764.77,30273.79,1091,2023-01-05T19:02:00,0,,background
ACC_001099,326,12700536.2,38958.7,716,2024-01-15T17:37:00,0,,background
ACC_001100,219,202134.81,922.99,1221,2022-08-28T19:52:00,0,,background
ACC_001101,314,2199814.92,7005.78,505,2024-08-13T17:52:00,0,,background
ACC_001102,436,501801.12,1150.92,841,2023-09-12T06:25:00,0,,background
ACC_001103,114,26297.52,230.68,451,2024-10-06T14:28:00,0,,background
ACC_001104,76,57215.84,752.84,886,2023-07-29T09:49:00,0,,background
ACC_001105,221,89463.01,404.81,230,2025-05-15T16:08:00,0,,background
ACC_001106,42,29986.74,713.97,730,2024-01-01T23:03:00,0,,background
ACC_001107,418,151591.88,362.66,838,2023-09-15T00:45:00,0,,background
ACC_001108,486,95270.58,196.03,848,2023-09-05T16:48:00,0,,background
ACC_001109,303,111482.79,367.93,686,2024-02-14T10:48:00,0,,background
ACC_001110,490,11143722.1,22742.29,976,2023-04-30T05:37:00,0,,background
ACC_001111,35,5832.05,166.63,783,2023-11-09T00:09:00,0,,background
ACC_001112,317,221868.3,699.9,446,2024-10-11T14:25:00,0,,background
ACC_001113,222,526515.18,2371.69,346,2025-01-19T23:56:00,0,,background
ACC_001114,139,116272.11,836.49,982,2023-04-24T11:32:00,0,,background
ACC_001115,156,346713.12,2222.52,1410,2022-02-20T14:55:00,0,,background
ACC_001116,273,35410.83,129.71,1137,2022-11-20T03:36:00,0,,background
ACC_001117,321,1563587.79,4870.99,969,2023-05-07T12:36:00,0,,background
ACC_001118,83,242819.82,2925.54,1385,2022-03-17T12:22:00,0,,background
ACC_001119,308,1821653.68,5914.46,1353,2022-04-18T05:28:00,0,,background
ACC_001120,464,1388533.92,2992.53,775,2023-11-17T20:08:00,0,,background
ACC_001121,6,8271.84,1378.64,190,2025-06-24T18:00:00,0,,background
ACC_001122,440,358542.8,814.87,963,2023-05-13T23:14:00,0,,background
ACC_001123,304,118052.32,388.33,946,2023-05-30T14:59:00,0,,background
ACC_001124,172,344139.32,2000.81,437,2024-10-20T04:42:00,0,,background
ACC_001125,368,43015.52,116.89,1279,2022-07-01T00:08:00,0,,background
ACC_001126,309,220829.94,714.66,1309,2022-06-01T22:19:00,0,,background
ACC_001127,385,2235244.55,5805.83,516,2024-08-02T09:50:00,0,,background
ACC_001128,41,7864.62,191.82,731,2023-12-31T15:31:00,0,,background
ACC_001129,30,4372.8,145.76,317,2025-02-17T20:17:00,0,,background
ACC_001130,322,1602742.12,4977.46,292,2025-03-14T17:04:00,0,,background
ACC_001131,152,164769.52,1084.01,419,2024-11-07T04:22:00,0,,background
ACC_001132,120,1464124.8,12201.04,568,2024-06-11T21:59:00,0,,background
ACC_001133,211,5797258.76,27475.16,431,2024-10-26T20:31:00,0,,background
ACC_001134,363,11224921.95,30922.65,253,2025-04-22T05:51:00,0,,background
ACC_001135,90,115254.9,1280.61,687,2024-02-13T07:58:00,0,,background
ACC_001136,487,237315.1,487.3,947,2023-05-29T17:25:00,0,,background
ACC_001137,211,808969.78,3833.98,509,2024-08-09T04:14:00,0,,background
ACC_001138,76,327649.68,4311.18,814,2023-10-09T11:58:00,0,,background
ACC_001139,36,149858.64,4162.74,429,2024-10-28T16:13:00,0,,background
ACC_001140,429,294946.08,687.52,1065,2023-01-31T22:18:00,0,,background
ACC_001141,57,8351.64,146.52,983,2023-04-23T07:15:00,0,,background
ACC_001142,210,73903.2,351.92,1442,2022-01-19T18:46:00,0,,background
ACC_001143,335,84500.4,252.24,108,2025-09-14T19:37:00,0,,background
ACC_001144,257,53993.13,210.09,1284,2022-06-26T11:53:00,0,,background
ACC_001145,132,3394835.4,25718.45,530,2024-07-19T10:46:00,0,,background
ACC_001146,54,5867.1,108.65,127,2025-08-26T10:42:00,0,,background
ACC_001147,356,1310749.28,3681.88,1044,2023-02-21T01:41:00,0,,background
ACC_001148,246,7183212.3,29200.05,282,2025-03-24T03:50:00,0,,background
ACC_001149,25,21618.25,864.73,288,2025-03-18T21:49:00,0,,background
ACC_001150,91,214082.96,2352.56,1471,2021-12-21T13:06:00,0,,background
ACC_001151,282,1822721.1,6463.55,354,2025-01-11T19:13:00,0,,background
ACC_001152,85,56848.0,668.8,834,2023-09-19T07:40:00,0,,background
ACC_001153,196,342874.56,1749.36,325,2025-02-09T15:04:00,0,,background
ACC_001154,63,842347.17,13370.59,212,2025-06-02T06:46:00,0,,background
ACC_001155,399,3470829.18,8698.82,31,2025-11-30T02:36:00,0,,background
ACC_001156,316,4011629.48,12695.03,53,2025-11-08T22:12:00,0,,background
ACC_001157,392,14534642.64,37078.17,726,2024-01-05T03:34:00,0,,background
ACC_001158,27,24830.01,919.63,668,2024-03-03T07:46:00,0,,background
ACC_001159,188,1652473.0,8789.75,87,2025-10-05T03:38:00,0,,background
ACC_001160,134,496120.26,3702.39,544,2024-07-05T17:30:00,0,,background
ACC_001161,312,1693167.84,5426.82,431,2024-10-26T17:23:00,0,,background
ACC_001162,411,3459699.36,8417.76,870,2023-08-14T06:36:00,0,,background
ACC_001163,114,1018006.32,8929.88,1493,2021-11-29T05:35:00,0,,background
ACC_001164,385,7766454.85,20172.61,1047,2023-02-18T00:45:00,0,,background
ACC_001165,291,235966.08,810.88,1380,2022-03-22T07:28:00,0,,background
ACC_001166,413,2071797.98,5016.46,312,2025-02-22T01:47:00,0,,background
ACC_001167,41,21984.61,536.21,346,2025-01-19T19:08:00,0,,background
ACC_001168,496,1748176.8,3524.55,1134,2022-11-23T02:16:00,0,,background
ACC_001169,218,1963628.46,9007.47,486,2024-09-01T12:36:00,0,,background
ACC_001170,141,1612320.9,11434.9,1278,2022-07-02T08:16:00,0,,background
ACC_001171,92,114019.28,1239.34,712,2024-01-19T18:00:00,0,,background
ACC_001172,493,1038884.11,2107.27,325,2025-02-09T22:40:00,0,,background
ACC_001173,442,326677.78,739.09,1272,2022-07-08T07:34:00,0,,background
ACC_001174,66,18171.12,275.32,839,2023-09-14T09:32:00,0,,background
ACC_001175,223,106214.9,476.3,1210,2022-09-08T17:16:00,0,,background
ACC_001176,367,8671641.15,23628.45,695,2024-02-05T06:03:00,0,,background
ACC_001177,296,188472.08,636.73,215,2025-05-30T04:38:00,0,,background
ACC_001178,95,3266674.75,34386.05,1031,2023-03-06T07:39:00,0,,background
ACC_001179,181,76915.95,424.95,213,2025-06-01T03:24:00,0,,background
ACC_001180,185,1408140.45,7611.57,1005,2023-04-01T03:44:00,0,,background
ACC_001181,145,451543.05,3114.09,643,2024-03-28T23:52:00,0,,background
ACC_001182,481,3129265.75,6505.75,1194,2022-09-24T11:03:00,0,,background
ACC_001183,102,483300.48,4738.24,1309,2022-06-01T08:12:00,0,,background
ACC_001184,354,2443460.22,6902.43,629,2024-04-11T12:03:00,0,,background
ACC_001185,456,10357442.64,22713.69,1327,2022-05-14T01:47:00,0,,background
ACC_001186,398,1164297.26,2925.37,193,2025-06-21T03:59:00,0,,background
ACC_001187,400,60064.0,150.16,187,2025-06-27T09:34:00,0,,background
ACC_001188,80,40532.0,506.65,1491,2021-12-01T16:04:00,0,,background
ACC_001189,67,466555.17,6963.51,874,2023-08-10T08:52:00,0,,background
ACC_001190,392,756654.08,1930.24,692,2024-02-08T20:53:00,0,,background
ACC_001191,374,1000543.5,2675.25,258,2025-04-17T16:56:00,0,,background
ACC_001192,371,1323464.59,3567.29,455,2024-10-02T17:15:00,0,,background
ACC_001193,210,207895.8,989.98,1039,2023-02-26T03:13:00,0,,background
ACC_001194,262,2704107.24,10321.02,1238,2022-08-11T12:19:00,0,,background
ACC_001195,8,61062.0,7632.75,1378,2022-03-24T01:57:00,0,,background
ACC_001196,146,1054393.02,7221.87,629,2024-04-11T02:17:00,0,,background
ACC_001197,265,1925421.1,7265.74,698,2024-02-02T14:34:00,0,,background
ACC_001198,63,1306488.33,20737.91,270,2025-04-05T13:51:00,0,,background
ACC_001199,66,233771.34,3541.99,152,2025-08-01T18:43:00,0,,background
ACC_001200,23,755279.52,32838.24,674,2024-02-26T23:30:00,0,,background
ACC_001201,105,21445.2,204.24,882,2023-08-02T12:41:00,0,,background
ACC_001202,497,2191551.32,4409.56,183,2025-07-01T19:02:00,0,,background
ACC_001203,349,2560421.05,7336.45,630,2024-04-10T07:32:00,0,,background
ACC_001204,475,828799.0,1744.84,973,2023-05-03T06:38:00,0,,background
ACC_001205,129,72531.54,562.26,1222,2022-08-27T18:20:00,0,,background
ACC_001206,300,809751.0,2699.17,1410,2022-02-20T05:21:00,0,,background
ACC_001207,446,396672.4,889.4,530,2024-07-19T11:00:00,0,,background
ACC_001208,177,4107415.98,23205.74,606,2024-05-04T08:23:00,0,,background
ACC_001209,329,278992.0,848.0,1316,2022-05-25T14:46:00,0,,background
ACC_001210,347,99432.85,286.55,1049,2023-02-16T00:38:00,0,,background
ACC_001211,417,1318061.94,3160.82,432,2024-10-25T17:18:00,0,,background
ACC_001212,485,520162.5,1072.5,1037,2023-02-28T12:27:00,0,,background
ACC_001213,308,54713.12,177.64,261,2025-04-14T08:38:00,0,,background
ACC_001214,292,861265.68,2949.54,690,2024-02-10T20:50:00,0,,background
ACC_001215,435,1091436.75,2509.05,480,2024-09-07T01:30:00,0,,background
ACC_001216,343,96818.61,282.27,1490,2021-12-02T13:41:00,0,,background
ACC_001217,181,649784.57,3589.97,81,2025-10-11T06:06:00,0,,background
ACC_001218,316,946214.6,2994.35,1290,2022-06-20T05:28:00,0,,background
ACC_001219,275,2833473.5,10303.54,443,2024-10-14T12:09:00,0,,background
ACC_001220,115,100351.3,872.62,83,2025-10-09T03:37:00,0,,background
ACC_001221,258,114526.2,443.9,1001,2023-04-05T00:11:00,0,,background
ACC_001222,312,9317209.2,29862.85,1027,2023-03-10T03:57:00,0,,background
ACC_001223,452,1304548.84,2886.17,239,2025-05-06T20:43:00,0,,background
ACC_001224,291,34239.06,117.66,86,2025-10-06T05:56:00,0,,background
ACC_001225,83,1134015.72,13662.84,193,2025-06-21T22:59:00,0,,background
ACC_001226,494,160584.58,325.07,631,2024-04-09T19:05:00,0,,background
ACC_001227,290,3218930.4,11099.76,224,2025-05-21T06:17:00,0,,background
ACC_001228,144,984549.6,6837.15,1064,2023-02-01T16:23:00,0,,background
ACC_001229,378,12543053.04,33182.68,144,2025-08-09T05:29:00,0,,background
ACC_001230,193,6281343.26,32545.82,1190,2022-09-28T03:26:00,0,,background
ACC_001231,186,96282.9,517.65,1316,2022-05-25T16:22:00,0,,background
ACC_001232,420,4145694.0,9870.7,1084,2023-01-12T01:11:00,0,,background
ACC_001233,434,289712.36,667.54,1418,2022-02-12T12:25:00,0,,background
ACC_001234,262,1136349.02,4337.21,1411,2022-02-19T00:16:00,0,,background
ACC_001235,187,671758.23,3592.29,98,2025-09-24T11:44:00,0,,background
ACC_001236,432,59896.8,138.65,533,2024-07-16T02:02:00,0,,background
ACC_001237,87,8974.05,103.15,1148,2022-11-09T22:59:00,0,,background
ACC_001238,374,52864.9,141.35,529,2024-07-20T21:37:00,0,,background
ACC_001239,293,63062.39,215.23,1114,2022-12-13T20:08:00,0,,background
ACC_001240,428,200389.6,468.2,1168,2022-10-20T02:50:00,0,,background
ACC_001241,211,4833195.54,22906.14,1496,2021-11-26T04:52:00,0,,background
ACC_001242,417,932499.57,2236.21,515,2024-08-03T05:39:00,0,,background
ACC_001243,8,94765.44,11845.68,541,2024-07-08T23:35:00,0,,background
ACC_001244,380,5769274.0,15182.3,65,2025-10-27T04:04:00,0,,background
ACC_001245,35,286044.85,8172.71,449,2024-10-08T21:10:00,0,,background
ACC_001246,322,335942.6,1043.3,442,2024-10-15T16:33:00,0,,background
ACC_001247,98,1733963.98,17693.51,696,2024-02-04T21:02:00,0,,background
ACC_001248,482,4110597.22,8528.21,649,2024-03-22T05:22:00,0,,background
ACC_001249,385,3305105.65,8584.69,1290,2022-06-20T06:08:00,0,,background
ACC_001250,53,1175510.32,22179.44,1168,2022-10-20T20:46:00,0,,background
ACC_001251,447,1614604.23,3612.09,1101,2022-12-26T23:31:00,0,,background
ACC_001252,126,299055.96,2373.46,37,2025-11-24T12:59:00,0,,background
ACC_001253,273,5654823.72,20713.64,723,2024-01-08T09:00:00,0,,background
ACC_001254,43,65464.49,1522.43,1103,2022-12-24T04:18:00,0,,background
ACC_001255,53,685538.04,12934.68,389,2024-12-07T04:53:00,0,,background
ACC_001256,121,16706.47,138.07,654,2024-03-17T03:28:00,0,,background
ACC_001257,268,27009.04,100.78,1099,2022-12-28T03:19:00,0,,background
ACC_001258,272,644493.12,2369.46,1198,2022-09-20T08:59:00,0,,background
ACC_001259,428,66524.04,155.43,1287,2022-06-23T07:34:00,0,,background
ACC_001260,83,2884706.5,34755.5,662,2024-03-09T03:19:00,0,,background
ACC_001261,375,38756.25,103.35,618,2024-04-22T22:07:00,0,,background
ACC_001262,3,22171.23,7390.41,592,2024-05-18T22:43:00,0,,background
ACC_001263,146,62755.18,429.83,1013,2023-03-24T18:02:00,0,,background
ACC_001264,88,2898084.64,32932.78,647,2024-03-24T20:10:00,0,,background
ACC_001265,62,60980.1,983.55,618,2024-04-22T18:21:00,0,,background
ACC_001266,293,34503.68,117.76,277,2025-03-29T21:37:00,0,,background
ACC_001267,451,52997.01,117.51,733,2023-12-29T09:18:00,0,,background
ACC_001268,334,919722.44,2753.66,379,2024-12-17T03:12:00,0,,background
ACC_001269,428,15809840.64,36938.88,802,2023-10-21T11:42:00,0,,background
ACC_001270,296,10488688.96,35434.76,1337,2022-05-04T17:01:00,0,,background
ACC_001271,27,20368.8,754.4,1171,2022-10-17T09:06:00,0,,background
ACC_001272,173,311939.76,1803.12,733,2023-12-29T13:31:00,0,,background
ACC_001273,412,75210.6,182.55,1467,2021-12-25T04:17:00,0,,background
ACC_001274,23,52536.83,2284.21,1471,2021-12-21T19:29:00,0,,background
ACC_001275,49,178096.38,3634.62,683,2024-02-17T18:15:00,0,,background
ACC_001276,417,187679.19,450.07,1153,2022-11-04T23:11:00,0,,background
ACC_001277,32,125287.68,3915.24,533,2024-07-16T01:59:00,0,,background
ACC_001278,480,10526784.0,21930.8,1322,2022-05-19T08:56:00,0,,background
ACC_001279,380,38216.6,100.57,579,2024-05-31T15:40:00,0,,background
ACC_001280,333,131261.94,394.18,409,2024-11-17T11:05:00,0,,background
ACC_001281,269,94618.06,351.74,226,2025-05-19T12:37:00,0,,background
ACC_001282,45,9453.15,210.07,1269,2022-07-11T21:07:00,0,,background
ACC_001283,208,56268.16,270.52,466,2024-09-21T16:33:00,0,,background
ACC_001284,404,1718078.68,4252.67,1226,2022-08-23T21:43:00,0,,background
ACC_001285,452,83629.04,185.02,157,2025-07-27T10:06:00,0,,background
ACC_001286,224,1870473.92,8350.33,766,2023-11-26T16:27:00,0,,background
ACC_001287,420,8537587.8,20327.59,659,2024-03-12T02:39:00,0,,background
ACC_001288,389,10022740.6,25765.4,675,2024-02-25T16:58:00,0,,background
ACC_001289,29,151431.04,5221.76,276,2025-03-30T02:54:00,0,,background
ACC_001290,311,101485.52,326.32,138,2025-08-15T18:52:00,0,,background
ACC_001291,309,51510.3,166.7,539,2024-07-10T07:39:00,0,,background
ACC_001292,272,109221.6,401.55,721,2024-01-10T07:24:00,0,,background
ACC_001293,387,12324839.31,31847.13,1197,2022-09-21T23:42:00,0,,background
ACC_001294,445,14204956.25,31921.25,710,2024-01-21T23:57:00,0,,background
ACC_001295,276,272072.52,985.77,391,2024-12-05T12:45:00,0,,background
ACC_001296,161,113384.25,704.25,416,2024-11-10T21:36:00,0,,background
ACC_001297,492,1044825.96,2123.63,930,2023-06-15T13:01:00,0,,background
ACC_001298,482,276716.2,574.1,670,2024-03-01T08:37:00,0,,background
ACC_001299,344,12181449.36,35411.19,1355,2022-04-16T12:55:00,0,,background
ACC_001300,321,120817.98,376.38,676,2024-02-24T14:26:00,0,,background
ACC_001301,53,48395.89,913.13,863,2023-08-21T23:05:00,0,,background
ACC_001302,201,263295.93,1309.93,124,2025-08-29T11:13:00,0,,background
ACC_001303,100,21156.0,211.56,315,2025-02-19T17:10:00,0,,background
ACC_001304,258,255714.12,991.14,1280,2022-06-30T15:05:00,0,,background
ACC_001305,414,7018835.94,16953.71,537,2024-07-12T11:22:00,0,,background
ACC_001306,113,26200.18,231.86,649,2024-03-22T19:01:00,0,,background
ACC_001307,499,1651051.28,3308.72,898,2023-07-17T19:59:00,0,,background
ACC_001308,65,74303.45,1143.13,115,2025-09-07T13:10:00,0,,background
ACC_001309,50,13890.5,277.81,775,2023-11-17T01:09:00,0,,background
ACC_001310,488,52542.96,107.67,539,2024-07-10T10:05:00,0,,background
ACC_001311,51,26231.85,514.35,248,2025-04-27T12:32:00,0,,background
ACC_001312,368,53301.12,144.84,645,2024-03-26T19:13:00,0,,background
ACC_001313,382,365123.24,955.82,687,2024-02-13T16:49:00,0,,background
ACC_001314,166,2129721.9,12829.65,304,2025-03-02T15:24:00,0,,background
ACC_001315,33,246137.76,7458.72,828,2023-09-25T17:39:00,0,,background
ACC_001316,155,4523566.5,29184.3,1127,2022-11-30T16:25:00,0,,background
ACC_001317,35,45205.3,1291.58,423,2024-11-03T06:20:00,0,,background
ACC_001318,337,2340839.07,6946.11,1451,2022-01-10T20:40:00,0,,background
ACC_001319,445,2396729.95,5385.91,930,2023-06-15T08:48:00,0,,background
ACC_001320,499,183177.91,367.09,1167,2022-10-21T22:41:00,0,,background
ACC_001321,401,247220.51,616.51,133,2025-08-20T07:21:00,0,,background
ACC_001322,388,927855.44,2391.38,1158,2022-10-30T20:20:00,0,,background
ACC_001323,441,5216615.46,11829.06,525,2024-07-24T19:16:00,0,,background
ACC_001324,385,612527.3,1590.98,1074,2023-01-22T10:53:00,0,,background
ACC_001325,326,127589.88,391.38,1213,2022-09-05T15:11:00,0,,background
ACC_001326,499,19193665.74,38464.26,398,2024-11-28T13:19:00,0,,background
ACC_001327,162,32378.94,199.87,411,2024-11-15T06:59:00,0,,background
ACC_001328,207,6356976.21,30710.03,117,2025-09-05T01:40:00,0,,background
ACC_001329,454,5784191.54,12740.51,920,2023-06-25T04:32:00,0,,background
ACC_001330,156,2376708.36,15235.31,1168,2022-10-20T10:39:00,0,,background
ACC_001331,150,1755960.0,11706.4,633,2024-04-07T03:53:00,0,,background
ACC_001332,77,26802.16,348.08,266,2025-04-09T02:48:00,0,,background
ACC_001333,138,610796.28,4426.06,495,2024-08-23T02:59:00,0,,background
ACC_001334,297,2766079.8,9313.4,622,2024-04-18T23:55:00,0,,background
ACC_001335,444,3869921.76,8716.04,1377,2022-03-25T10:45:00,0,,background
ACC_001336,69,35114.1,508.9,212,2025-06-02T09:11:00,0,,background
ACC_001337,341,100932.59,295.99,534,2024-07-15T23:29:00,0,,background
ACC_001338,384,274237.44,714.16,968,2023-05-08T06:35:00,0,,background
ACC_001339,448,794075.52,1772.49,378,2024-12-18T01:21:00,0,,background
ACC_001340,376,1170036.8,3111.8,1331,2022-05-10T23:28:00,0,,background
ACC_001341,78,1174598.88,15058.96,1367,2022-04-04T14:53:00,0,,background
ACC_001342,245,2456061.3,10024.74,589,2024-05-21T01:47:00,0,,background
ACC_001343,477,2740961.25,5746.25,1127,2022-11-30T21:47:00,0,,background
ACC_001344,455,220611.3,484.86,1141,2022-11-16T04:25:00,0,,background
ACC_001345,307,541019.96,1762.28,1032,2023-03-05T04:33:00,0,,background
ACC_001346,482,359644.3,746.15,304,2025-03-02T21:37:00,0,,background
ACC_001347,335,136881.0,408.6,102,2025-09-20T19:27:00,0,,background
ACC_001348,33,3508.89,106.33,540,2024-07-09T17:02:00,0,,background
ACC_001349,458,350076.88,764.36,223,2025-05-22T14:42:00,0,,background
ACC_001350,85,39432.35,463.91,460,2024-09-27T00:29:00,0,,background
ACC_001351,191,587703.18,3076.98,968,2023-05-08T19:32:00,0,,background
ACC_001352,120,17430.0,145.25,896,2023-07-19T17:18:00,0,,background
ACC_001353,360,182059.2,505.72,338,2025-01-27T10:17:00,0,,background
ACC_001354,15,1961.55,130.77,56,2025-11-05T01:17:00,0,,background
ACC_001355,321,1498004.28,4666.68,361,2025-01-04T15:48:00,0,,background
ACC_001356,433,1303018.24,3009.28,699,2024-02-01T11:34:00,0,,background
ACC_001357,394,297603.96,755.34,1176,2022-10-12T16:12:00,0,,background
ACC_001358,154,37229.5,241.75,567,2024-06-12T02:38:00,0,,background
ACC_001359,449,13957614.0,31086.0,450,2024-10-07T07:01:00,0,,background
ACC_001360,182,603524.74,3316.07,841,2023-09-12T23:39:00,0,,background
ACC_001361,341,1994563.56,5849.16,135,2025-08-18T06:31:00,0,,background
ACC_001362,254,612962.96,2413.24,361,2025-01-04T04:32:00,0,,background
ACC_001363,34,426704.08,12550.12,83,2025-10-09T22:34:00,0,,background
ACC_001364,2,42999.62,21499.81,803,2023-10-20T14:10:00,0,,background
ACC_001365,92,91122.32,990.46,681,2024-02-19T20:51:00,0,,background
ACC_001366,468,2922355.8,6244.35,886,2023-07-29T20:26:00,0,,background
ACC_001367,477,189101.88,396.44,937,2023-06-08T00:23:00,0,,background
ACC_001368,206,1023370.92,4967.82,611,2024-04-29T04:09:00,0,,background
ACC_001369,485,530114.7,1093.02,1308,2022-06-02T09:24:00,0,,background
ACC_001370,25,2603.75,104.15,1380,2022-03-22T18:03:00,0,,background
ACC_001371,484,14831536.28,30643.67,192,2025-06-22T05:08:00,0,,background
ACC_001372,116,2109574.84,18185.99,1383,2022-03-19T00:40:00,0,,background
ACC_001373,19,10852.42,571.18,319,2025-02-15T20:09:00,0,,background
ACC_001374,379,14957659.48,39466.12,395,2024-12-01T12:03:00,0,,background
ACC_001375,192,128376.96,668.63,809,2023-10-14T07:45:00,0,,background
ACC_001376,147,229750.71,1562.93,73,2025-10-19T15:24:00,0,,background
ACC_001377,380,6234629.6,16406.92,565,2024-06-14T14:44:00,0,,background
ACC_001378,167,103585.09,620.27,316,2025-02-18T18:22:00,0,,background
ACC_001379,377,560625.39,1487.07,739,2023-12-23T23:55:00,0,,background
ACC_001380,98,528596.32,5393.84,1228,2022-08-21T22:16:00,0,,background
ACC_001381,43,9396.36,218.52,1389,2022-03-13T23:35:00,0,,background
ACC_001382,163,204724.74,1255.98,342,2025-01-23T21:25:00,0,,background
ACC_001383,305,194718.1,638.42,831,2023-09-22T23:59:00,0,,background
ACC_001384,113,651756.88,5767.76,727,2024-01-04T14:19:00,0,,background
ACC_001385,72,16260.48,225.84,640,2024-03-31T21:31:00,0,,background
ACC_001386,375,151222.5,403.26,960,2023-05-16T04:23:00,0,,background
ACC_001387,247,1752833.03,7096.49,1485,2021-12-07T05:42:00,0,,background
ACC_001388,216,55075.68,254.98,626,2024-04-14T01:52:00,0,,background
ACC_001389,120,150418.8,1253.49,125,2025-08-28T09:34:00,0,,background
ACC_001390,9,64446.75,7160.75,1377,2022-03-25T23:04:00,0,,background
ACC_001391,27,264946.68,9812.84,1401,2022-03-01T07:47:00,0,,background
ACC_001392,341,60206.96,176.56,504,2024-08-14T22:20:00,0,,background
ACC_001393,41,675659.09,16479.49,767,2023-11-25T10:58:00,0,,background
ACC_001394,124,948944.72,7652.78,1298,2022-06-12T00:17:00,0,,background
ACC_001395,456,348201.6,763.6,771,2023-11-21T12:46:00,0,,background
ACC_001396,172,1671048.8,9715.4,737,2023-12-25T17:33:00,0,,background
ACC_001397,373,2929448.75,7853.75,1386,2022-03-16T22:38:00,0,,background
ACC_001398,172,629626.64,3660.62,1249,2022-07-31T18:54:00,0,,background
ACC_001399,466,1323085.84,2839.24,776,2023-11-16T20:40:00,0,,background
ACC_001400,411,3354162.78,8160.98,267,2025-04-08T14:39:00,0,,background
ACC_001401,235,9358409.7,39823.02,674,2024-02-26T07:29:00,0,,background
ACC_001402,343,1098303.15,3202.05,1025,2023-03-12T19:02:00,0,,background
ACC_001403,207,2632102.29,12715.47,430,2024-10-27T06:32:00,0,,background
ACC_001404,473,4087954.53,8642.61,820,2023-10-03T22:06:00,0,,background
ACC_001405,180,3034850.4,16860.28,999,2023-04-07T06:33:00,0,,background
ACC_001406,419,12762769.33,30460.07,155,2025-07-29T20:54:00,0,,background
ACC_001407,309,98258.91,317.99,867,2023-08-17T17:47:00,0,,background
ACC_001408,322,86775.78,269.49,1114,2022-12-13T18:36:00,0,,background
ACC_001409,176,590520.48,3355.23,345,2025-01-20T22:41:00,0,,background
ACC_001410,417,615500.34,1476.02,836,2023-09-17T03:09:00,0,,background
ACC_001411,374,1142685.94,3055.31,1073,2023-01-23T23:20:00,0,,background
ACC_001412,408,4866485.28,11927.66,95,2025-09-27T00:26:00,0,,background
ACC_001413,401,10654213.11,26569.11,977,2023-04-29T14:31:00,0,,background
ACC_001414,79,96331.81,1219.39,412,2024-11-14T18:37:00,0,,background
ACC_001415,438,3232794.78,7380.81,614,2024-04-26T01:24:00,0,,background
ACC_001416,421,136888.15,325.15,983,2023-04-23T13:53:00,0,,background
ACC_001417,122,300121.22,2460.01,36,2025-11-25T02:51:00,0,,background
ACC_001418,491,55954.36,113.96,54,2025-11-07T06:42:00,0,,background
ACC_001419,264,539998.8,2045.45,686,2024-02-14T17:50:00,0,,background
ACC_001420,161,422497.81,2624.21,1427,2022-02-03T14:20:00,0,,background
ACC_001421,112,918102.08,8197.34,38,2025-11-23T14:59:00,0,,background
ACC_001422,183,896291.91,4897.77,1190,2022-09-28T17:51:00,0,,background
ACC_001423,19,16267.61,856.19,140,2025-08-13T14:06:00,0,,background
ACC_001424,346,35807.54,103.49,749,2023-12-13T00:01:00,0,,background
ACC_001425,354,70715.04,199.76,663,2024-03-08T21:31:00,0,,background
ACC_001426,334,11368645.24,34037.86,718,2024-01-13T22:31:00,0,,background
ACC_001427,275,6907150.25,25116.91,150,2025-08-03T10:14:00,0,,background
ACC_001428,182,127638.42,701.31,1138,2022-11-19T15:58:00,0,,background
ACC_001429,362,170711.96,471.58,435,2024-10-22T13:35:00,0,,background
ACC_001430,436,595754.76,1366.41,1164,2022-10-24T09:55:00,0,,background
ACC_001431,44,274611.04,6241.16,994,2023-04-12T09:36:00,0,,background
ACC_001432,192,162850.56,848.18,840,2023-09-13T06:01:00,0,,background
ACC_001433,498,74530.68,149.66,483,2024-09-04T18:15:00,0,,background
ACC_001434,431,481474.41,1117.11,989,2023-04-17T20:01:00,0,,background
ACC_001435,498,237301.98,476.51,1497,2021-11-25T12:16:00,0,,background
ACC_001436,92,64457.96,700.63,1387,2022-03-15T05:24:00,0,,background
ACC_001437,233,61856.84,265.48,1377,2022-03-25T14:15:00,0,,background
ACC_001438,66,341889.24,5180.14,353,2025-01-12T12:21:00,0,,background
ACC_001439,434,1018159.66,2345.99,890,2023-07-25T09:33:00,0,,background
ACC_001440,260,131757.6,506.76,615,2024-04-25T21:43:00,0,,background
ACC_001441,122,336932.28,2761.74,1452,2022-01-09T01:29:00,0,,background
ACC_001442,46,88067.0,1914.5,1427,2022-02-03T08:45:00,0,,background
ACC_001443,369,4347111.51,11780.79,1306,2022-06-04T07:31:00,0,,background
ACC_001444,406,12475397.48,30727.58,269,2025-04-06T18:52:00,0,,background
ACC_001445,440,96263.2,218.78,499,2024-08-19T14:27:00,0,,background
ACC_001446,486,9696880.98,19952.43,1076,2023-01-20T17:46:00,0,,background
ACC_001447,408,2783453.52,6822.19,1132,2022-11-25T17:43:00,0,,background
ACC_001448,394,2497826.04,6339.66,545,2024-07-04T06:31:00,0,,background
ACC_001449,406,382366.74,941.79,231,2025-05-14T12:51:00,0,,background
ACC_001450,500,392500.0,785.0,231,2025-05-14T10:03:00,0,,background
ACC_001451,232,23998.08,103.44,1036,2023-03-01T06:34:00,0,,background
ACC_001452,380,13662797.4,35954.73,698,2024-02-02T16:39:00,0,,background
ACC_001453,410,1552202.6,3785.86,752,2023-12-10T23:59:00,0,,background
ACC_001454,59,65725.41,1113.99,1229,2022-08-20T05:10:00,0,,background
ACC_001455,346,899489.28,2599.68,54,2025-11-07T00:23:00,0,,background
ACC_001456,170,21671.6,127.48,1139,2022-11-18T01:36:00,0,,background
ACC_001457,67,18963.68,283.04,433,2024-10-24T17:46:00,0,,background
ACC_001458,86,360179.18,4188.13,1399,2022-03-03T18:16:00,0,,background
ACC_001459,58,126347.78,2178.41,1435,2022-01-26T23:04:00,0,,background
ACC_001460,449,5014898.96,11169.04,768,2023-11-24T05:38:00,0,,background
ACC_001461,386,1998368.32,5177.12,494,2024-08-24T07:52:00,0,,background
ACC_001462,52,190974.16,3672.58,373,2024-12-23T13:54:00,0,,background
ACC_001463,313,4139183.99,13224.23,296,2025-03-10T22:00:00,0,,background
ACC_001464,331,49825.43,150.53,1499,2021-11-23T04:16:00,0,,background
ACC_001465,260,1631931.6,6276.66,305,2025-03-01T02:02:00,0,,background
ACC_001466,304,2212502.88,7277.97,686,2024-02-14T00:01:00,0,,background
ACC_001467,454,236075.46,519.99,734,2023-12-28T23:13:00,0,,background
ACC_001468,260,83959.2,322.92,1029,2023-03-08T06:51:00,0,,background
ACC_001469,330,118842.9,360.13,1269,2022-07-11T20:02:00,0,,background
ACC_001470,286,93742.22,327.77,850,2023-09-03T02:41:00,0,,background
ACC_001471,199,458949.72,2306.28,1145,2022-11-12T22:40:00,0,,background
ACC_001472,446,100519.48,225.38,863,2023-08-21T23:19:00,0,,background
ACC_001473,207,1075155.93,5193.99,672,2024-02-28T14:58:00,0,,background
ACC_001474,400,75072.0,187.68,262,2025-04-13T00:11:00,0,,background
ACC_001475,303,35596.44,117.48,337,2025-01-28T02:01:00,0,,background
ACC_001476,343,232331.05,677.35,666,2024-03-05T23:14:00,0,,background
ACC_001477,381,120270.27,315.67,97,2025-09-25T05:14:00,0,,background
ACC_001478,368,13753264.0,37373.0,495,2024-08-23T17:37:00,0,,background
ACC_001479,283,173861.05,614.35,710,2024-01-21T01:57:00,0,,background
ACC_001480,308,116513.32,378.29,725,2024-01-06T08:13:00,0,,background
ACC_001481,255,82897.95,325.09,1228,2022-08-21T04:25:00,0,,background
ACC_001482,170,159674.2,939.26,1453,2022-01-08T05:06:00,0,,background
ACC_001483,364,1372640.36,3770.99,1103,2022-12-24T05:54:00,0,,background
ACC_001484,440,4765640.0,10831.0,146,2025-08-07T18:42:00,0,,background
ACC_001485,353,313633.44,888.48,631,2024-04-09T15:39:00,0,,background
ACC_001486,387,1646359.92,4254.16,1103,2022-12-24T18:20:00,0,,background
ACC_001487,416,747210.88,1796.18,904,2023-07-11T21:13:00,0,,background
ACC_001488,184,2933927.84,15945.26,703,2024-01-28T08:03:00,0,,background
ACC_001489,32,96790.08,3024.69,671,2024-02-29T23:43:00,0,,background
ACC_001490,169,95985.24,567.96,627,2024-04-13T02:31:00,0,,background
ACC_001491,378,2560163.76,6772.92,881,2023-08-03T10:59:00,0,,background
ACC_001492,408,5552863.68,13609.96,292,2025-03-14T05:45:00,0,,background
ACC_001493,257,417866.58,1625.94,791,2023-11-01T00:38:00,0,,background
ACC_001494,390,14448111.6,37046.44,332,2025-02-02T19:25:00,0,,background
ACC_001495,38,736625.06,19384.87,1031,2023-03-06T12:32:00,0,,background
ACC_001496,323,105120.35,325.45,1302,2022-06-08T01:39:00,0,,background
ACC_001497,340,3790224.8,11147.72,776,2023-11-16T14:23:00,0,,background
ACC_001498,254,930132.76,3661.94,600,2024-05-10T19:11:00,0,,background
ACC_001499,359,884514.97,2463.83,1413,2022-02-17T18:46:00,0,,background
ACC_001500,246,534853.2,2174.2,1000,2023-04-06T23:40:00,0,,background
ACC_001501,262,4354400.7,16619.85,659,2024-03-12T10:18:00,0,,background
ACC_001502,302,1173638.44,3886.22,72,2025-10-20T02:14:00,0,,background
ACC_001503,397,995255.18,2506.94,53,2025-11-08T16:11:00,0,,background
ACC_001504,125,16751.25,134.01,355,2025-01-10T19:48:00,0,,background
ACC_001505,151,221557.77,1467.27,377,2024-12-19T15:28:00,0,,background
ACC_001506,210,4841701.2,23055.72,1091,2023-01-05T19:06:00,0,,background
ACC_001507,101,718294.83,7111.83,766,2023-11-26T17:37:00,0,,background
ACC_001508,168,22797.6,135.7,1500,2021-11-22T09:35:00,0,,background
ACC_001509,176,3513287.36,19961.86,825,2023-09-28T14:01:00,0,,background
ACC_001510,158,2237148.86,14159.17,1358,2022-04-13T13:54:00,0,,background
ACC_001511,206,544968.88,2645.48,842,2023-09-11T06:18:00,0,,background
ACC_001512,253,28935.61,114.37,556,2024-06-23T18:09:00,0,,background
ACC_001513,348,1011705.6,2907.2,1081,2023-01-15T14:51:00,0,,background
ACC_001514,152,21080.88,138.69,691,2024-02-09T19:18:00,0,,background
ACC_001515,423,288392.94,681.78,434,2024-10-23T18:32:00,0,,background
ACC_001516,240,1039135.2,4329.73,726,2024-01-05T06:09:00,0,,background
ACC_001517,361,8569623.77,23738.57,1008,2023-03-29T12:06:00,0,,background
ACC_001518,58,49480.38,853.11,582,2024-05-28T16:08:00,0,,background
ACC_001519,87,1504363.11,17291.53,1065,2023-01-31T17:57:00,0,,background
ACC_001520,227,5567449.67,24526.21,1472,2021-12-20T06:15:00,0,,background
ACC_001521,184,20872.96,113.44,634,2024-04-06T01:05:00,0,,background
ACC_001522,249,104520.24,419.76,464,2024-09-23T21:23:00,0,,background
ACC_001523,80,562592.8,7032.41,621,2024-04-19T07:24:00,0,,background
ACC_001524,237,2208510.57,9318.61,1263,2022-07-17T23:58:00,0,,background
ACC_001525,344,361120.88,1049.77,293,2025-03-13T07:09:00,0,,background
ACC_001526,365,1867274.3,5115.82,1462,2021-12-30T19:58:00,0,,background
ACC_001527,125,489535.0,3916.28,638,2024-04-02T14:42:00,0,,background
ACC_001528,173,1455409.21,8412.77,1268,2022-07-12T00:05:00,0,,background
ACC_001529,263,1949611.11,7412.97,1187,2022-10-01T10:04:00,0,,background
ACC_001530,259,43325.52,167.28,1182,2022-10-06T18:01:00,0,,background
ACC_001531,396,102203.64,258.09,1367,2022-04-04T13:32:00,0,,background
ACC_001532,196,43414.0,221.5,301,2025-03-05T22:50:00,0,,background
ACC_001533,336,8968263.36,26691.26,903,2023-07-12T19:31:00,0,,background
ACC_001534,442,10532099.76,23828.28,175,2025-07-09T19:54:00,0,,background
ACC_001535,150,1782402.0,11882.68,470,2024-09-17T09:08:00,0,,background
ACC_001536,412,82910.88,201.24,89,2025-10-03T22:27:00,0,,background
ACC_001537,167,521200.32,3120.96,1033,2023-03-04T00:36:00,0,,background
ACC_001538,168,51581.04,307.03,923,2023-06-22T19:56:00,0,,background
ACC_001539,327,297239.73,908.99,1118,2022-12-09T01:36:00,0,,background
ACC_001540,311,154081.84,495.44,289,2025-03-17T21:09:00,0,,background
ACC_001541,275,3946943.0,14352.52,518,2024-07-31T04:18:00,0,,background
ACC_001542,116,27562.76,237.61,1024,2023-03-13T21:56:00,0,,background
ACC_001543,49,235284.28,4801.72,1245,2022-08-04T18:51:00,0,,background
ACC_001544,455,16525868.45,36320.59,1332,2022-05-09T11:37:00,0,,background
ACC_001545,437,2680641.03,6134.19,138,2025-08-15T05:54:00,0,,background
ACC_001546,444,71377.44,160.76,622,2024-04-18T06:04:00,0,,background
ACC_001547,257,5918504.4,23029.2,45,2025-11-16T20:21:00,0,,background
ACC_001548,443,2088022.91,4713.37,1234,2022-08-15T11:55:00,0,,background
ACC_001549,237,364835.43,1539.39,210,2025-06-04T16:13:00,0,,background
ACC_001550,38,197853.08,5206.66,1239,2022-08-10T03:38:00,0,,background
ACC_001551,100,1937876.0,19378.76,259,2025-04-16T21:46:00,0,,background
ACC_001552,137,238910.19,1743.87,52,2025-11-09T03:26:00,0,,background
ACC_001553,189,456028.65,2412.85,1322,2022-05-19T14:00:00,0,,background
ACC_001554,470,706955.2,1504.16,675,2024-02-25T05:33:00,0,,background
ACC_001555,167,25799.83,154.49,655,2024-03-16T10:10:00,0,,background
ACC_001556,307,3428800.11,11168.73,981,2023-04-25T10:05:00,0,,background
ACC_001557,136,29004.72,213.27,434,2024-10-23T10:40:00,0,,background
ACC_001558,322,342414.8,1063.4,1046,2023-02-19T01:22:00,0,,background
ACC_001559,284,288305.44,1015.16,661,2024-03-10T05:47:00,0,,background
ACC_001560,76,40691.16,535.41,431,2024-10-26T07:27:00,0,,background
ACC_001561,232,258724.08,1115.19,610,2024-04-30T21:45:00,0,,background
ACC_001562,53,214967.47,4055.99,39,2025-11-22T02:26:00,0,,background
ACC_001563,445,287478.9,646.02,473,2024-09-14T05:50:00,0,,background
ACC_001564,353,99235.36,281.12,900,2023-07-15T18:04:00,0,,background
ACC_001565,471,8613257.07,18287.17,232,2025-05-13T13:07:00,0,,background
ACC_001566,438,14710887.0,33586.5,204,2025-06-10T04:40:00,0,,background
ACC_001567,110,171655.0,1560.5,994,2023-04-12T01:14:00,0,,background
ACC_001568,354,251148.84,709.46,659,2024-03-12T20:55:00,0,,background
ACC_001569,51,6778.41,132.91,230,2025-05-15T20:16:00,0,,background
ACC_001570,481,59985.51,124.71,1130,2022-11-27T20:44:00,0,,background
ACC_001571,393,413707.17,1052.69,1170,2022-10-18T13:52:00,0,,background
ACC_001572,341,8980487.34,26335.74,81,2025-10-11T16:20:00,0,,background
ACC_001573,498,3968049.06,7967.97,326,2025-02-08T00:32:00,0,,background
ACC_001574,424,343702.88,810.62,574,2024-06-05T06:29:00,0,,background
ACC_001575,432,14269167.36,33030.48,1105,2022-12-22T12:29:00,0,,background
ACC_001576,51,66561.63,1305.13,138,2025-08-15T00:57:00,0,,background
ACC_001577,12,6301.08,525.09,1215,2022-09-03T11:57:00,0,,background
ACC_001578,481,618787.26,1286.46,499,2024-08-19T02:24:00,0,,background
ACC_001579,126,44752.68,355.18,214,2025-05-31T22:23:00,0,,background
ACC_001580,214,4314186.5,20159.75,1300,2022-06-10T13:58:00,0,,background
ACC_001581,22,19152.1,870.55,157,2025-07-27T00:38:00,0,,background
ACC_001582,312,1607789.04,5153.17,220,2025-05-25T23:24:00,0,,background
ACC_001583,411,422828.58,1028.78,1426,2022-02-04T14:21:00,0,,background
ACC_001584,421,9346334.72,22200.32,794,2023-10-29T20:11:00,0,,background
ACC_001585,291,1365860.88,4693.68,711,2024-01-20T13:35:00,0,,background
ACC_001586,331,617003.86,1864.06,1041,2023-02-24T04:28:00,0,,background
ACC_001587,257,56725.04,220.72,957,2023-05-19T23:26:00,0,,background
ACC_001588,224,4978393.28,22224.97,932,2023-06-13T08:42:00,0,,background
ACC_001589,278,736030.02,2647.59,64,2025-10-28T19:57:00,0,,background
ACC_001590,468,258209.64,551.73,841,2023-09-12T04:00:00,0,,background
ACC_001591,127,2444681.42,19249.46,439,2024-10-18T09:10:00,0,,background
ACC_001592,236,32702.52,138.57,1218,2022-08-31T15:48:00,0,,background
ACC_001593,301,197612.52,656.52,773,2023-11-19T06:23:00,0,,background
ACC_001594,286,713223.94,2493.79,212,2025-06-02T23:26:00,0,,background
ACC_001595,16,12255.68,765.98,1333,2022-05-08T23:37:00,0,,background
ACC_001596,144,250526.88,1739.77,448,2024-10-09T16:10:00,0,,background
ACC_001597,324,157875.48,487.27,429,2024-10-28T00:19:00,0,,background
ACC_001598,348,75867.48,218.01,1407,2022-02-23T06:59:00,0,,background
ACC_001599,368,45893.28,124.71,1170,2022-10-18T22:14:00,0,,background
ACC_001600,496,127551.36,257.16,1294,2022-06-16T13:30:00,0,,background
ACC_001601,337,10168429.06,30173.38,1004,2023-04-02T07:40:00,0,,background
ACC_001602,290,911238.0,3142.2,1369,2022-04-02T07:17:00,0,,background
ACC_001603,167,312622.33,1871.99,199,2025-06-15T18:19:00,0,,background
ACC_001604,186,186014.88,1000.08,912,2023-07-03T19:42:00,0,,background
ACC_001605,414,2886370.74,6971.91,461,2024-09-26T05:02:00,0,,background
ACC_001606,235,54780.85,233.11,616,2024-04-24T22:22:00,0,,background
ACC_001607,358,187237.58,523.01,379,2024-12-17T10:24:00,0,,background
ACC_001608,63,320654.25,5089.75,331,2025-02-03T05:56:00,0,,background
ACC_001609,65,114674.95,1764.23,680,2024-02-20T06:44:00,0,,background
ACC_001610,108,1089559.08,10088.51,1380,2022-03-22T20:34:00,0,,background
ACC_001611,98,2116214.94,21594.03,964,2023-05-12T23:23:00,0,,background
ACC_001612,304,4220252.64,13882.41,543,2024-07-06T10:30:00,0,,background
ACC_001613,319,96184.88,301.52,667,2024-03-04T23:15:00,0,,background
ACC_001614,279,48264.21,172.99,809,2023-10-14T23:45:00,0,,background
ACC_001615,145,40018.55,275.99,389,2024-12-07T14:18:00,0,,background
ACC_001616,289,3160032.93,10934.37,796,2023-10-27T14:12:00,0,,background
ACC_001617,60,1432170.0,23869.5,1053,2023-02-12T01:15:00,0,,background
ACC_001618,237,6064875.03,25590.19,387,2024-12-09T23:14:00,0,,background
ACC_001619,78,46566.0,597.0,889,2023-07-26T19:07:00,0,,background
ACC_001620,39,599353.95,15368.05,1072,2023-01-24T00:55:00,0,,background
ACC_001621,83,206250.85,2484.95,793,2023-10-30T21:19:00,0,,background
ACC_001622,56,774714.64,13834.19,459,2024-09-28T20:02:00,0,,background
ACC_001623,239,638670.14,2672.26,845,2023-09-08T11:26:00,0,,background
ACC_001624,273,65432.64,239.68,1196,2022-09-22T03:47:00,0,,background
ACC_001625,304,48864.96,160.74,356,2025-01-09T10:01:00,0,,background
ACC_001626,220,6810269.4,30955.77,875,2023-08-09T23:50:00,0,,background
ACC_001627,89,114117.58,1282.22,1030,2023-03-07T20:40:00,0,,background
ACC_001628,11,8983.92,816.72,502,2024-08-16T20:50:00,0,,background
ACC_001629,357,301850.64,845.52,600,2024-05-10T03:33:00,0,,background
ACC_001630,492,476403.6,968.3,1337,2022-05-04T15:35:00,0,,background
ACC_001631,141,4056557.31,28769.91,564,2024-06-15T00:31:00,0,,background
ACC_001632,103,14996.8,145.6,909,2023-07-06T12:05:00,0,,background
ACC_001633,156,31836.48,204.08,250,2025-04-25T23:32:00,0,,background
ACC_001634,108,1225023.48,11342.81,1392,2022-03-10T06:30:00,0,,background
ACC_001635,112,301172.48,2689.04,907,2023-07-08T03:07:00,0,,background
ACC_001636,248,53568.0,216.0,1148,2022-11-09T15:11:00,0,,background
ACC_001637,393,48311.49,122.93,916,2023-06-29T18:46:00,0,,background
ACC_001638,357,136816.68,383.24,552,2024-06-27T01:00:00,0,,background
ACC_001639,480,229027.2,477.14,530,2024-07-19T15:23:00,0,,background
ACC_001640,179,19491.31,108.89,1061,2023-02-04T14:10:00,0,,background
ACC_001641,247,90152.53,364.99,1294,2022-06-16T17:27:00,0,,background
ACC_001642,191,1592880.79,8339.69,217,2025-05-28T20:48:00,0,,background
ACC_001643,22,370094.34,16822.47,1273,2022-07-07T19:16:00,0,,background
ACC_001644,195,4239339.0,21740.2,1250,2022-07-30T19:20:00,0,,background
ACC_001645,131,135472.34,1034.14,190,2025-06-24T15:27:00,0,,background
ACC_001646,240,162684.0,677.85,189,2025-06-25T03:09:00,0,,background
ACC_001647,80,3197332.8,39966.66,1052,2023-02-13T23:13:00,0,,background
ACC_001648,371,3726008.65,10043.15,1269,2022-07-11T01:20:00,0,,background
ACC_001649,422,1055687.86,2501.63,609,2024-05-01T19:21:00,0,,background
ACC_001650,481,221346.58,460.18,972,2023-05-04T08:21:00,0,,background
ACC_001651,43,29479.94,685.58,1500,2021-11-22T13:29:00,0,,background
ACC_001652,59,129378.15,2192.85,504,2024-08-14T08:33:00,0,,background
ACC_001653,484,1245598.2,2573.55,361,2025-01-04T05:18:00,0,,background
ACC_001654,425,46129.5,108.54,1488,2021-12-04T16:24:00,0,,background
ACC_001655,295,9252064.35,31362.93,442,2024-10-15T05:31:00,0,,background
ACC_001656,161,506509.22,3146.02,725,2024-01-06T06:53:00,0,,background
ACC_001657,259,883741.67,3412.13,680,2024-02-20T14:18:00,0,,background
ACC_001658,268,95148.04,355.03,799,2023-10-24T02:22:00,0,,background
ACC_001659,424,4148666.16,9784.59,425,2024-11-01T08:40:00,0,,background
ACC_001660,265,2196102.7,8287.18,1028,2023-03-09T07:39:00,0,,background
ACC_001661,14,2475.9,176.85,1047,2023-02-18T22:46:00,0,,background
ACC_001662,350,1236742.5,3533.55,325,2025-02-09T09:03:00,0,,background
ACC_001663,389,2007286.68,5160.12,737,2023-12-25T12:09:00,0,,background
ACC_001664,150,2240215.5,14934.77,114,2025-09-08T05:27:00,0,,background
ACC_001665,59,20281.84,343.76,354,2025-01-11T04:36:00,0,,background
ACC_001666,72,1383537.6,19215.8,1482,2021-12-10T13:16:00,0,,background
ACC_001667,421,668472.22,1587.82,774,2023-11-18T08:29:00,0,,background
ACC_001668,224,39939.2,178.3,946,2023-05-30T13:02:00,0,,background
ACC_001669,265,49896.85,188.29,1337,2022-05-04T22:57:00,0,,background
ACC_001670,481,157339.91,327.11,1079,2023-01-17T12:58:00,0,,background
ACC_001671,31,16869.27,544.17,1195,2022-09-23T15:26:00,0,,background
ACC_001672,103,201611.17,1957.39,1077,2023-01-19T14:48:00,0,,background
ACC_001673,417,3701959.2,8877.6,763,2023-11-29T17:24:00,0,,background
ACC_001674,271,82955.81,306.11,960,2023-05-16T01:14:00,0,,background
ACC_001675,14,535879.96,38277.14,454,2024-10-03T10:52:00,0,,background
ACC_001676,352,92646.4,263.2,1339,2022-05-02T18:34:00,0,,background
ACC_001677,70,253930.6,3627.58,294,2025-03-12T18:19:00,0,,background
ACC_001678,392,10243414.72,26131.16,1330,2022-05-11T15:10:00,0,,background
ACC_001679,399,5850692.61,14663.39,1322,2022-05-19T17:31:00,0,,background
ACC_001680,413,2003533.21,4851.17,239,2025-05-06T06:48:00,0,,background
ACC_001681,233,1694774.43,7273.71,1074,2023-01-22T05:25:00,0,,background
ACC_001682,134,29944.98,223.47,1485,2021-12-07T08:33:00,0,,background
ACC_001683,441,46728.36,105.96,871,2023-08-13T01:14:00,0,,background
ACC_001684,280,377431.6,1347.97,530,2024-07-19T19:27:00,0,,background
ACC_001685,318,54371.64,170.98,1323,2022-05-18T02:44:00,0,,background
ACC_001686,69,58849.41,852.89,783,2023-11-09T11:15:00,0,,background
ACC_001687,312,119218.32,382.11,209,2025-06-05T17:29:00,0,,background
ACC_001688,291,7051509.09,24231.99,396,2024-11-30T10:50:00,0,,background
ACC_001689,147,2865997.26,19496.58,1033,2023-03-04T19:27:00,0,,background
ACC_001690,384,5191223.04,13518.81,699,2024-02-01T19:04:00,0,,background
ACC_001691,67,482836.84,7206.52,348,2025-01-17T11:18:00,0,,background
ACC_001692,360,90615.6,251.71,1205,2022-09-13T14:43:00,0,,background
ACC_001693,481,64266.41,133.61,207,2025-06-07T12:18:00,0,,background
ACC_001694,284,1428150.8,5028.7,352,2025-01-13T14:44:00,0,,background
ACC_001695,53,248582.19,4690.23,714,2024-01-17T20:28:00,0,,background
ACC_001696,277,253363.59,914.67,88,2025-10-04T07:29:00,0,,background
ACC_001697,265,449991.2,1698.08,599,2024-05-11T17:46:00,0,,background
ACC_001698,277,519128.47,1874.11,1368,2022-04-03T14:40:00,0,,background
ACC_001699,137,57679.74,421.02,1414,2022-02-16T19:04:00,0,,background
ACC_001700,314,206257.18,656.87,1312,2022-05-29T16:45:00,0,,background
ACC_001701,133,163127.16,1226.52,506,2024-08-12T09:12:00,0,,background
ACC_001702,279,1035410.85,3711.15,125,2025-08-28T12:20:00,0,,background
ACC_001703,298,9147768.58,30697.21,1228,2022-08-21T21:29:00,0,,background
ACC_001704,323,813527.18,2518.66,579,2024-05-31T22:52:00,0,,background
ACC_001705,399,3187902.27,7989.73,1131,2022-11-26T09:48:00,0,,background
ACC_001706,442,5562724.7,12585.35,205,2025-06-09T23:50:00,0,,background
ACC_001707,389,76788.6,197.4,1012,2023-03-25T05:25:00,0,,background
ACC_001708,398,1992288.5,5005.75,892,2023-07-23T14:02:00,0,,background
ACC_001709,435,781573.2,1796.72,1383,2022-03-19T14:08:00,0,,background
ACC_001710,122,376582.28,3086.74,179,2025-07-05T15:59:00,0,,background
ACC_001711,147,18504.36,125.88,630,2024-04-10T21:44:00,0,,background
ACC_001712,267,6088902.96,22804.88,1486,2021-12-06T19:51:00,0,,background
ACC_001713,233,7023561.32,30144.04,603,2024-05-07T14:02:00,0,,background
ACC_001714,352,35942.72,102.11,997,2023-04-09T19:46:00,0,,background
ACC_001715,5,1789.25,357.85,266,2025-04-09T00:48:00,0,,background
ACC_001716,70,20605.2,294.36,1101,2022-12-26T04:23:00,0,,background
ACC_001717,374,4035273.0,10789.5,435,2024-10-22T01:27:00,0,,background
ACC_001718,411,1479386.28,3599.48,871,2023-08-13T09:47:00,0,,background
ACC_001719,152,43982.72,289.36,1324,2022-05-17T10:20:00,0,,background
ACC_001720,156,2047038.24,13122.04,1002,2023-04-04T00:55:00,0,,background
ACC_001721,281,233598.11,831.31,727,2024-01-04T20:59:00,0,,background
ACC_001722,239,378071.71,1581.89,309,2025-02-25T05:56:00,0,,background
ACC_001723,85,86539.35,1018.11,532,2024-07-17T02:39:00,0,,background
ACC_001724,251,570605.83,2273.33,1279,2022-07-01T17:02:00,0,,background
ACC_001725,410,728020.6,1775.66,347,2025-01-18T06:28:00,0,,background
ACC_001726,365,189135.7,518.18,995,2023-04-11T02:15:00,0,,background
ACC_001727,409,520526.12,1272.68,743,2023-12-19T08:41:00,0,,background
ACC_001728,322,7437098.76,23096.58,502,2024-08-16T00:17:00,0,,background
ACC_001729,439,893356.22,2034.98,1084,2023-01-12T01:03:00,0,,background
ACC_001730,125,3029720.0,24237.76,562,2024-06-17T10:39:00,0,,background
ACC_001731,23,62114.26,2700.62,451,2024-10-06T01:01:00,0,,background
ACC_001732,58,580679.76,10011.72,808,2023-10-15T21:22:00,0,,background
ACC_001733,497,288602.93,580.69,1144,2022-11-13T09:16:00,0,,background
ACC_001734,321,3657701.91,11394.71,1301,2022-06-09T00:45:00,0,,background
ACC_001735,124,60422.72,487.28,956,2023-05-20T00:22:00,0,,background
ACC_001736,428,48120.04,112.43,1003,2023-04-03T22:30:00,0,,background
ACC_001737,155,40602.25,261.95,1188,2022-09-30T20:03:00,0,,background
ACC_001738,299,34041.15,113.85,426,2024-10-31T05:06:00,0,,background
ACC_001739,125,3641026.25,29128.21,399,2024-11-27T09:37:00,0,,background
ACC_001740,48,1919735.52,39994.49,741,2023-12-21T13:04:00,0,,background
ACC_001741,134,1289654.86,9624.29,958,2023-05-18T20:07:00,0,,background
ACC_001742,115,21981.1,191.14,980,2023-04-26T13:25:00,0,,background
ACC_001743,277,6047693.91,21832.83,256,2025-04-19T07:56:00,0,,background
ACC_001744,11,94785.68,8616.88,1178,2022-10-10T20:51:00,0,,background
ACC_001745,120,87842.4,732.02,565,2024-06-14T05:56:00,0,,background
ACC_001746,284,575804.32,2027.48,1320,2022-05-21T09:54:00,0,,background
ACC_001747,197,1038493.38,5271.54,1095,2023-01-01T05:02:00,0,,background
ACC_001748,318,36729.0,115.5,1475,2021-12-17T14:48:00,0,,background
ACC_001749,328,662084.4,2018.55,959,2023-05-17T13:19:00,0,,background
ACC_001750,483,3887623.53,8048.91,805,2023-10-18T06:22:00,0,,background
ACC_001751,419,129416.53,308.87,306,2025-02-28T10:23:00,0,,background
ACC_001752,115,164236.1,1428.14,616,2024-04-24T18:48:00,0,,background
ACC_001753,347,843345.33,2430.39,1292,2022-06-18T01:26:00,0,,background
ACC_001754,314,2575817.36,8203.24,591,2024-05-19T03:23:00,0,,background
ACC_001755,298,9633469.84,32327.08,108,2025-09-14T13:26:00,0,,background
ACC_001756,400,6446500.0,16116.25,390,2024-12-06T07:49:00,0,,background
ACC_001757,74,306520.58,4142.17,905,2023-07-10T12:17:00,0,,background
ACC_001758,188,620619.96,3301.17,955,2023-05-21T21:56:00,0,,background
ACC_001759,409,1517929.88,3711.32,1477,2021-12-15T20:25:00,0,,background
ACC_001760,447,1171913.31,2621.73,1403,2022-02-27T18:34:00,0,,background
ACC_001761,19,2711.49,142.71,811,2023-10-12T20:45:00,0,,background
ACC_001762,236,1548535.24,6561.59,845,2023-09-08T23:12:00,0,,background
ACC_001763,133,972305.81,7310.57,1207,2022-09-11T12:50:00,0,,background
ACC_001764,84,181043.52,2155.28,101,2025-09-21T11:05:00,0,,background
ACC_001765,29,533579.12,18399.28,905,2023-07-10T04:07:00,0,,background
ACC_001766,270,1517346.0,5619.8,727,2024-01-04T14:39:00,0,,background
ACC_001767,334,293375.58,878.37,1181,2022-10-07T16:42:00,0,,background
ACC_001768,266,29930.32,112.52,1207,2022-09-11T01:52:00,0,,background
ACC_001769,185,26369.9,142.54,994,2023-04-12T03:06:00,0,,background
ACC_001770,386,317678.0,823.0,996,2023-04-10T03:23:00,0,,background
ACC_001771,327,521162.79,1593.77,1046,2023-02-19T03:59:00,0,,background
ACC_001772,455,123655.35,271.77,883,2023-08-01T04:30:00,0,,background
ACC_001773,174,54100.08,310.92,365,2024-12-31T00:55:00,0,,background
ACC_001774,120,47665.2,397.21,448,2024-10-09T01:26:00,0,,background
ACC_001775,228,2448371.16,10738.47,1121,2022-12-06T21:30:00,0,,background
ACC_001776,254,2580899.08,10161.02,939,2023-06-06T23:56:00,0,,background
ACC_001777,229,227124.49,991.81,379,2024-12-17T11:12:00,0,,background
ACC_001778,417,117122.79,280.87,1321,2022-05-20T21:45:00,0,,background
ACC_001779,23,4470.05,194.35,1472,2021-12-20T14:28:00,0,,background
ACC_001780,264,44494.56,168.54,950,2023-05-26T23:22:00,0,,background
ACC_001781,216,225208.08,1042.63,365,2024-12-31T12:03:00,0,,background
ACC_001782,106,13925.22,131.37,1410,2022-02-20T16:31:00,0,,background
ACC_001783,321,236942.94,738.14,378,2024-12-18T22:05:00,0,,background
ACC_001784,401,12738302.34,31766.34,666,2024-03-05T03:39:00,0,,background
ACC_001785,274,573202.52,2091.98,1293,2022-06-17T12:09:00,0,,background
ACC_001786,43,594346.0,13822.0,795,2023-10-28T16:46:00,0,,background
ACC_001787,38,8244.1,216.95,387,2024-12-09T18:18:00,0,,background
ACC_001788,211,105158.18,498.38,147,2025-08-06T18:55:00,0,,background
ACC_001789,335,9727817.1,29038.26,560,2024-06-19T20:01:00,0,,background
ACC_001790,157,156287.22,995.46,1018,2023-03-19T03:03:00,0,,background
ACC_001791,155,754264.1,4866.22,1081,2023-01-15T17:34:00,0,,background
ACC_001792,431,14942308.83,34668.93,357,2025-01-08T12:29:00,0,,background
ACC_001793,8,21690.64,2711.33,263,2025-04-12T23:25:00,0,,background
ACC_001794,40,24922.4,623.06,1061,2023-02-04T23:44:00,0,,background
ACC_001795,78,188910.54,2421.93,263,2025-04-12T16:20:00,0,,background
ACC_001796,492,68255.16,138.73,124,2025-08-29T02:19:00,0,,background
ACC_001797,249,48818.94,196.06,745,2023-12-17T13:29:00,0,,background
ACC_001798,80,8351.2,104.39,869,2023-08-15T11:52:00,0,,background
ACC_001799,156,3118115.52,19987.92,388,2024-12-08T01:05:00,0,,background
ACC_001800,485,2706785.0,5581.0,340,2025-01-25T18:54:00,0,,background
ACC_001801,348,207898.68,597.41,376,2024-12-20T20:23:00,0,,background
ACC_001802,112,42140.0,376.25,534,2024-07-15T23:54:00,0,,background
ACC_001803,121,724756.12,5989.72,43,2025-11-18T08:52:00,0,,background
ACC_001804,38,938558.2,24698.9,47,2025-11-14T22:59:00,0,,background
ACC_001805,387,232319.97,600.31,574,2024-06-05T07:39:00,0,,background
ACC_001806,69,47376.78,686.62,59,2025-11-02T17:22:00,0,,background
ACC_001807,144,2405183.04,16702.66,498,2024-08-20T19:29:00,0,,background
ACC_001808,175,3695349.0,21116.28,884,2023-07-31T12:20:00,0,,background
ACC_001809,311,7432557.9,23898.9,75,2025-10-17T09:20:00,0,,background
ACC_001810,304,176067.68,579.17,938,2023-06-07T18:52:00,0,,background
ACC_001811,400,82248.0,205.62,943,2023-06-02T11:57:00,0,,background
ACC_001812,149,208011.45,1396.05,873,2023-08-11T13:23:00,0,,background
ACC_001813,193,113541.9,588.3,951,2023-05-25T04:21:00,0,,background
ACC_001814,195,3889633.8,19946.84,1220,2022-08-29T00:27:00,0,,background
ACC_001815,24,2989.2,124.55,134,2025-08-19T13:46:00,0,,background
ACC_001816,369,1645968.78,4460.62,278,2025-03-28T07:12:00,0,,background
ACC_001817,268,6110448.24,22800.18,496,2024-08-22T16:56:00,0,,background
ACC_001818,238,8278123.14,34782.03,1042,2023-02-23T23:23:00,0,,background
ACC_001819,498,2448546.48,4916.76,1313,2022-05-28T08:53:00,0,,background
ACC_001820,90,2666853.0,29631.7,1381,2022-03-21T23:21:00,0,,background
ACC_001821,485,76314.75,157.35,886,2023-07-29T14:35:00,0,,background
ACC_001822,341,293505.52,860.72,633,2024-04-07T17:17:00,0,,background
ACC_001823,111,11694.96,105.36,636,2024-04-04T06:57:00,0,,background
ACC_001824,340,12150046.2,35735.43,118,2025-09-04T21:27:00,0,,background
ACC_001825,378,8441900.46,22333.07,714,2024-01-17T09:52:00,0,,background
ACC_001826,182,21530.6,118.3,784,2023-11-08T20:20:00,0,,background
ACC_001827,173,19286.04,111.48,336,2025-01-29T13:53:00,0,,background
ACC_001828,418,376751.76,901.32,1159,2022-10-29T09:56:00,0,,background
ACC_001829,81,38125.89,470.69,1224,2022-08-25T18:18:00,0,,background
ACC_001830,7,111909.42,15987.06,474,2024-09-13T18:57:00,0,,background
ACC_001831,333,87102.81,261.57,1374,2022-03-28T00:47:00,0,,background
ACC_001832,454,5180516.82,11410.83,187,2025-06-27T11:11:00,0,,background
ACC_001833,251,695681.64,2771.64,1369,2022-04-02T00:12:00,0,,background
ACC_001834,68,65238.52,959.39,1159,2022-10-29T15:09:00,0,,background
ACC_001835,270,64646.1,239.43,359,2025-01-06T23:41:00,0,,background
ACC_001836,126,4970764.26,39450.51,986,2023-04-20T19:29:00,0,,background
ACC_001837,414,1678948.02,4055.43,487,2024-08-31T02:14:00,0,,background
ACC_001838,307,427009.37,1390.91,1206,2022-09-12T00:52:00,0,,background
ACC_001839,169,156164.45,924.05,266,2025-04-09T05:17:00,0,,background
ACC_001840,313,7117106.68,22738.36,390,2024-12-06T13:55:00,0,,background
ACC_001841,334,4576534.8,13702.2,481,2024-09-06T21:06:00,0,,background
ACC_001842,340,4387659.2,12904.88,323,2025-02-11T16:22:00,0,,background
ACC_001843,184,738250.32,4012.23,519,2024-07-30T01:31:00,0,,background
ACC_001844,286,5846317.62,20441.67,916,2023-06-29T18:31:00,0,,background
ACC_001845,22,13217.82,600.81,961,2023-05-15T18:50:00,0,,background
ACC_001846,202,1369105.5,6777.75,844,2023-09-09T04:40:00,0,,background
ACC_001847,190,214363.7,1128.23,308,2025-02-26T07:17:00,0,,background
ACC_001848,268,975814.8,3641.1,327,2025-02-07T10:28:00,0,,background
ACC_001849,476,18830460.04,39559.79,1382,2022-03-20T19:29:00,0,,background
ACC_001850,477,17390451.69,36457.97,399,2024-11-27T05:49:00,0,,background
ACC_001851,242,522013.36,2157.08,181,2025-07-03T18:19:00,0,,background
ACC_001852,324,1008722.16,3113.34,697,2024-02-03T00:37:00,0,,background
ACC_001853,55,1189180.3,21621.46,40,2025-11-21T04:50:00,0,,background
ACC_001854,242,8881750.9,36701.45,534,2024-07-15T10:04:00,0,,background
ACC_001855,344,3652100.08,10616.57,1287,2022-06-23T13:30:00,0,,background
ACC_001856,342,50540.76,147.78,423,2024-11-03T20:29:00,0,,background
ACC_001857,482,333100.56,691.08,1065,2023-01-31T09:02:00,0,,background
ACC_001858,234,5036454.54,21523.31,750,2023-12-12T19:39:00,0,,background
ACC_001859,454,4532681.52,9983.88,552,2024-06-27T08:04:00,0,,background
ACC_001860,490,4183414.2,8537.58,1003,2023-04-03T18:19:00,0,,background
ACC_001861,286,1564379.96,5469.86,905,2023-07-10T02:23:00,0,,background
ACC_001862,46,55372.96,1203.76,498,2024-08-20T13:46:00,0,,background
ACC_001863,189,211698.9,1120.1,358,2025-01-07T17:57:00,0,,background
ACC_001864,383,4876290.89,12731.83,1378,2022-03-24T20:34:00,0,,background
ACC_001865,291,169172.85,581.35,277,2025-03-29T21:00:00,0,,background
ACC_001866,469,2838875.76,6053.04,1441,2022-01-20T07:56:00,0,,background
ACC_001867,408,3164452.08,7756.01,723,2024-01-08T20:25:00,0,,background
ACC_001868,32,504353.92,15761.06,1496,2021-11-26T01:17:00,0,,background
ACC_001869,431,292980.87,679.77,549,2024-06-30T23:50:00,0,,background
ACC_001870,179,1525083.58,8520.02,861,2023-08-23T06:17:00,0,,background
ACC_001871,410,77600.7,189.27,935,2023-06-10T14:04:00,0,,background
ACC_001872,254,58087.26,228.69,528,2024-07-21T02:16:00,0,,background
ACC_001873,228,277886.4,1218.8,350,2025-01-15T06:13:00,0,,background
ACC_001874,37,5151.14,139.22,795,2023-10-28T20:18:00,0,,background
ACC_001875,60,1754361.6,29239.36,1005,2023-04-01T01:47:00,0,,background
ACC_001876,298,6622215.6,22222.2,414,2024-11-12T23:39:00,0,,background
ACC_001877,285,38209.95,134.07,1158,2022-10-30T17:04:00,0,,background
ACC_001878,278,4220676.62,15182.29,969,2023-05-07T13:21:00,0,,background
ACC_001879,79,166628.38,2109.22,275,2025-03-31T00:13:00,0,,background
ACC_001880,255,1710369.15,6707.33,1410,2022-02-20T06:02:00,0,,background
ACC_001881,31,629810.26,20316.46,94,2025-09-28T07:47:00,0,,background
ACC_001882,73,231550.16,3171.92,991,2023-04-15T06:41:00,0,,background
ACC_001883,250,50192.5,200.77,676,2024-02-24T16:22:00,0,,background
ACC_001884,309,31382.04,101.56,991,2023-04-15T16:59:00,0,,background
ACC_001885,328,644011.6,1963.45,1168,2022-10-20T00:26:00,0,,background
ACC_001886,491,14489066.3,29509.3,1040,2023-02-25T07:12:00,0,,background
ACC_001887,428,1322635.56,3090.27,987,2023-04-19T08:24:00,0,,background
ACC_001888,190,177486.6,934.14,1266,2022-07-14T04:43:00,0,,background
ACC_001889,392,47177.2,120.35,1062,2023-02-03T04:17:00,0,,background
ACC_001890,48,1153645.92,24034.29,1227,2022-08-22T19:52:00,0,,background
ACC_001891,429,304607.16,710.04,622,2024-04-18T02:07:00,0,,background
ACC_001892,194,1323349.66,6821.39,328,2025-02-06T00:54:00,0,,background
ACC_001893,381,2439897.33,6403.93,375,2024-12-21T02:09:00,0,,background
ACC_001894,486,222461.64,457.74,930,2023-06-15T05:31:00,0,,background
ACC_001895,352,51582.08,146.54,812,2023-10-11T11:35:00,0,,background
ACC_001896,461,462908.54,1004.14,143,2025-08-10T23:30:00,0,,background
ACC_001897,6,4011.84,668.64,330,2025-02-04T18:48:00,0,,background
ACC_001898,86,570962.6,6639.1,1453,2022-01-08T22:33:00,0,,background
ACC_001899,314,4266314.86,13586.99,1098,2022-12-29T22:10:00,0,,background
ACC_001900,271,102749.65,379.15,1140,2022-11-17T02:12:00,0,,background
ACC_001901,61,144483.38,2368.58,319,2025-02-15T16:51:00,0,,background
ACC_001902,360,45918.0,127.55,124,2025-08-29T11:20:00,0,,background
ACC_001903,30,10830.0,361.0,458,2024-09-29T23:09:00,0,,background
ACC_001904,496,4760265.76,9597.31,1290,2022-06-20T13:11:00,0,,background
ACC_001905,79,916425.28,11600.32,775,2023-11-17T22:35:00,0,,background
ACC_001906,223,2336446.82,10477.34,1184,2022-10-04T13:58:00,0,,background
ACC_001907,412,96692.28,234.69,745,2023-12-17T07:05:00,0,,background
ACC_001908,258,700560.3,2715.35,751,2023-12-11T11:37:00,0,,background
ACC_001909,372,468225.24,1258.67,913,2023-07-02T08:39:00,0,,background
ACC_001910,352,13379794.56,38010.78,1440,2022-01-21T15:15:00,0,,background
ACC_001911,475,2391235.5,5034.18,673,2024-02-27T09:45:00,0,,background
ACC_001912,232,6294190.16,27130.13,906,2023-07-09T14:10:00,0,,background
ACC_001913,490,117061.0,238.9,1382,2022-03-20T11:56:00,0,,background
ACC_001914,259,385920.36,1490.04,577,2024-06-02T03:16:00,0,,background
ACC_001915,447,4550683.5,10180.5,1265,2022-07-15T17:03:00,0,,background
ACC_001916,367,332546.04,906.12,817,2023-10-06T01:01:00,0,,background
ACC_001917,67,296414.7,4424.1,1323,2022-05-18T14:05:00,0,,background
ACC_001918,322,690773.72,2145.26,718,2024-01-13T04:08:00,0,,background
ACC_001919,440,16769205.2,38111.83,956,2023-05-20T10:44:00,0,,background
ACC_001920,65,18422.3,283.42,505,2024-08-13T18:03:00,0,,background
ACC_001921,420,11404671.6,27153.98,964,2023-05-12T11:05:00,0,,background
ACC_001922,53,58774.35,1108.95,509,2024-08-09T10:28:00,0,,background
ACC_001923,436,719836.0,1651.0,926,2023-06-19T22:36:00,0,,background
ACC_001924,395,937670.75,2373.85,1190,2022-09-28T10:54:00,0,,background
ACC_001925,76,37265.84,490.34,669,2024-03-02T20:25:00,0,,background
ACC_001926,364,11711052.08,32173.22,661,2024-03-10T18:18:00,0,,background
ACC_001927,59,1388661.76,23536.64,503,2024-08-15T12:36:00,0,,background
ACC_001928,285,9691752.75,34006.15,1104,2022-12-23T21:36:00,0,,background
ACC_001929,462,18142056.24,39268.52,900,2023-07-15T10:26:00,0,,background
ACC_001930,103,569767.16,5531.72,789,2023-11-03T17:59:00,0,,background
ACC_001931,87,130265.97,1497.31,67,2025-10-25T01:03:00,0,,background
ACC_001932,212,3467340.56,16355.38,191,2025-06-23T02:43:00,0,,background
ACC_001933,185,21336.05,115.33,40,2025-11-21T09:52:00,0,,background
ACC_001934,25,370774.0,14830.96,1280,2022-06-30T03:00:00,0,,background
ACC_001935,228,448644.72,1967.74,1282,2022-06-28T12:09:00,0,,background
ACC_001936,130,734009.9,5646.23,129,2025-08-24T06:09:00,0,,background
ACC_001937,63,59242.05,940.35,98,2025-09-24T12:55:00,0,,background
ACC_001938,139,126530.31,910.29,1179,2022-10-09T23:51:00,0,,background
ACC_001939,11,1330.23,120.93,801,2023-10-22T22:34:00,0,,background
ACC_001940,458,580217.3,1266.85,484,2024-09-03T22:49:00,0,,background
ACC_001941,498,575165.1,1154.95,934,2023-06-11T13:16:00,0,,background
ACC_001942,184,70751.68,384.52,377,2024-12-19T07:57:00,0,,background
ACC_001943,439,193203.9,440.1,321,2025-02-13T02:28:00,0,,background
ACC_001944,231,764852.55,3311.05,570,2024-06-09T15:38:00,0,,background
ACC_001945,457,306742.97,671.21,1347,2022-04-24T03:33:00,0,,background
ACC_001946,87,1258590.72,14466.56,1158,2022-10-30T18:35:00,0,,background
ACC_001947,143,27872.13,194.91,309,2025-02-25T22:51:00,0,,background
ACC_001948,370,1178335.3,3184.69,856,2023-08-28T16:47:00,0,,background
ACC_001949,111,28957.68,260.88,1331,2022-05-10T15:57:00,0,,background
ACC_001950,412,975912.64,2368.72,1429,2022-02-01T09:54:00,0,,background
ACC_001951,213,583628.52,2740.04,1152,2022-11-05T18:02:00,0,,background
ACC_001952,202,947650.68,4691.34,219,2025-05-26T23:44:00,0,,background
ACC_001953,227,293908.25,1294.75,384,2024-12-12T11:42:00,0,,background
ACC_001954,399,844611.18,2116.82,351,2025-01-14T16:53:00,0,,background
ACC_001955,3,887.1,295.7,251,2025-04-24T13:15:00,0,,background
ACC_001956,376,602532.48,1602.48,287,2025-03-19T09:05:00,0,,background
ACC_001957,390,364513.5,934.65,495,2024-08-23T07:13:00,0,,background
ACC_001958,411,2224101.84,5411.44,847,2023-09-06T13:24:00,0,,background
ACC_001959,499,675356.58,1353.42,615,2024-04-25T10:12:00,0,,background
ACC_001960,392,4180033.2,10663.35,649,2024-03-22T11:36:00,0,,background
ACC_001961,265,340175.2,1283.68,391,2024-12-05T22:09:00,0,,background
ACC_001962,234,96096.78,410.67,252,2025-04-23T13:13:00,0,,background
ACC_001963,195,100504.95,515.41,1499,2021-11-23T08:00:00,0,,background
ACC_001964,414,54304.38,131.17,911,2023-07-04T08:31:00,0,,background
ACC_001965,197,500456.83,2540.39,367,2024-12-29T18:45:00,0,,background
ACC_001966,287,4167578.66,14521.18,1221,2022-08-28T08:55:00,0,,background
ACC_001967,49,491440.6,10029.4,1251,2022-07-29T09:10:00,0,,background
ACC_001968,159,219054.3,1377.7,1452,2022-01-09T22:00:00,0,,background
ACC_001969,134,43393.22,323.83,264,2025-04-11T22:17:00,0,,background
ACC_001970,218,3848528.4,17653.8,971,2023-05-05T03:01:00,0,,background
ACC_001971,252,35411.04,140.52,1471,2021-12-21T23:32:00,0,,background
ACC_001972,359,392552.14,1093.46,1216,2022-09-02T22:38:00,0,,background
ACC_001973,216,3659465.52,16941.97,361,2025-01-04T16:24:00,0,,background
ACC_001974,76,80146.56,1054.56,1343,2022-04-28T02:12:00,0,,background
ACC_001975,273,55320.72,202.64,650,2024-03-21T22:46:00,0,,background
ACC_001976,28,13777.68,492.06,749,2023-12-13T17:45:00,0,,background
ACC_001977,425,1547752.25,3641.77,851,2023-09-02T15:24:00,0,,background
ACC_001978,386,95982.76,248.66,1164,2022-10-24T06:04:00,0,,background
ACC_001979,113,571820.68,5060.36,206,2025-06-08T07:43:00,0,,background
ACC_001980,132,182262.96,1380.78,823,2023-09-30T19:38:00,0,,background
ACC_001981,14,10380.72,741.48,1231,2022-08-18T04:01:00,0,,background
ACC_001982,183,77509.65,423.55,836,2023-09-17T14:50:00,0,,background
ACC_001983,20,277577.4,13878.87,434,2024-10-23T23:56:00,0,,background
ACC_001984,469,505061.41,1076.89,112,2025-09-10T08:25:00,0,,background
ACC_001985,68,567644.28,8347.71,837,2023-09-16T08:59:00,0,,background
ACC_001986,330,461683.2,1399.04,1064,2023-02-01T13:50:00,0,,background
ACC_001987,286,49592.4,173.4,838,2023-09-15T15:23:00,0,,background
ACC_001988,119,166636.89,1400.31,1470,2021-12-22T17:21:00,0,,background
ACC_001989,405,848183.4,2094.28,916,2023-06-29T17:30:00,0,,background
ACC_001990,55,85446.9,1553.58,777,2023-11-15T12:37:00,0,,background
ACC_001991,444,5905990.32,13301.78,111,2025-09-11T20:26:00,0,,background
ACC_001992,371,8698888.94,23447.14,851,2023-09-02T00:22:00,0,,background
ACC_001993,318,3545458.32,11149.24,278,2025-03-28T06:12:00,0,,background
ACC_001994,440,1445061.2,3284.23,1096,2022-12-31T23:13:00,0,,background
ACC_001995,202,517889.62,2563.81,267,2025-04-08T18:21:00,0,,background
ACC_001996,141,670731.36,4756.96,1363,2022-04-08T00:07:00,0,,background
ACC_001997,78,43757.22,560.99,474,2024-09-13T14:10:00,0,,background
ACC_001998,463,5998674.3,12956.1,668,2024-03-03T09:53:00,0,,background
ACC_001999,201,3410093.64,16965.64,243,2025-05-02T18:03:00,0,,background
ACC_002000,415,205761.15,495.81,339,2025-01-26T02:07:00,0,,background
ACC_002001,167,3731673.45,22345.35,1386,2022-03-16T14:41:00,0,,background
ACC_002002,478,7724695.1,16160.45,447,2024-10-10T04:59:00,0,,background
ACC_002003,436,554661.76,1272.16,784,2023-11-08T02:24:00,0,,background
ACC_002004,155,3594220.6,23188.52,1473,2021-12-19T08:34:00,0,,background
ACC_002005,244,50207.88,205.77,947,2023-05-29T00:16:00,0,,background
ACC_002006,397,46949.22,118.26,91,2025-10-01T22:29:00,0,,background
ACC_002007,114,91637.76,803.84,555,2024-06-24T03:56:00,0,,background
ACC_002008,12,35520.48,2960.04,599,2024-05-11T06:46:00,0,,background
ACC_002009,145,119081.25,821.25,436,2024-10-21T11:08:00,0,,background
ACC_002010,296,8367745.36,28269.41,384,2024-12-12T12:58:00,0,,background
ACC_002011,69,31740.69,460.01,770,2023-11-22T23:16:00,0,,background
ACC_002012,167,90043.06,539.18,584,2024-05-26T01:43:00,0,,background
ACC_002013,460,2063560.0,4486.0,462,2024-09-25T01:33:00,0,,background
ACC_002014,38,3888.92,102.34,637,2024-04-03T22:29:00,0,,background
ACC_002015,26,203292.18,7818.93,535,2024-07-14T00:45:00,0,,background
ACC_002016,212,203486.08,959.84,366,2024-12-30T00:21:00,0,,background
ACC_002017,7,245051.1,35007.3,695,2024-02-05T14:19:00,0,,background
ACC_002018,14,88153.24,6296.66,1416,2022-02-14T14:55:00,0,,background
ACC_002019,92,12579.16,136.73,773,2023-11-19T03:38:00,0,,background
ACC_002020,52,9057.88,174.19,909,2023-07-06T10:16:00,0,,background
ACC_002021,406,68857.6,169.6,1477,2021-12-15T22:17:00,0,,background
ACC_002022,62,1867118.84,30114.82,932,2023-06-13T15:28:00,0,,background
ACC_002023,262,1578500.22,6024.81,358,2025-01-07T13:14:00,0,,background
ACC_002024,353,457540.95,1296.15,616,2024-04-24T19:54:00,0,,background
ACC_002025,313,104044.33,332.41,747,2023-12-15T14:53:00,0,,background
ACC_002026,327,6134945.1,18761.3,728,2024-01-03T18:21:00,0,,background
ACC_002027,179,59884.45,334.55,249,2025-04-26T04:19:00,0,,background
ACC_002028,445,3070308.65,6899.57,185,2025-06-29T16:12:00,0,,background
ACC_002029,35,339065.65,9687.59,544,2024-07-05T14:50:00,0,,background
ACC_002030,54,31557.6,584.4,1374,2022-03-28T05:29:00,0,,background
ACC_002031,429,883641.33,2059.77,1085,2023-01-11T15:21:00,0,,background
ACC_002032,35,13313.65,380.39,1268,2022-07-12T06:47:00,0,,background
ACC_002033,96,92953.92,968.27,286,2025-03-20T21:29:00,0,,background
ACC_002034,87,2823948.66,32459.18,639,2024-04-01T22:22:00,0,,background
ACC_002035,17,108152.3,6361.9,885,2023-07-30T13:48:00,0,,background
ACC_002036,59,941440.58,15956.62,668,2024-03-03T09:38:00,0,,background
ACC_002037,287,732073.86,2550.78,642,2024-03-29T14:48:00,0,,background
ACC_002038,331,138619.49,418.79,559,2024-06-20T07:06:00,0,,background
ACC_002039,42,300749.82,7160.71,105,2025-09-17T09:46:00,0,,background
ACC_002040,472,947219.04,2006.82,1290,2022-06-20T03:53:00,0,,background
ACC_002041,48,13848.96,288.52,1402,2022-02-28T17:58:00,0,,background
ACC_002042,344,407124.0,1183.5,148,2025-08-05T03:58:00,0,,background
ACC_002043,401,1799022.34,4486.34,638,2024-04-02T10:49:00,0,,background
ACC_002044,261,2138051.97,8191.77,791,2023-11-01T18:24:00,0,,background
ACC_002045,246,105634.86,429.41,1183,2022-10-05T04:59:00,0,,background
ACC_002046,55,1046551.0,19028.2,1481,2021-12-11T20:43:00,0,,background
ACC_002047,121,117597.48,971.88,642,2024-03-29T01:57:00,0,,background
ACC_002048,426,216233.34,507.59,1131,2022-11-26T19:36:00,0,,background
ACC_002049,175,56330.75,321.89,1408,2022-02-22T16:58:00,0,,background
ACC_002050,18,222727.86,12373.77,1251,2022-07-29T11:24:00,0,,background
ACC_002051,365,304683.75,834.75,457,2024-09-30T19:19:00,0,,background
ACC_002052,342,619238.88,1810.64,1232,2022-08-17T22:17:00,0,,background
ACC_002053,34,12920.34,380.01,636,2024-04-04T17:47:00,0,,background
ACC_002054,26,158570.88,6098.88,55,2025-11-06T19:08:00,0,,background
ACC_002055,59,635547.41,10771.99,1146,2022-11-11T11:19:00,0,,background
ACC_002056,26,19869.2,764.2,1258,2022-07-22T19:57:00,0,,background
ACC_002057,309,8894299.26,28784.14,535,2024-07-14T23:34:00,0,,background
ACC_002058,67,8048.71,120.13,693,2024-02-07T16:14:00,0,,background
ACC_002059,304,67421.12,221.78,565,2024-06-14T05:42:00,0,,background
ACC_002060,89,303004.95,3404.55,202,2025-06-12T13:38:00,0,,background
ACC_002061,487,3255604.74,6685.02,1493,2021-11-29T07:23:00,0,,background
ACC_002062,363,163005.15,449.05,63,2025-10-29T08:57:00,0,,background
ACC_002063,188,519857.6,2765.2,847,2023-09-06T15:02:00,0,,background
ACC_002064,215,144843.35,673.69,51,2025-11-10T15:50:00,0,,background
ACC_002065,33,91261.5,2765.5,1044,2023-02-21T19:59:00,0,,background
ACC_002066,28,145468.12,5195.29,1355,2022-04-16T06:00:00,0,,background
ACC_002067,269,9142336.22,33986.38,976,2023-04-30T09:37:00,0,,background
ACC_002068,12,18404.88,1533.74,921,2023-06-24T21:07:00,0,,background
ACC_002069,320,1555417.6,4860.68,1247,2022-08-02T06:11:00,0,,background
ACC_002070,192,612906.24,3192.22,1463,2021-12-29T01:06:00,0,,background
ACC_002071,70,46923.8,670.34,1297,2022-06-13T07:28:00,0,,background
ACC_002072,268,122074.0,455.5,370,2024-12-26T07:34:00,0,,background
ACC_002073,277,10303355.71,37196.23,858,2023-08-26T19:37:00,0,,background
ACC_002074,374,129157.16,345.34,1234,2022-08-15T12:58:00,0,,background
ACC_002075,99,1127142.72,11385.28,463,2024-09-24T03:06:00,0,,background
ACC_002076,274,65943.58,240.67,1023,2023-03-14T13:31:00,0,,background
ACC_002077,423,5239751.76,12387.12,63,2025-10-29T03:33:00,0,,background
ACC_002078,135,41077.8,304.28,1320,2022-05-21T07:30:00,0,,background
ACC_002079,418,13733331.48,32854.86,933,2023-06-12T17:13:00,0,,background
ACC_002080,362,2206426.2,6095.1,1123,2022-12-04T19:47:00,0,,background
ACC_002081,215,36891.85,171.59,1244,2022-08-05T07:18:00,0,,background
ACC_002082,442,2812618.38,6363.39,351,2025-01-14T01:18:00,0,,background
ACC_002083,484,1800954.32,3720.98,692,2024-02-08T23:10:00,0,,background
ACC_002084,119,89921.16,755.64,1293,2022-06-17T15:00:00,0,,background
ACC_002085,490,233695.7,476.93,272,2025-04-03T10:50:00,0,,background
ACC_002086,2,14835.04,7417.52,1239,2022-08-10T14:32:00,0,,background
ACC_002087,65,552052.15,8493.11,453,2024-10-04T22:09:00,0,,background
ACC_002088,22,15625.5,710.25,876,2023-08-08T11:03:00,0,,background
ACC_002089,184,3506011.44,19054.41,780,2023-11-12T12:25:00,0,,background
ACC_002090,469,234790.78,500.62,1039,2023-02-26T04:48:00,0,,background
ACC_002091,301,45745.98,151.98,1260,2022-07-20T02:49:00,0,,background
ACC_002092,309,1124219.25,3638.25,543,2024-07-06T00:22:00,0,,background
ACC_002093,43,8166.99,189.93,282,2025-03-24T11:48:00,0,,background
ACC_002094,259,135892.12,524.68,651,2024-03-20T10:27:00,0,,background
ACC_002095,192,400894.08,2087.99,930,2023-06-15T00:10:00,0,,background
ACC_002096,240,133454.4,556.06,1133,2022-11-24T12:37:00,0,,background
ACC_002097,131,47500.6,362.6,1138,2022-11-19T14:38:00,0,,background
ACC_002098,101,682420.64,6756.64,530,2024-07-19T23:58:00,0,,background
ACC_002099,477,1264278.96,2650.48,1406,2022-02-24T05:45:00,0,,background
ACC_002100,280,4288121.6,15314.72,152,2025-08-01T14:19:00,0,,background
ACC_002101,206,670328.12,3254.02,201,2025-06-13T09:39:00,0,,background
ACC_002102,37,67013.29,1811.17,66,2025-10-26T05:51:00,0,,background
ACC_002103,382,182752.62,478.41,1392,2022-03-10T12:54:00,0,,background
ACC_002104,237,2727414.96,11508.08,294,2025-03-12T11:55:00,0,,background
ACC_002105,194,63106.26,325.29,914,2023-07-01T01:21:00,0,,background
ACC_002106,334,142574.58,426.87,1225,2022-08-24T18:24:00,0,,background
ACC_002107,66,1021899.12,15483.32,1157,2022-10-31T15:29:00,0,,background
ACC_002108,267,2265366.84,8484.52,1425,2022-02-05T19:30:00,0,,background
ACC_002109,432,1699094.88,3933.09,109,2025-09-13T21:51:00,0,,background
ACC_002110,232,29292.32,126.26,628,2024-04-12T09:30:00,0,,background
ACC_002111,1,214.35,214.35,774,2023-11-18T16:57:00,0,,background
ACC_002112,115,229941.35,1999.49,1054,2023-02-11T13:05:00,0,,background
ACC_002113,28,245005.88,8750.21,945,2023-05-31T07:57:00,0,,background
ACC_002114,251,404847.94,1612.94,853,2023-08-31T01:35:00,0,,background
ACC_002115,183,20298.36,110.92,481,2024-09-06T11:00:00,0,,background
ACC_002116,67,20209.21,301.63,186,2025-06-28T16:13:00,0,,background
ACC_002117,344,1171020.72,3404.13,664,2024-03-07T16:51:00,0,,background
ACC_002118,89,569881.24,6403.16,411,2024-11-15T21:05:00,0,,background
ACC_002119,171,20892.78,122.18,845,2023-09-08T04:58:00,0,,background
ACC_002120,494,64042.16,129.64,1202,2022-09-16T01:11:00,0,,background
ACC_002121,34,16271.38,478.57,842,2023-09-11T15:21:00,0,,background
ACC_002122,124,20450.08,164.92,887,2023-07-28T17:46:00,0,,background
ACC_002123,159,408858.96,2571.44,91,2025-10-01T06:48:00,0,,background
ACC_002124,255,53509.2,209.84,978,2023-04-28T15:39:00,0,,background
ACC_002125,123,597875.94,4860.78,676,2024-02-24T20:11:00,0,,background
ACC_002126,486,5117089.14,10528.99,211,2025-06-03T07:09:00,0,,background
ACC_002127,3,100568.94,33522.98,344,2025-01-21T11:50:00,0,,background
ACC_002128,475,13947790.75,29363.77,1178,2022-10-10T17:39:00,0,,background
ACC_002129,268,137861.88,514.41,1378,2022-03-24T01:46:00,0,,background
ACC_002130,20,2385.4,119.27,776,2023-11-16T07:53:00,0,,background
ACC_002131,59,42462.3,719.7,1466,2021-12-26T01:22:00,0,,background
ACC_002132,52,362669.32,6974.41,294,2025-03-12T13:40:00,0,,background
ACC_002133,144,20604.96,143.09,470,2024-09-17T15:47:00,0,,background
ACC_002134,167,144115.99,862.97,1398,2022-03-04T09:09:00,0,,background
ACC_002135,321,191428.35,596.35,287,2025-03-19T18:16:00,0,,background
ACC_002136,156,58060.08,372.18,999,2023-04-07T10:14:00,0,,background
ACC_002137,363,2496325.59,6876.93,352,2025-01-13T05:58:00,0,,background
ACC_002138,147,762653.64,5188.12,517,2024-08-01T23:06:00,0,,background
ACC_002139,132,326558.76,2473.93,732,2023-12-30T20:26:00,0,,background
ACC_002140,138,3234217.68,23436.36,559,2024-06-20T05:30:00,0,,background
ACC_002141,165,30609.15,185.51,1316,2022-05-26T00:00:00,0,,background
ACC_002142,419,102734.61,245.19,1460,2022-01-01T07:07:00,0,,background
ACC_002143,124,123361.4,994.85,765,2023-11-27T15:28:00,0,,background
ACC_002144,137,697212.18,5089.14,802,2023-10-21T01:11:00,0,,background
ACC_002145,479,1585422.94,3309.86,111,2025-09-11T11:21:00,0,,background
ACC_002146,327,50956.41,155.83,374,2024-12-22T00:13:00,0,,background
ACC_002147,96,2993299.2,31180.2,88,2025-10-04T14:19:00,0,,background
ACC_002148,435,270574.35,622.01,1290,2022-06-20T16:05:00,0,,background
ACC_002149,92,79041.8,859.15,364,2025-01-01T21:47:00,0,,background
ACC_002150,82,343982.62,4194.91,531,2024-07-18T15:48:00,0,,background
ACC_002151,223,6422177.0,28799.0,1269,2022-07-11T09:18:00,0,,background
ACC_002152,346,1834132.16,5300.96,1079,2023-01-17T02:30:00,0,,background
ACC_002153,95,2898017.75,30505.45,944,2023-06-01T09:25:00,0,,background
ACC_002154,377,116002.9,307.7,86,2025-10-06T23:18:00,0,,background
ACC_002155,79,321964.5,4075.5,858,2023-08-26T23:28:00,0,,background
ACC_002156,391,5610083.64,14348.04,855,2023-08-29T00:13:00,0,,background
ACC_002157,48,101333.76,2111.12,499,2024-08-19T11:41:00,0,,background
ACC_002158,233,204059.07,875.79,1125,2022-12-02T03:09:00,0,,background
ACC_002159,321,11719411.47,36509.07,1397,2022-03-05T15:54:00,0,,background
ACC_002160,133,30953.09,232.73,411,2024-11-15T10:22:00,0,,background
ACC_002161,307,360083.37,1172.91,517,2024-08-01T01:07:00,0,,background
ACC_002162,345,6462343.35,18731.43,504,2024-08-14T18:45:00,0,,background
ACC_002163,326,7183276.34,22034.59,1258,2022-07-22T00:41:00,0,,background
ACC_002164,199,7077275.8,35564.2,144,2025-08-09T12:42:00,0,,background
ACC_002165,387,7764930.54,20064.42,1347,2022-04-24T14:27:00,0,,background
ACC_002166,366,49666.2,135.7,1170,2022-10-18T16:36:00,0,,background
ACC_002167,164,4306774.48,26260.82,740,2023-12-22T15:54:00,0,,background
ACC_002168,367,477290.84,1300.52,888,2023-07-27T05:07:00,0,,background
ACC_002169,460,2281972.6,4960.81,1345,2022-04-26T12:48:00,0,,background
ACC_002170,409,434161.68,1061.52,1162,2022-10-26T08:28:00,0,,background
ACC_002171,367,4807057.75,13098.25,437,2024-10-20T10:25:00,0,,background
ACC_002172,384,1210341.12,3151.93,104,2025-09-18T06:58:00,0,,background
ACC_002173,403,6389440.07,15854.69,998,2023-04-08T21:55:00,0,,background
ACC_002174,145,46298.5,319.3,244,2025-05-01T20:02:00,0,,background
ACC_002175,361,109357.73,302.93,159,2025-07-25T06:21:00,0,,background
ACC_002176,100,139922.0,1399.22,1474,2021-12-18T07:58:00,0,,background
ACC_002177,180,18520.2,102.89,727,2024-01-04T18:13:00,0,,background
ACC_002178,468,2972286.72,6351.04,987,2023-04-19T12:30:00,0,,background
ACC_002179,142,83683.44,589.32,349,2025-01-16T05:56:00,0,,background
ACC_002180,422,1189702.4,2819.2,179,2025-07-05T04:20:00,0,,background
ACC_002181,212,32247.32,152.11,122,2025-08-31T14:31:00,0,,background
ACC_002182,105,29188.95,277.99,551,2024-06-28T22:48:00,0,,background
ACC_002183,49,204603.42,4175.58,35,2025-11-26T18:08:00,0,,background
ACC_002184,275,171666.0,624.24,647,2024-03-24T21:43:00,0,,background
ACC_002185,226,81814.26,362.01,507,2024-08-11T20:43:00,0,,background
ACC_002186,256,100858.88,393.98,804,2023-10-19T23:44:00,0,,background
ACC_002187,22,7968.84,362.22,897,2023-07-18T06:14:00,0,,background
ACC_002188,135,563676.3,4175.38,483,2024-09-04T14:18:00,0,,background
ACC_002189,2,546.22,273.11,699,2024-02-01T09:06:00,0,,background
ACC_002190,152,133544.16,878.58,144,2025-08-09T04:47:00,0,,background
ACC_002191,466,2872824.76,6164.86,473,2024-09-14T09:13:00,0,,background
ACC_002192,77,167145.44,2170.72,1468,2021-12-24T16:26:00,0,,background
ACC_002193,345,1235890.05,3582.29,1488,2021-12-04T14:42:00,0,,background
ACC_002194,3,1348.95,449.65,744,2023-12-18T19:58:00,0,,background
ACC_002195,281,7510804.04,26728.84,1412,2022-02-18T06:11:00,0,,background
ACC_002196,461,550351.02,1193.82,767,2023-11-25T08:46:00,0,,background
ACC_002197,171,95431.68,558.08,214,2025-05-31T23:23:00,0,,background
ACC_002198,99,2232266.85,22548.15,1306,2022-06-04T19:28:00,0,,background
ACC_002199,286,1450337.46,5071.11,640,2024-03-31T01:00:00,0,,background
ACC_002200,140,554181.6,3958.44,930,2023-06-15T10:01:00,0,,background
ACC_002201,446,9050481.76,20292.56,984,2023-04-22T15:12:00,0,,background
ACC_002202,425,60354.25,142.01,483,2024-09-04T04:31:00,0,,background
ACC_002203,327,4945839.03,15124.89,1108,2022-12-19T16:20:00,0,,background
ACC_002204,320,1857776.0,5805.55,767,2023-11-25T09:32:00,0,,background
ACC_002205,302,261054.84,864.42,568,2024-06-11T19:16:00,0,,background
ACC_002206,368,170958.08,464.56,468,2024-09-19T18:52:00,0,,background
ACC_002207,231,43282.47,187.37,1127,2022-11-30T22:34:00,0,,background
ACC_002208,485,13629290.55,28101.63,396,2024-11-30T21:40:00,0,,background
ACC_002209,173,40487.19,234.03,212,2025-06-02T18:33:00,0,,background
ACC_002210,5,2366.15,473.23,1327,2022-05-14T05:33:00,0,,background
ACC_002211,350,2199736.0,6284.96,518,2024-07-31T10:52:00,0,,background
ACC_002212,332,2338823.8,7044.65,972,2023-05-04T21:02:00,0,,background
ACC_002213,491,128651.82,262.02,1083,2023-01-13T10:00:00,0,,background
ACC_002214,198,2600658.72,13134.64,1263,2022-07-17T11:00:00,0,,background
ACC_002215,213,453082.95,2127.15,950,2023-05-26T22:38:00,0,,background
ACC_002216,282,4549714.68,16133.74,1071,2023-01-25T08:23:00,0,,background
ACC_002217,197,33233.9,168.7,1261,2022-07-19T05:50:00,0,,background
ACC_002218,393,50795.25,129.25,1417,2022-02-13T19:29:00,0,,background
ACC_002219,215,977069.65,4544.51,98,2025-09-24T03:17:00,0,,background
ACC_002220,392,96306.56,245.68,1123,2022-12-04T07:55:00,0,,background
ACC_002221,213,494683.98,2322.46,286,2025-03-20T02:01:00,0,,background
ACC_002222,113,12296.66,108.82,1341,2022-04-30T10:40:00,0,,background
ACC_002223,496,5307676.16,10700.96,101,2025-09-21T08:22:00,0,,background
ACC_002224,264,5784094.8,21909.45,393,2024-12-03T01:54:00,0,,background
ACC_002225,354,5392952.82,15234.33,312,2025-02-22T11:18:00,0,,background
ACC_002226,296,9225358.0,31166.75,917,2023-06-28T15:10:00,0,,background
ACC_002227,180,4028857.2,22382.54,36,2025-11-25T22:54:00,0,,background
ACC_002228,487,696448.96,1430.08,55,2025-11-06T05:53:00,0,,background
ACC_002229,186,202319.64,1087.74,771,2023-11-21T13:44:00,0,,background
ACC_002230,497,10672841.41,21474.53,1459,2022-01-02T08:00:00,0,,background
ACC_002231,216,5577044.4,25819.65,807,2023-10-16T15:01:00,0,,background
ACC_002232,12,407904.72,33992.06,685,2024-02-15T15:25:00,0,,background
ACC_002233,19,189653.63,9981.77,997,2023-04-09T00:24:00,0,,background
ACC_002234,487,163349.54,335.42,841,2023-09-12T05:03:00,0,,background
ACC_002235,264,7593313.2,28762.55,596,2024-05-14T09:11:00,0,,background
ACC_002236,194,5653542.18,29141.97,895,2023-07-20T11:12:00,0,,background
ACC_002237,406,2197048.7,5411.45,34,2025-11-27T08:40:00,0,,background
ACC_002238,309,5255972.58,17009.62,389,2024-12-07T10:40:00,0,,background
ACC_002239,331,955087.26,2885.46,1021,2023-03-16T14:43:00,0,,background
ACC_002240,343,9816780.05,28620.35,532,2024-07-17T12:40:00,0,,background
ACC_002241,100,17556.0,175.56,109,2025-09-13T08:38:00,0,,background
ACC_002242,45,796705.65,17704.57,213,2025-06-01T12:52:00,0,,background
ACC_002243,365,50899.25,139.45,1304,2022-06-06T14:39:00,0,,background
ACC_002244,11,8390.14,762.74,514,2024-08-04T00:34:00,0,,background
ACC_002245,360,80989.2,224.97,63,2025-10-29T23:42:00,0,,background
ACC_002246,65,114723.05,1764.97,1102,2022-12-25T06:51:00,0,,background
ACC_002247,132,53075.88,402.09,810,2023-10-13T20:38:00,0,,background
ACC_002248,354,10625582.58,30015.77,693,2024-02-07T15:32:00,0,,background
ACC_002249,312,890310.72,2853.56,1346,2022-04-25T23:17:00,0,,background
ACC_002250,391,8474733.41,21674.51,491,2024-08-27T18:18:00,0,,background
ACC_002251,306,161898.48,529.08,872,2023-08-12T10:48:00,0,,background
ACC_002252,24,2804.16,116.84,1125,2022-12-02T12:58:00,0,,background
ACC_002253,420,4380768.0,10430.4,924,2023-06-21T07:42:00,0,,background
ACC_002254,108,726194.16,6724.02,335,2025-01-30T14:51:00,0,,background
ACC_002255,69,181238.85,2626.65,1032,2023-03-05T15:37:00,0,,background
ACC_002256,440,5821345.2,13230.33,1123,2022-12-04T18:02:00,0,,background
ACC_002257,98,1503751.2,15344.4,210,2025-06-04T17:50:00,0,,background
ACC_002258,269,910987.33,3386.57,273,2025-04-02T10:41:00,0,,background
ACC_002259,243,7925165.55,32613.85,1022,2023-03-15T13:17:00,0,,background
ACC_002260,385,2872065.35,7459.91,205,2025-06-09T22:30:00,0,,background
ACC_002261,23,132738.98,5771.26,1325,2022-05-16T23:58:00,0,,background
ACC_002262,54,47079.9,871.85,191,2025-06-23T21:51:00,0,,background
ACC_002263,208,21082.88,101.36,1463,2021-12-29T15:04:00,0,,background
ACC_002264,237,100390.83,423.59,1017,2023-03-20T02:54:00,0,,background
ACC_002265,395,3840288.75,9722.25,681,2024-02-19T00:22:00,0,,background
ACC_002266,303,2130935.37,7032.79,424,2024-11-02T10:13:00,0,,background
ACC_002267,75,54500.25,726.67,536,2024-07-13T12:45:00,0,,background
ACC_002268,490,2079697.2,4244.28,1131,2022-11-26T11:17:00,0,,background
ACC_002269,230,74110.6,322.22,1138,2022-11-19T07:50:00,0,,background
ACC_002270,483,234380.58,485.26,336,2025-01-29T01:43:00,0,,background
ACC_002271,495,14448337.2,29188.56,828,2023-09-25T04:42:00,0,,background
ACC_002272,26,30909.58,1188.83,1490,2021-12-02T22:01:00,0,,background
ACC_002273,253,109796.94,433.98,408,2024-11-18T09:48:00,0,,background
ACC_002274,212,392481.96,1851.33,1049,2023-02-16T23:53:00,0,,background
ACC_002275,250,254085.0,1016.34,283,2025-03-23T19:05:00,0,,background
ACC_002276,155,1226338.3,7911.86,1256,2022-07-24T19:51:00,0,,background
ACC_002277,280,8925691.6,31877.47,280,2025-03-26T03:08:00,0,,background
ACC_002278,247,855919.22,3465.26,467,2024-09-20T18:21:00,0,,background
ACC_002279,94,324584.82,3453.03,705,2024-01-26T11:26:00,0,,background
ACC_002280,145,129029.7,889.86,575,2024-06-04T16:15:00,0,,background
ACC_002281,74,217989.2,2945.8,280,2025-03-26T02:17:00,0,,background
ACC_002282,422,285909.22,677.51,972,2023-05-04T02:54:00,0,,background
ACC_002283,339,34123.74,100.66,59,2025-11-02T08:01:00,0,,background
ACC_002284,194,3478852.62,17932.23,1476,2021-12-16T11:04:00,0,,background
ACC_002285,198,259480.98,1310.51,106,2025-09-16T15:07:00,0,,background
ACC_002286,40,76296.4,1907.41,521,2024-07-28T01:23:00,0,,background
ACC_002287,145,23913.4,164.92,1397,2022-03-05T07:29:00,0,,background
ACC_002288,463,6978993.46,15073.42,258,2025-04-17T16:28:00,0,,background
ACC_002289,16,4439.68,277.48,137,2025-08-16T01:00:00,0,,background
ACC_002290,74,86634.76,1170.74,1124,2022-12-03T19:31:00,0,,background
ACC_002291,424,6513093.68,15361.07,137,2025-08-16T15:23:00,0,,background
ACC_002292,261,405340.83,1553.03,1353,2022-04-18T15:21:00,0,,background
ACC_002293,17,450156.09,26479.77,693,2024-02-07T21:41:00,0,,background
ACC_002294,245,85865.15,350.47,1308,2022-06-02T07:32:00,0,,background
ACC_002295,375,2723392.5,7262.38,390,2024-12-06T06:22:00,0,,background
ACC_002296,173,6065364.43,35059.91,237,2025-05-08T16:35:00,0,,background
ACC_002297,191,514235.03,2692.33,1446,2022-01-15T00:03:00,0,,background
ACC_002298,316,1998899.08,6325.63,1151,2022-11-06T23:18:00,0,,background
ACC_002299,300,316461.0,1054.87,1370,2022-04-01T13:00:00,0,,background
ACC_002300,452,4075335.96,9016.23,500,2024-08-18T08:59:00,0,,background
ACC_002301,124,2873204.0,23171.0,625,2024-04-15T16:19:00,0,,background
ACC_002302,139,938441.82,6751.38,879,2023-08-05T04:36:00,0,,background
ACC_002303,78,2125383.0,27248.5,690,2024-02-10T04:10:00,0,,background
ACC_002304,333,1132802.73,3401.81,386,2024-12-10T13:50:00,0,,background
ACC_002305,267,847730.34,3175.02,581,2024-05-29T09:00:00,0,,background
ACC_002306,174,107946.12,620.38,925,2023-06-20T02:37:00,0,,background
ACC_002307,348,2443840.44,7022.53,85,2025-10-07T05:16:00,0,,background
ACC_002308,189,3726964.71,19719.39,524,2024-07-25T12:02:00,0,,background
ACC_002309,98,470955.66,4805.67,460,2024-09-27T04:07:00,0,,background
ACC_002310,270,109080.0,404.0,133,2025-08-20T21:31:00,0,,background
ACC_002311,219,570490.62,2604.98,210,2025-06-04T01:12:00,0,,background
ACC_002312,203,1881440.54,9268.18,759,2023-12-03T13:56:00,0,,background
ACC_002313,223,6202753.92,27815.04,180,2025-07-04T17:26:00,0,,background
ACC_002314,458,117041.9,255.55,537,2024-07-12T08:05:00,0,,background
ACC_002315,108,23183.28,214.66,855,2023-08-29T21:37:00,0,,background
ACC_002316,138,163826.7,1187.15,1315,2022-05-26T17:03:00,0,,background
ACC_002317,283,60066.75,212.25,175,2025-07-09T20:47:00,0,,background
ACC_002318,24,853780.32,35574.18,669,2024-03-02T16:54:00,0,,background
ACC_002319,73,92766.21,1270.77,181,2025-07-03T08:29:00,0,,background
ACC_002320,284,694712.28,2446.17,660,2024-03-11T10:06:00,0,,background
ACC_002321,255,99411.75,389.85,736,2023-12-26T13:42:00,0,,background
ACC_002322,327,482171.31,1474.53,1205,2022-09-13T14:12:00,0,,background
ACC_002323,57,2080211.58,36494.94,680,2024-02-20T11:50:00,0,,background
ACC_002324,427,798033.11,1868.93,1406,2022-02-24T07:16:00,0,,background
ACC_002325,243,25619.49,105.43,232,2025-05-13T18:27:00,0,,background
ACC_002326,78,33355.14,427.63,108,2025-09-14T10:50:00,0,,background
ACC_002327,156,5484320.4,35155.9,36,2025-11-25T23:17:00,0,,background
ACC_002328,114,4270884.6,37463.9,554,2024-06-25T09:18:00,0,,background
ACC_002329,227,80119.65,352.95,313,2025-02-21T14:30:00,0,,background
ACC_002330,235,937610.05,3989.83,164,2025-07-20T00:47:00,0,,background
ACC_002331,217,34401.01,158.53,376,2024-12-20T08:53:00,0,,background
ACC_002332,231,734767.11,3180.81,1464,2021-12-28T22:03:00,0,,background
ACC_002333,454,96538.56,212.64,1207,2022-09-11T20:21:00,0,,background
ACC_002334,480,6478099.2,13496.04,57,2025-11-04T11:12:00,0,,background
ACC_002335,245,6823333.3,27850.34,1376,2022-03-26T10:19:00,0,,background
ACC_002336,482,135885.44,281.92,331,2025-02-03T02:11:00,0,,background
ACC_002337,410,655827.8,1599.58,627,2024-04-13T06:51:00,0,,background
ACC_002338,410,75563.0,184.3,511,2024-08-07T19:31:00,0,,background
ACC_002339,113,86206.57,762.89,625,2024-04-15T08:20:00,0,,background
ACC_002340,220,32494.0,147.7,1149,2022-11-08T05:54:00,0,,background
ACC_002341,177,86365.38,487.94,1078,2023-01-18T19:52:00,0,,background
ACC_002342,49,1848491.68,37724.32,903,2023-07-12T11:22:00,0,,background
ACC_002343,38,4964.32,130.64,952,2023-05-24T21:08:00,0,,background
ACC_002344,312,5360949.36,17182.53,1100,2022-12-27T16:21:00,0,,background
ACC_002345,211,33559.55,159.05,300,2025-03-06T05:58:00,0,,background
ACC_002346,413,982725.24,2379.48,612,2024-04-28T03:02:00,0,,background
ACC_002347,335,502905.35,1501.21,188,2025-06-26T00:52:00,0,,background
ACC_002348,43,1141378.24,26543.68,1065,2023-01-31T14:47:00,0,,background
ACC_002349,420,138415.2,329.56,673,2024-02-27T13:02:00,0,,background
ACC_002350,249,73071.54,293.46,967,2023-05-09T05:14:00,0,,background
ACC_002351,283,2511803.29,8875.63,860,2023-08-24T13:04:00,0,,background
ACC_002352,483,3735188.73,7733.31,432,2024-10-25T01:12:00,0,,background
ACC_002353,321,2117473.29,6596.49,234,2025-05-11T04:21:00,0,,background
ACC_002354,12,1403.4,116.95,1461,2021-12-31T21:43:00,0,,background
ACC_002355,89,42249.19,474.71,461,2024-09-26T05:41:00,0,,background
ACC_002356,214,3279982.28,15327.02,191,2025-06-23T19:04:00,0,,background
ACC_002357,19,69538.1,3659.9,480,2024-09-07T12:09:00,0,,background
ACC_002358,84,309903.72,3689.33,1357,2022-04-14T17:39:00,0,,background
ACC_002359,396,233176.68,588.83,414,2024-11-12T15:38:00,0,,background
ACC_002360,72,34223.04,475.32,1481,2021-12-11T13:43:00,0,,background
ACC_002361,84,2439337.32,29039.73,707,2024-01-24T04:41:00,0,,background
ACC_002362,253,1980539.66,7828.22,1297,2022-06-13T13:09:00,0,,background
ACC_002363,46,9837.1,213.85,990,2023-04-16T14:00:00,0,,background
ACC_002364,128,3525167.36,27540.37,94,2025-09-28T23:34:00,0,,background
ACC_002365,469,1536509.66,3276.14,779,2023-11-13T08:04:00,0,,background
ACC_002366,316,232869.88,736.93,643,2024-03-28T20:28:00,0,,background
ACC_002367,482,520506.98,1079.89,326,2025-02-08T17:33:00,0,,background
ACC_002368,178,1373933.94,7718.73,839,2023-09-14T13:42:00,0,,background
ACC_002369,309,294470.82,952.98,181,2025-07-03T23:56:00,0,,background
ACC_002370,120,384688.8,3205.74,1057,2023-02-08T11:47:00,0,,background
ACC_002371,190,1341268.9,7059.31,1238,2022-08-11T16:55:00,0,,background
ACC_002372,88,28370.32,322.39,166,2025-07-18T22:53:00,0,,background
ACC_002373,417,11942880.0,28640.0,735,2023-12-27T14:51:00,0,,background
ACC_002374,93,78571.98,844.86,993,2023-04-13T18:42:00,0,,background
ACC_002375,103,127079.34,1233.78,121,2025-09-01T18:00:00,0,,background
ACC_002376,232,1524279.44,6570.17,602,2024-05-08T21:03:00,0,,background
ACC_002377,215,825150.65,3837.91,409,2024-11-17T07:53:00,0,,background
ACC_002378,157,219339.99,1397.07,87,2025-10-05T17:38:00,0,,background
ACC_002379,179,878052.28,4905.32,1212,2022-09-06T02:08:00,0,,background
ACC_002380,148,3307311.6,22346.7,684,2024-02-16T05:54:00,0,,background
ACC_002381,457,5524618.16,12088.88,1135,2022-11-22T12:31:00,0,,background
ACC_002382,291,4061294.94,13956.34,893,2023-07-22T08:10:00,0,,background
ACC_002383,460,216347.2,470.32,1318,2022-05-23T16:27:00,0,,background
ACC_002384,494,609591.06,1233.99,1496,2021-11-26T17:48:00,0,,background
ACC_002385,326,900095.78,2761.03,915,2023-06-30T16:16:00,0,,background
ACC_002386,413,53818.03,130.31,548,2024-07-01T13:20:00,0,,background
ACC_002387,56,563940.72,10070.37,652,2024-03-19T07:39:00,0,,background
ACC_002388,475,329887.5,694.5,1244,2022-08-05T01:58:00,0,,background
ACC_002389,242,131568.14,543.67,657,2024-03-14T03:00:00,0,,background
ACC_002390,357,168796.74,472.82,794,2023-10-29T14:11:00,0,,background
ACC_002391,123,67185.06,546.22,315,2025-02-19T07:41:00,0,,background
ACC_002392,48,36372.96,757.77,1486,2021-12-06T02:52:00,0,,background
ACC_002393,443,1660328.56,3747.92,987,2023-04-19T07:29:00,0,,background
ACC_002394,225,742428.0,3299.68,515,2024-08-03T19:05:00,0,,background
ACC_002395,70,32394.6,462.78,890,2023-07-25T06:00:00,0,,background
ACC_002396,330,113668.5,344.45,620,2024-04-20T21:57:00,0,,background
ACC_002397,28,395723.16,14132.97,257,2025-04-18T14:35:00,0,,background
ACC_002398,226,39389.54,174.29,1316,2022-05-25T06:20:00,0,,background
ACC_002399,353,762377.63,2159.71,1332,2022-05-09T23:32:00,0,,background
ACC_002400,361,816654.2,2262.2,1258,2022-07-22T05:07:00,0,,background
ACC_002401,227,707888.15,3118.45,572,2024-06-07T16:58:00,0,,background
ACC_002402,185,3729807.2,20161.12,407,2024-11-19T20:40:00,0,,background
ACC_002403,420,1764861.0,4202.05,103,2025-09-19T13:39:00,0,,background
ACC_002404,93,3176409.42,34154.94,1106,2022-12-21T21:40:00,0,,background
ACC_002405,38,703228.76,18506.02,512,2024-08-06T17:31:00,0,,background
ACC_002406,79,28601.95,362.05,1342,2022-04-29T22:13:00,0,,background
ACC_002407,401,170104.2,424.2,1309,2022-06-01T13:41:00,0,,background
ACC_002408,235,185433.8,789.08,218,2025-05-27T02:16:00,0,,background
ACC_002409,19,19837.9,1044.1,1378,2022-03-24T20:52:00,0,,background
ACC_002410,85,233531.55,2747.43,236,2025-05-09T23:27:00,0,,background
ACC_002411,15,6040.95,402.73,751,2023-12-11T15:38:00,0,,background
ACC_002412,408,154603.44,378.93,727,2024-01-04T11:28:00,0,,background
ACC_002413,231,226992.15,982.65,1436,2022-01-25T23:54:00,0,,background
ACC_002414,35,196206.15,5605.89,996,2023-04-10T05:03:00,0,,background
ACC_002415,111,685278.48,6173.68,1317,2022-05-24T03:06:00,0,,background
ACC_002416,309,10712053.56,34666.84,906,2023-07-09T12:11:00,0,,background
ACC_002417,297,99875.16,336.28,1243,2022-08-06T02:07:00,0,,background
ACC_002418,410,431545.5,1052.55,1283,2022-06-27T20:52:00,0,,background
ACC_002419,13,420815.85,32370.45,1294,2022-06-16T14:30:00,0,,background
ACC_002420,35,218530.55,6243.73,635,2024-04-05T01:41:00,0,,background
ACC_002421,18,62577.36,3476.52,591,2024-05-19T04:07:00,0,,background
ACC_002422,198,502177.5,2536.25,1478,2021-12-14T00:49:00,0,,background
ACC_002423,364,57224.44,157.21,1142,2022-11-15T18:47:00,0,,background
ACC_002424,332,7010521.96,21116.03,1379,2022-03-23T06:19:00,0,,background
ACC_002425,106,449684.86,4242.31,879,2023-08-05T14:55:00,0,,background
ACC_002426,329,1010901.85,3072.65,1396,2022-03-06T11:17:00,0,,background
ACC_002427,329,833695.87,2534.03,1088,2023-01-08T12:44:00,0,,background
ACC_002428,96,100474.56,1046.61,1122,2022-12-05T09:21:00,0,,background
ACC_002429,375,172458.75,459.89,291,2025-03-15T09:08:00,0,,background
ACC_002430,212,1957622.84,9234.07,863,2023-08-21T16:24:00,0,,background
ACC_002431,30,63540.0,2118.0,1105,2022-12-22T03:48:00,0,,background
ACC_002432,196,24019.8,122.55,1149,2022-11-08T17:58:00,0,,background
ACC_002433,385,420658.7,1092.62,1438,2022-01-23T15:58:00,0,,background
ACC_002434,349,9101393.01,26078.49,510,2024-08-08T06:55:00,0,,background
ACC_002435,135,126832.5,939.5,475,2024-09-12T07:26:00,0,,background
ACC_002436,379,450710.59,1189.21,1456,2022-01-05T00:40:00,0,,background
ACC_002437,195,819631.8,4203.24,1480,2021-12-12T15:46:00,0,,background
ACC_002438,231,2815903.86,12190.06,294,2025-03-12T11:47:00,0,,background
ACC_002439,44,241450.88,5487.52,586,2024-05-24T21:04:00,0,,background
ACC_002440,499,8128191.04,16288.96,1424,2022-02-06T07:53:00,0,,background
ACC_002441,420,83139.0,197.95,323,2025-02-11T09:42:00,0,,background
ACC_002442,98,2495004.54,25459.23,1182,2022-10-06T19:32:00,0,,background
ACC_002443,281,6320704.41,22493.61,195,2025-06-19T06:00:00,0,,background
ACC_002444,391,877067.74,2243.14,292,2025-03-14T15:05:00,0,,background
ACC_002445,253,1068408.88,4222.96,1184,2022-10-04T14:55:00,0,,background
ACC_002446,106,37936.34,357.89,923,2023-06-22T13:20:00,0,,background
ACC_002447,485,710112.75,1464.15,846,2023-09-07T00:23:00,0,,background
ACC_002448,135,45476.1,336.86,1290,2022-06-20T22:12:00,0,,background
ACC_002449,168,19163.76,114.07,481,2024-09-06T05:21:00,0,,background
ACC_002450,186,6635620.68,35675.38,770,2023-11-22T02:14:00,0,,background
ACC_002451,446,210694.86,472.41,925,2023-06-20T18:35:00,0,,background
ACC_002452,251,876953.84,3493.84,1118,2022-12-09T11:31:00,0,,background
ACC_002453,360,217555.2,604.32,518,2024-07-31T08:18:00,0,,background
ACC_002454,451,415483.75,921.25,962,2023-05-14T21:26:00,0,,background
ACC_002455,465,504027.45,1083.93,689,2024-02-11T23:30:00,0,,background
ACC_002456,429,319351.89,744.41,827,2023-09-26T13:48:00,0,,background
ACC_002457,454,2068274.18,4555.67,1298,2022-06-12T00:45:00,0,,background
ACC_002458,475,15035137.0,31652.92,609,2024-05-01T22:39:00,0,,background
ACC_002459,496,646868.32,1304.17,1012,2023-03-25T06:00:00,0,,background
ACC_002460,322,10977675.52,34092.16,1415,2022-02-15T12:35:00,0,,background
ACC_002461,66,360738.18,5465.73,1151,2022-11-06T04:00:00,0,,background
ACC_002462,57,216610.83,3800.19,1484,2021-12-08T23:27:00,0,,background
ACC_002463,399,165170.04,413.96,888,2023-07-27T19:18:00,0,,background
ACC_002464,159,23180.61,145.79,444,2024-10-13T17:27:00,0,,background
ACC_002465,403,6638812.44,16473.48,1488,2021-12-04T23:19:00,0,,background
ACC_002466,468,1458072.72,3115.54,978,2023-04-28T12:00:00,0,,background
ACC_002467,323,386840.95,1197.65,385,2024-12-11T17:57:00,0,,background
ACC_002468,383,4965767.35,12965.45,496,2024-08-22T22:19:00,0,,background
ACC_002469,140,90007.4,642.91,415,2024-11-11T13:12:00,0,,background
ACC_002470,218,2384930.9,10940.05,1256,2022-07-24T17:17:00,0,,background
ACC_002471,483,344610.84,713.48,166,2025-07-18T09:21:00,0,,background
ACC_002472,409,10183834.15,24899.35,1118,2022-12-09T04:18:00,0,,background
ACC_002473,103,51298.12,498.04,844,2023-09-09T06:16:00,0,,background
ACC_002474,469,106927.31,227.99,138,2025-08-15T13:17:00,0,,background
ACC_002475,250,1638435.0,6553.74,932,2023-06-13T03:16:00,0,,background
ACC_002476,422,111956.6,265.3,1137,2022-11-20T09:56:00,0,,background
ACC_002477,261,7707972.06,29532.46,1097,2022-12-30T13:57:00,0,,background
ACC_002478,302,1533912.36,5079.18,807,2023-10-16T21:39:00,0,,background
ACC_002479,81,32299.56,398.76,523,2024-07-26T12:29:00,0,,background
ACC_002480,170,59403.1,349.43,271,2025-04-04T02:15:00,0,,background
ACC_002481,362,9176707.24,25350.02,48,2025-11-13T13:40:00,0,,background
ACC_002482,422,1610626.3,3816.65,558,2024-06-21T06:44:00,0,,background
ACC_002483,45,952285.5,21161.9,960,2023-05-16T02:14:00,0,,background
ACC_002484,39,7548.84,193.56,85,2025-10-07T07:46:00,0,,background
ACC_002485,347,8876780.5,25581.5,1499,2021-11-23T09:11:00,0,,background
ACC_002486,224,505182.72,2255.28,891,2023-07-24T22:50:00,0,,background
ACC_002487,425,2331647.75,5486.23,463,2024-09-24T11:39:00,0,,background
ACC_002488,35,32682.3,933.78,1445,2022-01-16T06:36:00,0,,background
ACC_002489,175,24941.0,142.52,300,2025-03-06T00:43:00,0,,background
ACC_002490,18,559724.4,31095.8,1438,2022-01-23T16:00:00,0,,background
ACC_002491,355,13747790.35,38726.17,444,2024-10-13T18:46:00,0,,background
ACC_002492,429,381093.57,888.33,588,2024-05-22T05:40:00,0,,background
ACC_002493,79,2257501.63,28575.97,655,2024-03-16T19:42:00,0,,background
ACC_002494,162,44253.54,273.17,1493,2021-11-29T10:13:00,0,,background
ACC_002495,423,106866.72,252.64,399,2024-11-27T00:58:00,0,,background
ACC_002496,21,3254.37,154.97,1461,2021-12-31T03:37:00,0,,background
ACC_002497,477,497305.89,1042.57,540,2024-07-09T04:58:00,0,,background
ACC_002498,444,60739.2,136.8,449,2024-10-08T08:05:00,0,,background
ACC_002499,77,81924.15,1063.95,968,2023-05-08T23:13:00,0,,background
ACC_002500,70,16039.8,229.14,1050,2023-02-15T21:02:00,0,,background
ACC_002501,346,2753931.64,7959.34,537,2024-07-12T06:06:00,0,,background
ACC_002502,6,88432.26,14738.71,227,2025-05-18T02:42:00,0,,background
ACC_002503,253,1559041.66,6162.22,612,2024-04-28T14:19:00,0,,background
ACC_002504,33,10970.19,332.43,824,2023-09-29T19:42:00,0,,background
ACC_002505,266,2631883.8,9894.3,88,2025-10-04T21:07:00,0,,background
ACC_002506,176,78474.88,445.88,145,2025-08-08T18:36:00,0,,background
ACC_002507,354,3351491.46,9467.49,1380,2022-03-22T13:38:00,0,,background
ACC_002508,441,1320812.64,2995.04,82,2025-10-10T05:06:00,0,,background
ACC_002509,245,220482.85,899.93,628,2024-04-12T10:10:00,0,,background
ACC_002510,321,52936.11,164.91,1153,2022-11-04T21:03:00,0,,background
ACC_002511,301,4283470.8,14230.8,512,2024-08-06T21:57:00,0,,background
ACC_002512,493,13736631.55,27863.35,757,2023-12-05T23:46:00,0,,background
ACC_002513,116,626925.48,5404.53,157,2025-07-27T03:42:00,0,,background
ACC_002514,120,3881292.0,32344.1,1198,2022-09-20T05:35:00,0,,background
ACC_002515,190,5121149.8,26953.42,962,2023-05-14T21:32:00,0,,background
ACC_002516,369,118415.79,320.91,1282,2022-06-28T18:43:00,0,,background
ACC_002517,433,3460557.65,7992.05,1300,2022-06-10T11:13:00,0,,background
ACC_002518,140,113512.0,810.8,546,2024-07-03T09:47:00,0,,background
ACC_002519,55,102073.4,1855.88,90,2025-10-02T06:19:00,0,,background
ACC_002520,305,78113.55,256.11,539,2024-07-10T18:09:00,0,,background
ACC_002521,299,10282666.81,34390.19,243,2025-05-02T03:24:00,0,,background
ACC_002522,188,1457507.6,7752.7,814,2023-10-09T16:39:00,0,,background
ACC_002523,93,46024.77,494.89,245,2025-04-30T13:49:00,0,,background
ACC_002524,425,393533.0,925.96,1386,2022-03-16T16:52:00,0,,background
ACC_002525,424,532955.28,1256.97,915,2023-06-30T20:16:00,0,,background
ACC_002526,374,3296091.92,8813.08,402,2024-11-24T20:32:00,0,,background
ACC_002527,290,7432207.0,25628.3,1385,2022-03-17T13:58:00,0,,background
ACC_002528,131,89883.03,686.13,1162,2022-10-26T04:01:00,0,,background
ACC_002529,202,342630.38,1696.19,673,2024-02-27T08:20:00,0,,background
ACC_002530,35,122357.2,3495.92,245,2025-04-30T18:10:00,0,,background
ACC_002531,125,131951.25,1055.61,535,2024-07-14T05:34:00,0,,background
ACC_002532,226,463467.24,2050.74,889,2023-07-26T07:03:00,0,,background
ACC_002533,219,41257.41,188.39,1156,2022-11-01T09:49:00,0,,background
ACC_002534,41,11196.69,273.09,415,2024-11-11T16:49:00,0,,background
ACC_002535,479,529692.57,1105.83,1122,2022-12-05T16:07:00,0,,background
ACC_002536,135,3243843.45,24028.47,446,2024-10-11T19:07:00,0,,background
ACC_002537,255,206820.3,811.06,392,2024-12-04T17:31:00,0,,background
ACC_002538,233,104071.78,446.66,687,2024-02-13T11:53:00,0,,background
ACC_002539,235,2013910.05,8569.83,266,2025-04-09T19:42:00,0,,background
ACC_002540,423,12474811.44,29491.28,625,2024-04-15T22:15:00,0,,background
ACC_002541,374,585515.7,1565.55,556,2024-06-23T10:10:00,0,,background
ACC_002542,434,45695.86,105.29,441,2024-10-16T03:40:00,0,,background
ACC_002543,190,1173166.4,6174.56,1170,2022-10-18T04:57:00,0,,background
ACC_002544,133,159905.9,1202.3,517,2024-08-01T13:21:00,0,,background
ACC_002545,214,1211379.1,5660.65,1052,2023-02-13T12:16:00,0,,background
ACC_002546,281,148368.0,528.0,1089,2023-01-07T03:35:00,0,,background
ACC_002547,169,17145.05,101.45,1009,2023-03-28T17:26:00,0,,background
ACC_002548,231,181974.87,787.77,426,2024-10-31T03:01:00,0,,background
ACC_002549,76,518472.0,6822.0,1250,2022-07-30T04:46:00,0,,background
ACC_002550,292,307811.8,1054.15,377,2024-12-19T19:26:00,0,,background
ACC_002551,357,132732.6,371.8,437,2024-10-20T14:24:00,0,,background
ACC_002552,264,425575.92,1612.03,1317,2022-05-24T01:28:00,0,,background
ACC_002553,437,3964035.74,9071.02,529,2024-07-20T15:08:00,0,,background
ACC_002554,498,101860.92,204.54,1055,2023-02-10T13:24:00,0,,background
ACC_002555,453,2858108.37,6309.29,92,2025-09-30T20:30:00,0,,background
ACC_002556,47,256192.77,5450.91,933,2023-06-12T13:53:00,0,,background
ACC_002557,441,406557.9,921.9,1307,2022-06-03T18:18:00,0,,background
ACC_002558,167,5592287.25,33486.75,1072,2023-01-24T19:53:00,0,,background
ACC_002559,226,4810446.16,21285.16,886,2023-07-29T22:59:00,0,,background
ACC_002560,206,136942.62,664.77,1278,2022-07-02T13:31:00,0,,background
ACC_002561,143,17228.64,120.48,468,2024-09-19T09:26:00,0,,background
ACC_002562,439,278413.8,634.2,584,2024-05-26T11:01:00,0,,background
ACC_002563,319,108766.24,340.96,132,2025-08-21T18:18:00,0,,background
ACC_002564,484,1284778.0,2654.5,1057,2023-02-08T22:10:00,0,,background
ACC_002565,478,11750492.36,24582.62,1094,2023-01-02T15:40:00,0,,background
ACC_002566,210,3862689.6,18393.76,1135,2022-11-22T20:30:00,0,,background
ACC_002567,364,227449.04,624.86,1131,2022-11-26T14:02:00,0,,background
ACC_002568,252,328577.76,1303.88,217,2025-05-28T19:35:00,0,,background
ACC_002569,248,30871.04,124.48,1009,2023-03-28T02:12:00,0,,background
ACC_002570,370,964157.1,2605.83,1152,2022-11-05T05:29:00,0,,background
ACC_002571,345,50432.1,146.18,329,2025-02-05T03:47:00,0,,background
ACC_002572,456,12626252.4,27689.15,730,2024-01-01T04:26:00,0,,background
ACC_002573,387,6974688.15,18022.45,1373,2022-03-29T15:47:00,0,,background
ACC_002574,312,112585.2,360.85,640,2024-03-31T12:00:00,0,,background
ACC_002575,460,3037784.8,6603.88,1137,2022-11-20T06:46:00,0,,background
ACC_002576,52,156324.48,3006.24,810,2023-10-13T14:49:00,0,,background
ACC_002577,382,4647767.26,12166.93,997,2023-04-09T12:38:00,0,,background
ACC_002578,197,340518.44,1728.52,951,2023-05-25T19:07:00,0,,background
ACC_002579,217,68463.5,315.5,987,2023-04-19T05:37:00,0,,background
ACC_002580,391,1807538.26,4622.86,1176,2022-10-12T22:10:00,0,,background
ACC_002581,137,22162.49,161.77,1360,2022-04-11T07:27:00,0,,background
ACC_002582,442,1467422.32,3319.96,464,2024-09-23T10:00:00,0,,background
ACC_002583,250,89415.0,357.66,1395,2022-03-07T12:49:00,0,,background
ACC_002584,175,1059945.25,6056.83,953,2023-05-23T08:05:00,0,,background
ACC_002585,165,2355602.7,14276.38,906,2023-07-09T11:24:00,0,,background
ACC_002586,211,40670.25,192.75,512,2024-08-06T07:05:00,0,,background
ACC_002587,472,519355.76,1100.33,642,2024-03-29T23:42:00,0,,background
ACC_002588,52,421376.8,8103.4,988,2023-04-18T17:18:00,0,,background
ACC_002589,254,67731.64,266.66,565,2024-06-14T13:14:00,0,,background
ACC_002590,418,1245389.2,2979.4,452,2024-10-05T12:02:00,0,,background
ACC_002591,237,1327131.27,5599.71,1234,2022-08-15T05:59:00,0,,background
ACC_002592,284,237963.6,837.9,641,2024-03-30T00:03:00,0,,background
ACC_002593,175,2558031.0,14617.32,978,2023-04-28T22:37:00,0,,background
ACC_002594,69,147099.72,2131.88,75,2025-10-17T00:10:00,0,,background
ACC_002595,320,1369708.8,4280.34,143,2025-08-10T12:28:00,0,,background
ACC_002596,460,106982.2,232.57,1277,2022-07-03T23:27:00,0,,background
ACC_002597,261,29986.29,114.89,239,2025-05-06T08:39:00,0,,background
ACC_002598,217,29410.01,135.53,1200,2022-09-18T16:11:00,0,,background
ACC_002599,65,1462069.05,22493.37,1354,2022-04-17T13:45:00,0,,background
ACC_002600,473,9365901.38,19801.06,738,2023-12-24T15:31:00,0,,background
ACC_002601,435,5494023.9,12629.94,1331,2022-05-10T17:27:00,0,,background
ACC_002602,451,149136.68,330.68,658,2024-03-13T03:16:00,0,,background
ACC_002603,180,419322.6,2329.57,1430,2022-01-31T18:32:00,0,,background
ACC_002604,313,3690529.79,11790.83,378,2024-12-18T10:20:00,0,,background
ACC_002605,217,1235916.99,5695.47,659,2024-03-12T05:31:00,0,,background
ACC_002606,118,23576.4,199.8,602,2024-05-08T16:21:00,0,,background
ACC_002607,103,2203379.09,21392.03,1183,2022-10-05T20:20:00,0,,background
ACC_002608,192,50280.96,261.88,94,2025-09-28T02:18:00,0,,background
ACC_002609,277,77535.07,279.91,1248,2022-08-01T13:11:00,0,,background
ACC_002610,62,1370472.18,22104.39,64,2025-10-28T11:28:00,0,,background
ACC_002611,352,642016.32,1823.91,494,2024-08-24T03:49:00,0,,background
ACC_002612,229,213856.23,933.87,906,2023-07-09T05:20:00,0,,background
ACC_002613,441,1216427.94,2758.34,243,2025-05-02T11:56:00,0,,background
ACC_002614,140,5009366.6,35781.19,750,2023-12-12T05:47:00,0,,background
ACC_002615,26,5324.28,204.78,1496,2021-11-26T02:13:00,0,,background
ACC_002616,157,1463949.64,9324.52,1240,2022-08-09T15:34:00,0,,background
ACC_002617,487,360964.4,741.2,74,2025-10-18T23:31:00,0,,background
ACC_002618,161,32464.04,201.64,900,2023-07-15T22:01:00,0,,background
ACC_002619,352,440999.68,1252.84,908,2023-07-07T08:46:00,0,,background
ACC_002620,422,1130318.56,2678.48,130,2025-08-23T04:59:00,0,,background
ACC_002621,143,49120.5,343.5,986,2023-04-20T10:54:00,0,,background
ACC_002622,322,365083.6,1133.8,796,2023-10-27T22:46:00,0,,background
ACC_002623,103,464412.58,4508.86,1032,2023-03-05T16:17:00,0,,background
ACC_002624,182,575471.26,3161.93,467,2024-09-20T02:14:00,0,,background
ACC_002625,149,1134731.85,7615.65,406,2024-11-20T06:27:00,0,,background
