account_id,attribute_type,attribute_id
ACC_000001,device,DEV_00006
ACC_000001,funding,CARD_00006
ACC_000001,ip,IP_00006
ACC_000001,phone,PHN_00001
ACC_000002,device,DEV_00006
ACC_000002,funding,CARD_00006
ACC_000002,ip,IP_00006
ACC_000002,phone,PHN_00008
ACC_000003,device,DEV_00007
ACC_000003,funding,CARD_00006
ACC_000003,ip,IP_00006
ACC_000003,phone,PHN_00003
ACC_000004,device,DEV_00004
ACC_000004,funding,CARD_00007
ACC_000004,ip,IP_00006
ACC_000004,phone,PHN_00006
ACC_000005,device,DEV_00007
ACC_000005,funding,CARD_00005
ACC_000005,ip,IP_00006
ACC_000005,phone,PHN_00005
ACC_000006,device,DEV_00026
ACC_000006,funding,CARD_00026
ACC_000006,ip,IP_00007
ACC_000006,phone,PHN_00030
ACC_000007,device,DEV_00026
ACC_000007,funding,CARD_00026
ACC_000007,ip,IP_00008
ACC_000007,phone,PHN_00039
ACC_000008,device,DEV_00028
ACC_000008,funding,CARD_00026
ACC_000008,ip,IP_00025
ACC_000008,phone,PHN_00012
ACC_000009,device,DEV_00011
ACC_000009,funding,CARD_00029
ACC_000009,ip,IP_00025
ACC_000009,phone,PHN_00039
ACC_000010,device,DEV_00027
ACC_000010,funding,CARD_00012
ACC_000010,ip,IP_00025
ACC_000010,phone,PHN_00039
ACC_000011,device,DEV_00030
ACC_000011,funding,CARD_00026
ACC_000011,ip,IP_00025
ACC_000011,phone,PHN_00031
ACC_000012,device,DEV_00028
ACC_000012,funding,CARD_00029
ACC_000012,ip,IP_00025
ACC_000012,phone,PHN_00016
ACC_000013,device,DEV_00028
ACC_000013,funding,CARD_00028
ACC_000013,ip,IP_00025
ACC_000013,phone,PHN_00017
ACC_000014,device,DEV_00031
ACC_000014,funding,CARD_00016
ACC_000014,ip,IP_00015
ACC_000014,phone,PHN_00018
ACC_000015,device,DEV_00030
ACC_000015,funding,CARD_00028
ACC_000015,ip,IP_00016
ACC_000015,phone,PHN_00019
ACC_000016,device,DEV_00027
ACC_000016,funding,CARD_00029
ACC_000016,ip,IP_00025
ACC_000016,phone,PHN_00020
ACC_000017,device,DEV_00028
ACC_000017,funding,CARD_00029
ACC_000017,ip,IP_00018
ACC_000017,phone,PHN_00021
ACC_000018,device,DEV_00031
ACC_000018,funding,CARD_00020
ACC_000018,ip,IP_00025
ACC_000018,phone,PHN_00033
ACC_000019,device,DEV_00029
ACC_000019,funding,CARD_00028
ACC_000019,ip,IP_00025
ACC_000019,phone,PHN_00023
ACC_000020,device,DEV_00028
ACC_000020,funding,CARD_00030
ACC_000020,ip,IP_00025
ACC_000020,phone,PHN_00024
ACC_000021,device,DEV_00026
ACC_000021,funding,CARD_00027
ACC_000021,ip,IP_00025
ACC_000021,phone,PHN_00038
ACC_000022,device,DEV_00029
ACC_000022,funding,CARD_00030
ACC_000022,ip,IP_00023
ACC_000022,phone,PHN_00026
ACC_000023,device,DEV_00030
ACC_000023,funding,CARD_00028
ACC_000023,ip,IP_00024
ACC_000023,phone,PHN_00029
ACC_000024,device,DEV_00036
ACC_000024,funding,CARD_00035
ACC_000024,ip,IP_00031
ACC_000024,phone,PHN_00040
ACC_000025,device,DEV_00036
ACC_000025,funding,CARD_00035
ACC_000025,ip,IP_00031
ACC_000025,phone,PHN_00041
ACC_000026,device,DEV_00036
ACC_000026,funding,CARD_00033
ACC_000026,ip,IP_00031
ACC_000026,phone,PHN_00045
ACC_000027,device,DEV_00038
ACC_000027,funding,CARD_00034
ACC_000027,ip,IP_00030
ACC_000027,phone,PHN_00043
ACC_000028,device,DEV_00051
ACC_000028,funding,CARD_00049
ACC_000028,ip,IP_00032
ACC_000028,phone,PHN_00065
ACC_000029,device,DEV_00051
ACC_000029,funding,CARD_00049
ACC_000029,ip,IP_00044
ACC_000029,phone,PHN_00064
ACC_000030,device,DEV_00051
ACC_000030,funding,CARD_00050
ACC_000030,ip,IP_00044
ACC_000030,phone,PHN_00062
ACC_000031,device,DEV_00053
ACC_000031,funding,CARD_00051
ACC_000031,ip,IP_00044
ACC_000031,phone,PHN_00061
ACC_000032,device,DEV_00051
ACC_000032,funding,CARD_00050
ACC_000032,ip,IP_00036
ACC_000032,phone,PHN_00065
ACC_000033,device,DEV_00052
ACC_000033,funding,CARD_00049
ACC_000033,ip,IP_00044
ACC_000033,phone,PHN_00053
ACC_000034,device,DEV_00053
ACC_000034,funding,CARD_00043
ACC_000034,ip,IP_00044
ACC_000034,phone,PHN_00054
ACC_000035,device,DEV_00054
ACC_000035,funding,CARD_00049
ACC_000035,ip,IP_00044
ACC_000035,phone,PHN_00055
ACC_000036,device,DEV_00052
ACC_000036,funding,CARD_00051
ACC_000036,ip,IP_00044
ACC_000036,phone,PHN_00063
ACC_000037,device,DEV_00054
ACC_000037,funding,CARD_00046
ACC_000037,ip,IP_00044
ACC_000037,phone,PHN_00057
ACC_000038,device,DEV_00054
ACC_000038,funding,CARD_00051
ACC_000038,ip,IP_00044
ACC_000038,phone,PHN_00058
ACC_000039,device,DEV_00054
ACC_000039,funding,CARD_00050
ACC_000039,ip,IP_00044
ACC_000039,phone,PHN_00059
ACC_000040,device,DEV_00068
ACC_000040,funding,CARD_00065
ACC_000040,ip,IP_00045
ACC_000040,phone,PHN_00081
ACC_000041,device,DEV_00068
ACC_000041,funding,CARD_00065
ACC_000041,ip,IP_00058
ACC_000041,phone,PHN_00069
ACC_000042,device,DEV_00071
ACC_000042,funding,CARD_00068
ACC_000042,ip,IP_00047
ACC_000042,phone,PHN_00070
ACC_000043,device,DEV_00069
ACC_000043,funding,CARD_00067
ACC_000043,ip,IP_00058
ACC_000043,phone,PHN_00081
ACC_000044,device,DEV_00072
ACC_000044,funding,CARD_00065
ACC_000044,ip,IP_00049
ACC_000044,phone,PHN_00081
ACC_000045,device,DEV_00060
ACC_000045,funding,CARD_00067
ACC_000045,ip,IP_00058
ACC_000045,phone,PHN_00073
ACC_000046,device,DEV_00068
ACC_000046,funding,CARD_00067
ACC_000046,ip,IP_00058
ACC_000046,phone,PHN_00074
ACC_000047,device,DEV_00068
ACC_000047,funding,CARD_00068
ACC_000047,ip,IP_00058
ACC_000047,phone,PHN_00083
ACC_000048,device,DEV_00071
ACC_000048,funding,CARD_00066
ACC_000048,ip,IP_00053
ACC_000048,phone,PHN_00088
ACC_000049,device,DEV_00064
ACC_000049,funding,CARD_00066
ACC_000049,ip,IP_00058
ACC_000049,phone,PHN_00077
ACC_000050,device,DEV_00071
ACC_000050,funding,CARD_00062
ACC_000050,ip,IP_00058
ACC_000050,phone,PHN_00078
ACC_000051,device,DEV_00070
ACC_000051,funding,CARD_00067
ACC_000051,ip,IP_00058
ACC_000051,phone,PHN_00079
ACC_000052,device,DEV_00067
ACC_000052,funding,CARD_00064
ACC_000052,ip,IP_00057
ACC_000052,phone,PHN_00080
ACC_000053,device,DEV_00090
ACC_000053,funding,CARD_00086
ACC_000053,ip,IP_00059
ACC_000053,phone,PHN_00119
ACC_000054,device,DEV_00090
ACC_000054,funding,CARD_00086
ACC_000054,ip,IP_00077
ACC_000054,phone,PHN_00109
ACC_000055,device,DEV_00075
ACC_000055,funding,CARD_00086
ACC_000055,ip,IP_00077
ACC_000055,phone,PHN_00092
ACC_000056,device,DEV_00097
ACC_000056,funding,CARD_00088
ACC_000056,ip,IP_00077
ACC_000056,phone,PHN_00093
ACC_000057,device,DEV_00097
ACC_000057,funding,CARD_00092
ACC_000057,ip,IP_00077
ACC_000057,phone,PHN_00094
ACC_000058,device,DEV_00078
ACC_000058,funding,CARD_00074
ACC_000058,ip,IP_00076
ACC_000058,phone,PHN_00111
ACC_000059,device,DEV_00092
ACC_000059,funding,CARD_00088
ACC_000059,ip,IP_00065
ACC_000059,phone,PHN_00118
ACC_000060,device,DEV_00095
ACC_000060,funding,CARD_00076
ACC_000060,ip,IP_00066
ACC_000060,phone,PHN_00097
ACC_000061,device,DEV_00101
ACC_000061,funding,CARD_00077
ACC_000061,ip,IP_00067
ACC_000061,phone,PHN_00098
ACC_000062,device,DEV_00082
ACC_000062,funding,CARD_00092
ACC_000062,ip,IP_00068
ACC_000062,phone,PHN_00099
ACC_000063,device,DEV_00083
ACC_000063,funding,CARD_00087
ACC_000063,ip,IP_00077
ACC_000063,phone,PHN_00100
ACC_000064,device,DEV_00084
ACC_000064,funding,CARD_00090
ACC_000064,ip,IP_00077
ACC_000064,phone,PHN_00118
ACC_000065,device,DEV_00096
ACC_000065,funding,CARD_00081
ACC_000065,ip,IP_00076
ACC_000065,phone,PHN_00102
ACC_000066,device,DEV_00093
ACC_000066,funding,CARD_00082
ACC_000066,ip,IP_00072
ACC_000066,phone,PHN_00103
ACC_000067,device,DEV_00099
ACC_000067,funding,CARD_00083
ACC_000067,ip,IP_00076
ACC_000067,phone,PHN_00104
ACC_000068,device,DEV_00088
ACC_000068,funding,CARD_00089
ACC_000068,ip,IP_00076
ACC_000068,phone,PHN_00105
ACC_000069,device,DEV_00090
ACC_000069,funding,CARD_00085
ACC_000069,ip,IP_00076
ACC_000069,phone,PHN_00106
ACC_000070,device,DEV_00115
ACC_000070,funding,CARD_00108
ACC_000070,ip,IP_00078
ACC_000070,phone,PHN_00121
ACC_000071,device,DEV_00115
ACC_000071,funding,CARD_00108
ACC_000071,ip,IP_00091
ACC_000071,phone,PHN_00135
ACC_000072,device,DEV_00116
ACC_000072,funding,CARD_00109
ACC_000072,ip,IP_00080
ACC_000072,phone,PHN_00137
ACC_000073,device,DEV_00117
ACC_000073,funding,CARD_00110
ACC_000073,ip,IP_00091
ACC_000073,phone,PHN_00124
ACC_000074,device,DEV_00118
ACC_000074,funding,CARD_00109
ACC_000074,ip,IP_00091
ACC_000074,phone,PHN_00125
ACC_000075,device,DEV_00118
ACC_000075,funding,CARD_00110
ACC_000075,ip,IP_00091
ACC_000075,phone,PHN_00126
ACC_000076,device,DEV_00116
ACC_000076,funding,CARD_00108
ACC_000076,ip,IP_00091
ACC_000076,phone,PHN_00127
ACC_000077,device,DEV_00115
ACC_000077,funding,CARD_00109
ACC_000077,ip,IP_00085
ACC_000077,phone,PHN_00134
ACC_000078,device,DEV_00118
ACC_000078,funding,CARD_00110
ACC_000078,ip,IP_00091
ACC_000078,phone,PHN_00129
ACC_000079,device,DEV_00117
ACC_000079,funding,CARD_00109
ACC_000079,ip,IP_00091
ACC_000079,phone,PHN_00136
ACC_000080,device,DEV_00118
ACC_000080,funding,CARD_00110
ACC_000080,ip,IP_00091
ACC_000080,phone,PHN_00134
ACC_000081,device,DEV_00115
ACC_000081,funding,CARD_00109
ACC_000081,ip,IP_00091
ACC_000081,phone,PHN_00136
ACC_000082,device,DEV_00115
ACC_000082,funding,CARD_00108
ACC_000082,ip,IP_00090
ACC_000082,phone,PHN_00135
ACC_000083,device,DEV_00128
ACC_000083,funding,CARD_00120
ACC_000083,ip,IP_00101
ACC_000083,phone,PHN_00141
ACC_000084,device,DEV_00128
ACC_000084,funding,CARD_00120
ACC_000084,ip,IP_00101
ACC_000084,phone,PHN_00142
ACC_000085,device,DEV_00128
ACC_000085,funding,CARD_00120
ACC_000085,ip,IP_00101
ACC_000085,phone,PHN_00152
ACC_000086,device,DEV_00129
ACC_000086,funding,CARD_00121
ACC_000086,ip,IP_00095
ACC_000086,phone,PHN_00153
ACC_000087,device,DEV_00128
ACC_000087,funding,CARD_00122
ACC_000087,ip,IP_00101
ACC_000087,phone,PHN_00145
ACC_000088,device,DEV_00130
ACC_000088,funding,CARD_00120
ACC_000088,ip,IP_00101
ACC_000088,phone,PHN_00146
ACC_000089,device,DEV_00128
ACC_000089,funding,CARD_00122
ACC_000089,ip,IP_00101
ACC_000089,phone,PHN_00151
ACC_000090,device,DEV_00126
ACC_000090,funding,CARD_00122
ACC_000090,ip,IP_00101
ACC_000090,phone,PHN_00151
ACC_000091,device,DEV_00128
ACC_000091,funding,CARD_00121
ACC_000091,ip,IP_00101
ACC_000091,phone,PHN_00155
ACC_000092,device,DEV_00143
ACC_000092,funding,CARD_00135
ACC_000092,ip,IP_00114
ACC_000092,phone,PHN_00168
ACC_000093,device,DEV_00143
ACC_000093,funding,CARD_00135
ACC_000093,ip,IP_00114
ACC_000093,phone,PHN_00172
ACC_000094,device,DEV_00143
ACC_000094,funding,CARD_00137
ACC_000094,ip,IP_00114
ACC_000094,phone,PHN_00158
ACC_000095,device,DEV_00145
ACC_000095,funding,CARD_00135
ACC_000095,ip,IP_00105
ACC_000095,phone,PHN_00172
ACC_000096,device,DEV_00145
ACC_000096,funding,CARD_00136
ACC_000096,ip,IP_00114
ACC_000096,phone,PHN_00160
ACC_000097,device,DEV_00143
ACC_000097,funding,CARD_00136
ACC_000097,ip,IP_00114
ACC_000097,phone,PHN_00161
ACC_000098,device,DEV_00145
ACC_000098,funding,CARD_00135
ACC_000098,ip,IP_00114
ACC_000098,phone,PHN_00169
ACC_000099,device,DEV_00144
ACC_000099,funding,CARD_00136
ACC_000099,ip,IP_00114
ACC_000099,phone,PHN_00173
ACC_000100,device,DEV_00145
ACC_000100,funding,CARD_00137
ACC_000100,ip,IP_00114
ACC_000100,phone,PHN_00164
ACC_000101,device,DEV_00143
ACC_000101,funding,CARD_00135
ACC_000101,ip,IP_00114
ACC_000101,phone,PHN_00172
ACC_000102,device,DEV_00144
ACC_000102,funding,CARD_00136
ACC_000102,ip,IP_00114
ACC_000102,phone,PHN_00166
ACC_000103,device,DEV_00143
ACC_000103,funding,CARD_00136
ACC_000103,ip,IP_00113
ACC_000103,phone,PHN_00167
ACC_000104,device,DEV_00161
ACC_000104,funding,CARD_00153
ACC_000104,ip,IP_00115
ACC_000104,phone,PHN_00190
ACC_000105,device,DEV_00161
ACC_000105,funding,CARD_00153
ACC_000105,ip,IP_00116
ACC_000105,phone,PHN_00195
ACC_000106,device,DEV_00164
ACC_000106,funding,CARD_00153
ACC_000106,ip,IP_00130
ACC_000106,phone,PHN_00189
ACC_000107,device,DEV_00163
ACC_000107,funding,CARD_00153
ACC_000107,ip,IP_00130
ACC_000107,phone,PHN_00177
ACC_000108,device,DEV_00164
ACC_000108,funding,CARD_00153
ACC_000108,ip,IP_00130
ACC_000108,phone,PHN_00196
ACC_000109,device,DEV_00162
ACC_000109,funding,CARD_00155
ACC_000109,ip,IP_00130
ACC_000109,phone,PHN_00193
ACC_000110,device,DEV_00161
ACC_000110,funding,CARD_00153
ACC_000110,ip,IP_00130
ACC_000110,phone,PHN_00193
ACC_000111,device,DEV_00162
ACC_000111,funding,CARD_00155
ACC_000111,ip,IP_00130
ACC_000111,phone,PHN_00193
ACC_000112,device,DEV_00161
ACC_000112,funding,CARD_00153
ACC_000112,ip,IP_00130
ACC_000112,phone,PHN_00182
ACC_000113,device,DEV_00162
ACC_000113,funding,CARD_00154
ACC_000113,ip,IP_00130
ACC_000113,phone,PHN_00183
ACC_000114,device,DEV_00163
ACC_000114,funding,CARD_00153
ACC_000114,ip,IP_00125
ACC_000114,phone,PHN_00184
ACC_000115,device,DEV_00162
ACC_000115,funding,CARD_00155
ACC_000115,ip,IP_00130
ACC_000115,phone,PHN_00195
ACC_000116,device,DEV_00161
ACC_000116,funding,CARD_00154
ACC_000116,ip,IP_00127
ACC_000116,phone,PHN_00186
ACC_000117,device,DEV_00163
ACC_000117,funding,CARD_00154
ACC_000117,ip,IP_00130
ACC_000117,phone,PHN_00190
ACC_000118,device,DEV_00163
ACC_000118,funding,CARD_00153
ACC_000118,ip,IP_00130
ACC_000118,phone,PHN_00196
ACC_000119,device,DEV_00174
ACC_000119,funding,CARD_00165
ACC_000119,ip,IP_00140
ACC_000119,phone,PHN_00207
ACC_000120,device,DEV_00174
ACC_000120,funding,CARD_00165
ACC_000120,ip,IP_00140
ACC_000120,phone,PHN_00198
ACC_000121,device,DEV_00174
ACC_000121,funding,CARD_00165
ACC_000121,ip,IP_00140
ACC_000121,phone,PHN_00209
ACC_000122,device,DEV_00176
ACC_000122,funding,CARD_00166
ACC_000122,ip,IP_00134
ACC_000122,phone,PHN_00200
ACC_000123,device,DEV_00174
ACC_000123,funding,CARD_00165
ACC_000123,ip,IP_00140
ACC_000123,phone,PHN_00201
ACC_000124,device,DEV_00174
ACC_000124,funding,CARD_00166
ACC_000124,ip,IP_00140
ACC_000124,phone,PHN_00202
ACC_000125,device,DEV_00176
ACC_000125,funding,CARD_00165
ACC_000125,ip,IP_00140
ACC_000125,phone,PHN_00203
ACC_000126,device,DEV_00176
ACC_000126,funding,CARD_00166
ACC_000126,ip,IP_00140
ACC_000126,phone,PHN_00207
ACC_000127,device,DEV_00174
ACC_000127,funding,CARD_00166
ACC_000127,ip,IP_00140
ACC_000127,phone,PHN_00209
ACC_000128,device,DEV_00193
ACC_000128,funding,CARD_00183
ACC_000128,ip,IP_00141
ACC_000128,phone,PHN_00233
ACC_000129,device,DEV_00193
ACC_000129,funding,CARD_00183
ACC_000129,ip,IP_00157
ACC_000129,phone,PHN_00212
ACC_000130,device,DEV_00194
ACC_000130,funding,CARD_00185
ACC_000130,ip,IP_00157
ACC_000130,phone,PHN_00229
ACC_000131,device,DEV_00195
ACC_000131,funding,CARD_00186
ACC_000131,ip,IP_00144
ACC_000131,phone,PHN_00230
ACC_000132,device,DEV_00193
ACC_000132,funding,CARD_00184
ACC_000132,ip,IP_00145
ACC_000132,phone,PHN_00228
ACC_000133,device,DEV_00193
ACC_000133,funding,CARD_00184
ACC_000133,ip,IP_00157
ACC_000133,phone,PHN_00216
ACC_000134,device,DEV_00195
ACC_000134,funding,CARD_00183
ACC_000134,ip,IP_00147
ACC_000134,phone,PHN_00234
ACC_000135,device,DEV_00194
ACC_000135,funding,CARD_00184
ACC_000135,ip,IP_00157
ACC_000135,phone,PHN_00237
ACC_000136,device,DEV_00197
ACC_000136,funding,CARD_00185
ACC_000136,ip,IP_00157
ACC_000136,phone,PHN_00219
ACC_000137,device,DEV_00186
ACC_000137,funding,CARD_00186
ACC_000137,ip,IP_00150
ACC_000137,phone,PHN_00237
ACC_000138,device,DEV_00187
ACC_000138,funding,CARD_00184
ACC_000138,ip,IP_00157
ACC_000138,phone,PHN_00221
ACC_000139,device,DEV_00193
ACC_000139,funding,CARD_00185
ACC_000139,ip,IP_00152
ACC_000139,phone,PHN_00222
ACC_000140,device,DEV_00193
ACC_000140,funding,CARD_00183
ACC_000140,ip,IP_00157
ACC_000140,phone,PHN_00223
ACC_000141,device,DEV_00190
ACC_000141,funding,CARD_00183
ACC_000141,ip,IP_00154
ACC_000141,phone,PHN_00231
ACC_000142,device,DEV_00194
ACC_000142,funding,CARD_00183
ACC_000142,ip,IP_00157
ACC_000142,phone,PHN_00232
ACC_000143,device,DEV_00195
ACC_000143,funding,CARD_00183
ACC_000143,ip,IP_00157
ACC_000143,phone,PHN_00234
ACC_000144,device,DEV_00207
ACC_000144,funding,CARD_00195
ACC_000144,ip,IP_00166
ACC_000144,phone,PHN_00238
ACC_000145,device,DEV_00207
ACC_000145,funding,CARD_00195
ACC_000145,ip,IP_00166
ACC_000145,phone,PHN_00239
ACC_000146,device,DEV_00209
ACC_000146,funding,CARD_00196
ACC_000146,ip,IP_00166
ACC_000146,phone,PHN_00251
ACC_000147,device,DEV_00208
ACC_000147,funding,CARD_00195
ACC_000147,ip,IP_00166
ACC_000147,phone,PHN_00246
ACC_000148,device,DEV_00208
ACC_000148,funding,CARD_00195
ACC_000148,ip,IP_00166
ACC_000148,phone,PHN_00242
ACC_000149,device,DEV_00207
ACC_000149,funding,CARD_00196
ACC_000149,ip,IP_00163
ACC_000149,phone,PHN_00243
ACC_000150,device,DEV_00207
ACC_000150,funding,CARD_00196
ACC_000150,ip,IP_00164
ACC_000150,phone,PHN_00244
ACC_000151,device,DEV_00207
ACC_000151,funding,CARD_00195
ACC_000151,ip,IP_00165
ACC_000151,phone,PHN_00247
ACC_000152,device,DEV_00227
ACC_000152,funding,CARD_00214
ACC_000152,ip,IP_00184
ACC_000152,phone,PHN_00275
ACC_000153,device,DEV_00227
ACC_000153,funding,CARD_00214
ACC_000153,ip,IP_00168
ACC_000153,phone,PHN_00279
ACC_000154,device,DEV_00231
ACC_000154,funding,CARD_00215
ACC_000154,ip,IP_00184
ACC_000154,phone,PHN_00254
ACC_000155,device,DEV_00232
ACC_000155,funding,CARD_00218
ACC_000155,ip,IP_00170
ACC_000155,phone,PHN_00255
ACC_000156,device,DEV_00229
ACC_000156,funding,CARD_00217
ACC_000156,ip,IP_00171
ACC_000156,phone,PHN_00272
ACC_000157,device,DEV_00231
ACC_000157,funding,CARD_00217
ACC_000157,ip,IP_00184
ACC_000157,phone,PHN_00257
ACC_000158,device,DEV_00227
ACC_000158,funding,CARD_00215
ACC_000158,ip,IP_00184
ACC_000158,phone,PHN_00269
ACC_000159,device,DEV_00228
ACC_000159,funding,CARD_00218
ACC_000159,ip,IP_00174
ACC_000159,phone,PHN_00259
ACC_000160,device,DEV_00218
ACC_000160,funding,CARD_00216
ACC_000160,ip,IP_00184
ACC_000160,phone,PHN_00260
ACC_000161,device,DEV_00219
ACC_000161,funding,CARD_00216
ACC_000161,ip,IP_00184
ACC_000161,phone,PHN_00261
ACC_000162,device,DEV_00230
ACC_000162,funding,CARD_00214
ACC_000162,ip,IP_00184
ACC_000162,phone,PHN_00278
ACC_000163,device,DEV_00232
ACC_000163,funding,CARD_00217
ACC_000163,ip,IP_00184
ACC_000163,phone,PHN_00274
ACC_000164,device,DEV_00230
ACC_000164,funding,CARD_00217
ACC_000164,ip,IP_00184
ACC_000164,phone,PHN_00264
ACC_000165,device,DEV_00227
ACC_000165,funding,CARD_00218
ACC_000165,ip,IP_00180
ACC_000165,phone,PHN_00278
ACC_000166,device,DEV_00227
ACC_000166,funding,CARD_00216
ACC_000166,ip,IP_00181
ACC_000166,phone,PHN_00271
ACC_000167,device,DEV_00228
ACC_000167,funding,CARD_00216
ACC_000167,ip,IP_00184
ACC_000167,phone,PHN_00267
ACC_000168,device,DEV_00226
ACC_000168,funding,CARD_00214
ACC_000168,ip,IP_00184
ACC_000168,phone,PHN_00277
ACC_000169,device,DEV_00251
ACC_000169,funding,CARD_00237
ACC_000169,ip,IP_00203
ACC_000169,phone,PHN_00281
ACC_000170,device,DEV_00251
ACC_000170,funding,CARD_00237
ACC_000170,ip,IP_00203
ACC_000170,phone,PHN_00282
ACC_000171,device,DEV_00255
ACC_000171,funding,CARD_00237
ACC_000171,ip,IP_00203
ACC_000171,phone,PHN_00302
ACC_000172,device,DEV_00251
ACC_000172,funding,CARD_00240
ACC_000172,ip,IP_00188
ACC_000172,phone,PHN_00306
ACC_000173,device,DEV_00255
ACC_000173,funding,CARD_00238
ACC_000173,ip,IP_00203
ACC_000173,phone,PHN_00300
ACC_000174,device,DEV_00251
ACC_000174,funding,CARD_00239
ACC_000174,ip,IP_00203
ACC_000174,phone,PHN_00300
ACC_000175,device,DEV_00251
ACC_000175,funding,CARD_00239
ACC_000175,ip,IP_00203
ACC_000175,phone,PHN_00305
ACC_000176,device,DEV_00253
ACC_000176,funding,CARD_00238
ACC_000176,ip,IP_00203
ACC_000176,phone,PHN_00288
ACC_000177,device,DEV_00251
ACC_000177,funding,CARD_00238
ACC_000177,ip,IP_00203
ACC_000177,phone,PHN_00301
ACC_000178,device,DEV_00253
ACC_000178,funding,CARD_00239
ACC_000178,ip,IP_00203
ACC_000178,phone,PHN_00302
ACC_000179,device,DEV_00255
ACC_000179,funding,CARD_00239
ACC_000179,ip,IP_00203
ACC_000179,phone,PHN_00300
ACC_000180,device,DEV_00251
ACC_000180,funding,CARD_00237
ACC_000180,ip,IP_00203
ACC_000180,phone,PHN_00306
ACC_000181,device,DEV_00254
ACC_000181,funding,CARD_00238
ACC_000181,ip,IP_00203
ACC_000181,phone,PHN_00302
ACC_000182,device,DEV_00254
ACC_000182,funding,CARD_00237
ACC_000182,ip,IP_00203
ACC_000182,phone,PHN_00294
ACC_000183,device,DEV_00251
ACC_000183,funding,CARD_00237
ACC_000183,ip,IP_00203
ACC_000183,phone,PHN_00295
ACC_000184,device,DEV_00253
ACC_000184,funding,CARD_00240
ACC_000184,ip,IP_00203
ACC_000184,phone,PHN_00304
ACC_000185,device,DEV_00254
ACC_000185,funding,CARD_00237
ACC_000185,ip,IP_00203
ACC_000185,phone,PHN_00297
ACC_000186,device,DEV_00251
ACC_000186,funding,CARD_00240
ACC_000186,ip,IP_00203
ACC_000186,phone,PHN_00298
ACC_000187,device,DEV_00270
ACC_000187,funding,CARD_00255
ACC_000187,ip,IP_00204
ACC_000187,phone,PHN_00308
ACC_000188,device,DEV_00270
ACC_000188,funding,CARD_00255
ACC_000188,ip,IP_00205
ACC_000188,phone,PHN_00309
ACC_000189,device,DEV_00274
ACC_000189,funding,CARD_00256
ACC_000189,ip,IP_00206
ACC_000189,phone,PHN_00324
ACC_000190,device,DEV_00272
ACC_000190,funding,CARD_00256
ACC_000190,ip,IP_00218
ACC_000190,phone,PHN_00311
ACC_000191,device,DEV_00273
ACC_000191,funding,CARD_00257
ACC_000191,ip,IP_00218
ACC_000191,phone,PHN_00312
ACC_000192,device,DEV_00273
ACC_000192,funding,CARD_00246
ACC_000192,ip,IP_00218
ACC_000192,phone,PHN_00313
ACC_000193,device,DEV_00274
ACC_000193,funding,CARD_00257
ACC_000193,ip,IP_00218
ACC_000193,phone,PHN_00327
ACC_000194,device,DEV_00271
ACC_000194,funding,CARD_00255
ACC_000194,ip,IP_00211
ACC_000194,phone,PHN_00315
ACC_000195,device,DEV_00271
ACC_000195,funding,CARD_00258
ACC_000195,ip,IP_00218
ACC_000195,phone,PHN_00322
ACC_000196,device,DEV_00274
ACC_000196,funding,CARD_00255
ACC_000196,ip,IP_00218
ACC_000196,phone,PHN_00317
ACC_000197,device,DEV_00274
ACC_000197,funding,CARD_00258
ACC_000197,ip,IP_00214
ACC_000197,phone,PHN_00318
ACC_000198,device,DEV_00272
ACC_000198,funding,CARD_00255
ACC_000198,ip,IP_00218
ACC_000198,phone,PHN_00323
ACC_000199,device,DEV_00270
ACC_000199,funding,CARD_00255
ACC_000199,ip,IP_00218
ACC_000199,phone,PHN_00320
ACC_000200,device,DEV_00271
ACC_000200,funding,CARD_00255
ACC_000200,ip,IP_00218
ACC_000200,phone,PHN_00321
ACC_000201,device,DEV_00292
ACC_000201,funding,CARD_00276
ACC_000201,ip,IP_00236
ACC_000201,phone,PHN_00332
ACC_000202,device,DEV_00292
ACC_000202,funding,CARD_00276
ACC_000202,ip,IP_00236
ACC_000202,phone,PHN_00353
ACC_000203,device,DEV_00296
ACC_000203,funding,CARD_00261
ACC_000203,ip,IP_00221
ACC_000203,phone,PHN_00334
ACC_000204,device,DEV_00293
ACC_000204,funding,CARD_00262
ACC_000204,ip,IP_00236
ACC_000204,phone,PHN_00335
ACC_000205,device,DEV_00296
ACC_000205,funding,CARD_00280
ACC_000205,ip,IP_00236
ACC_000205,phone,PHN_00336
ACC_000206,device,DEV_00295
ACC_000206,funding,CARD_00277
ACC_000206,ip,IP_00236
ACC_000206,phone,PHN_00337
ACC_000207,device,DEV_00295
ACC_000207,funding,CARD_00277
ACC_000207,ip,IP_00225
ACC_000207,phone,PHN_00352
ACC_000208,device,DEV_00296
ACC_000208,funding,CARD_00277
ACC_000208,ip,IP_00236
ACC_000208,phone,PHN_00339
ACC_000209,device,DEV_00293
ACC_000209,funding,CARD_00267
ACC_000209,ip,IP_00236
ACC_000209,phone,PHN_00340
ACC_000210,device,DEV_00284
ACC_000210,funding,CARD_00276
ACC_000210,ip,IP_00228
ACC_000210,phone,PHN_00357
ACC_000211,device,DEV_00292
ACC_000211,funding,CARD_00278
ACC_000211,ip,IP_00236
ACC_000211,phone,PHN_00349
ACC_000212,device,DEV_00295
ACC_000212,funding,CARD_00280
ACC_000212,ip,IP_00230
ACC_000212,phone,PHN_00353
ACC_000213,device,DEV_00292
ACC_000213,funding,CARD_00276
ACC_000213,ip,IP_00236
ACC_000213,phone,PHN_00352
ACC_000214,device,DEV_00294
ACC_000214,funding,CARD_00279
ACC_000214,ip,IP_00236
ACC_000214,phone,PHN_00345
ACC_000215,device,DEV_00293
ACC_000215,funding,CARD_00278
ACC_000215,ip,IP_00236
ACC_000215,phone,PHN_00354
ACC_000216,device,DEV_00293
ACC_000216,funding,CARD_00278
ACC_000216,ip,IP_00234
ACC_000216,phone,PHN_00347
ACC_000217,device,DEV_00292
ACC_000217,funding,CARD_00279
ACC_000217,ip,IP_00236
ACC_000217,phone,PHN_00348
ACC_000218,device,DEV_00302
ACC_000218,funding,CARD_00285
ACC_000218,ip,IP_00241
ACC_000218,phone,PHN_00366
ACC_000219,device,DEV_00302
ACC_000219,funding,CARD_00285
ACC_000219,ip,IP_00241
ACC_000219,phone,PHN_00366
ACC_000220,device,DEV_00302
ACC_000220,funding,CARD_00285
ACC_000220,ip,IP_00241
ACC_000220,phone,PHN_00363
ACC_000221,device,DEV_00302
ACC_000221,funding,CARD_00285
ACC_000221,ip,IP_00240
ACC_000221,phone,PHN_00365
ACC_000222,device,DEV_00320
ACC_000222,funding,CARD_00302
ACC_000222,ip,IP_00242
ACC_000222,phone,PHN_00391
ACC_000223,device,DEV_00320
ACC_000223,funding,CARD_00302
ACC_000223,ip,IP_00243
ACC_000223,phone,PHN_00369
ACC_000224,device,DEV_00320
ACC_000224,funding,CARD_00303
ACC_000224,ip,IP_00259
ACC_000224,phone,PHN_00393
ACC_000225,device,DEV_00322
ACC_000225,funding,CARD_00305
ACC_000225,ip,IP_00259
ACC_000225,phone,PHN_00371
ACC_000226,device,DEV_00324
ACC_000226,funding,CARD_00307
ACC_000226,ip,IP_00246
ACC_000226,phone,PHN_00372
ACC_000227,device,DEV_00324
ACC_000227,funding,CARD_00306
ACC_000227,ip,IP_00247
ACC_000227,phone,PHN_00373
ACC_000228,device,DEV_00310
ACC_000228,funding,CARD_00307
ACC_000228,ip,IP_00259
ACC_000228,phone,PHN_00393
ACC_000229,device,DEV_00328
ACC_000229,funding,CARD_00293
ACC_000229,ip,IP_00249
ACC_000229,phone,PHN_00375
ACC_000230,device,DEV_00326
ACC_000230,funding,CARD_00294
ACC_000230,ip,IP_00250
ACC_000230,phone,PHN_00376
ACC_000231,device,DEV_00329
ACC_000231,funding,CARD_00295
ACC_000231,ip,IP_00251
ACC_000231,phone,PHN_00377
ACC_000232,device,DEV_00329
ACC_000232,funding,CARD_00308
ACC_000232,ip,IP_00252
ACC_000232,phone,PHN_00388
ACC_000233,device,DEV_00315
ACC_000233,funding,CARD_00305
ACC_000233,ip,IP_00259
ACC_000233,phone,PHN_00379
ACC_000234,device,DEV_00316
ACC_000234,funding,CARD_00303
ACC_000234,ip,IP_00254
ACC_000234,phone,PHN_00380
ACC_000235,device,DEV_00322
ACC_000235,funding,CARD_00302
ACC_000235,ip,IP_00255
ACC_000235,phone,PHN_00381
ACC_000236,device,DEV_00318
ACC_000236,funding,CARD_00303
ACC_000236,ip,IP_00256
ACC_000236,phone,PHN_00386
ACC_000237,device,DEV_00326
ACC_000237,funding,CARD_00305
ACC_000237,ip,IP_00259
ACC_000237,phone,PHN_00383
ACC_000238,device,DEV_00346
ACC_000238,funding,CARD_00325
ACC_000238,ip,IP_00275
ACC_000238,phone,PHN_00417
ACC_000239,device,DEV_00346
ACC_000239,funding,CARD_00325
ACC_000239,ip,IP_00275
ACC_000239,phone,PHN_00398
ACC_000240,device,DEV_00349
ACC_000240,funding,CARD_00325
ACC_000240,ip,IP_00262
ACC_000240,phone,PHN_00399
ACC_000241,device,DEV_00347
ACC_000241,funding,CARD_00325
ACC_000241,ip,IP_00275
ACC_000241,phone,PHN_00414
ACC_000242,device,DEV_00349
ACC_000242,funding,CARD_00326
ACC_000242,ip,IP_00275
ACC_000242,phone,PHN_00401
ACC_000243,device,DEV_00349
ACC_000243,funding,CARD_00327
ACC_000243,ip,IP_00275
ACC_000243,phone,PHN_00417
ACC_000244,device,DEV_00346
ACC_000244,funding,CARD_00327
ACC_000244,ip,IP_00275
ACC_000244,phone,PHN_00412
ACC_000245,device,DEV_00349
ACC_000245,funding,CARD_00325
ACC_000245,ip,IP_00275
ACC_000245,phone,PHN_00419
ACC_000246,device,DEV_00348
ACC_000246,funding,CARD_00325
ACC_000246,ip,IP_00275
ACC_000246,phone,PHN_00405
ACC_000247,device,DEV_00348
ACC_000247,funding,CARD_00327
ACC_000247,ip,IP_00275
ACC_000247,phone,PHN_00413
ACC_000248,device,DEV_00348
ACC_000248,funding,CARD_00326
ACC_000248,ip,IP_00275
ACC_000248,phone,PHN_00407
ACC_000249,device,DEV_00346
ACC_000249,funding,CARD_00327
ACC_000249,ip,IP_00275
ACC_000249,phone,PHN_00408
ACC_000250,device,DEV_00348
ACC_000250,funding,CARD_00326
ACC_000250,ip,IP_00275
ACC_000250,phone,PHN_00409
ACC_000251,device,DEV_00346
ACC_000251,funding,CARD_00325
ACC_000251,ip,IP_00275
ACC_000251,phone,PHN_00410
ACC_000252,device,DEV_00346
ACC_000252,funding,CARD_00325
ACC_000252,ip,IP_00275
ACC_000252,phone,PHN_00411
ACC_000253,device,DEV_00365
ACC_000253,funding,CARD_00343
ACC_000253,ip,IP_00291
ACC_000253,phone,PHN_00420
ACC_000254,device,DEV_00365
ACC_000254,funding,CARD_00343
ACC_000254,ip,IP_00291
ACC_000254,phone,PHN_00443
ACC_000255,device,DEV_00369
ACC_000255,funding,CARD_00344
ACC_000255,ip,IP_00278
ACC_000255,phone,PHN_00422
ACC_000256,device,DEV_00365
ACC_000256,funding,CARD_00346
ACC_000256,ip,IP_00279
ACC_000256,phone,PHN_00423
ACC_000257,device,DEV_00369
ACC_000257,funding,CARD_00346
ACC_000257,ip,IP_00291
ACC_000257,phone,PHN_00436
ACC_000258,device,DEV_00366
ACC_000258,funding,CARD_00345
ACC_000258,ip,IP_00291
ACC_000258,phone,PHN_00441
ACC_000259,device,DEV_00365
ACC_000259,funding,CARD_00344
ACC_000259,ip,IP_00291
ACC_000259,phone,PHN_00439
ACC_000260,device,DEV_00366
ACC_000260,funding,CARD_00345
ACC_000260,ip,IP_00291
ACC_000260,phone,PHN_00440
ACC_000261,device,DEV_00368
ACC_000261,funding,CARD_00336
ACC_000261,ip,IP_00291
ACC_000261,phone,PHN_00443
ACC_000262,device,DEV_00366
ACC_000262,funding,CARD_00344
ACC_000262,ip,IP_00291
ACC_000262,phone,PHN_00429
ACC_000263,device,DEV_00367
ACC_000263,funding,CARD_00345
ACC_000263,ip,IP_00291
ACC_000263,phone,PHN_00440
ACC_000264,device,DEV_00366
ACC_000264,funding,CARD_00344
ACC_000264,ip,IP_00287
ACC_000264,phone,PHN_00431
ACC_000265,device,DEV_00368
ACC_000265,funding,CARD_00345
ACC_000265,ip,IP_00291
ACC_000265,phone,PHN_00435
ACC_000266,device,DEV_00366
ACC_000266,funding,CARD_00345
ACC_000266,ip,IP_00289
ACC_000266,phone,PHN_00433
ACC_000267,device,DEV_00367
ACC_000267,funding,CARD_00345
ACC_000267,ip,IP_00291
ACC_000267,phone,PHN_00442
ACC_000268,device,DEV_00390
ACC_000268,funding,CARD_00367
ACC_000268,ip,IP_00312
ACC_000268,phone,PHN_00445
ACC_000269,device,DEV_00390
ACC_000269,funding,CARD_00367
ACC_000269,ip,IP_00312
ACC_000269,phone,PHN_00446
ACC_000270,device,DEV_00394
ACC_000270,funding,CARD_00370
ACC_000270,ip,IP_00294
ACC_000270,phone,PHN_00469
ACC_000271,device,DEV_00394
ACC_000271,funding,CARD_00369
ACC_000271,ip,IP_00312
ACC_000271,phone,PHN_00448
ACC_000272,device,DEV_00391
ACC_000272,funding,CARD_00368
ACC_000272,ip,IP_00296
ACC_000272,phone,PHN_00471
ACC_000273,device,DEV_00392
ACC_000273,funding,CARD_00367
ACC_000273,ip,IP_00312
ACC_000273,phone,PHN_00470
ACC_000274,device,DEV_00393
ACC_000274,funding,CARD_00367
ACC_000274,ip,IP_00312
ACC_000274,phone,PHN_00465
ACC_000275,device,DEV_00392
ACC_000275,funding,CARD_00370
ACC_000275,ip,IP_00299
ACC_000275,phone,PHN_00452
ACC_000276,device,DEV_00393
ACC_000276,funding,CARD_00369
ACC_000276,ip,IP_00312
ACC_000276,phone,PHN_00453
ACC_000277,device,DEV_00394
ACC_000277,funding,CARD_00367
ACC_000277,ip,IP_00312
ACC_000277,phone,PHN_00468
ACC_000278,device,DEV_00391
ACC_000278,funding,CARD_00369
ACC_000278,ip,IP_00312
ACC_000278,phone,PHN_00472
ACC_000279,device,DEV_00391
ACC_000279,funding,CARD_00369
ACC_000279,ip,IP_00312
ACC_000279,phone,PHN_00456
ACC_000280,device,DEV_00390
ACC_000280,funding,CARD_00367
ACC_000280,ip,IP_00312
ACC_000280,phone,PHN_00457
ACC_000281,device,DEV_00391
ACC_000281,funding,CARD_00367
ACC_000281,ip,IP_00312
ACC_000281,phone,PHN_00470
ACC_000282,device,DEV_00394
ACC_000282,funding,CARD_00367
ACC_000282,ip,IP_00312
ACC_000282,phone,PHN_00459
ACC_000283,device,DEV_00392
ACC_000283,funding,CARD_00367
ACC_000283,ip,IP_00312
ACC_000283,phone,PHN_00460
ACC_000284,device,DEV_00394
ACC_000284,funding,CARD_00369
ACC_000284,ip,IP_00312
ACC_000284,phone,PHN_00465
ACC_000285,device,DEV_00390
ACC_000285,funding,CARD_00370
ACC_000285,ip,IP_00312
ACC_000285,phone,PHN_00470
ACC_000286,device,DEV_00391
ACC_000286,funding,CARD_00370
ACC_000286,ip,IP_00312
ACC_000286,phone,PHN_00463
ACC_000287,device,DEV_00391
ACC_000287,funding,CARD_00368
ACC_000287,ip,IP_00312
ACC_000287,phone,PHN_00464
ACC_000288,device,DEV_00401
ACC_000288,funding,CARD_00377
ACC_000288,ip,IP_00319
ACC_000288,phone,PHN_00475
ACC_000289,device,DEV_00401
ACC_000289,funding,CARD_00377
ACC_000289,ip,IP_00314
ACC_000289,phone,PHN_00482
ACC_000290,device,DEV_00402
ACC_000290,funding,CARD_00378
ACC_000290,ip,IP_00319
ACC_000290,phone,PHN_00477
ACC_000291,device,DEV_00402
ACC_000291,funding,CARD_00378
ACC_000291,ip,IP_00319
ACC_000291,phone,PHN_00478
ACC_000292,device,DEV_00402
ACC_000292,funding,CARD_00377
ACC_000292,ip,IP_00319
ACC_000292,phone,PHN_00479
ACC_000293,device,DEV_00402
ACC_000293,funding,CARD_00378
ACC_000293,ip,IP_00319
ACC_000293,phone,PHN_00480
ACC_000294,device,DEV_00413
ACC_000294,funding,CARD_00389
ACC_000294,ip,IP_00330
ACC_000294,phone,PHN_00499
ACC_000295,device,DEV_00413
ACC_000295,funding,CARD_00389
ACC_000295,ip,IP_00330
ACC_000295,phone,PHN_00485
ACC_000296,device,DEV_00415
ACC_000296,funding,CARD_00391
ACC_000296,ip,IP_00330
ACC_000296,phone,PHN_00498
ACC_000297,device,DEV_00413
ACC_000297,funding,CARD_00391
ACC_000297,ip,IP_00323
ACC_000297,phone,PHN_00487
ACC_000298,device,DEV_00407
ACC_000298,funding,CARD_00391
ACC_000298,ip,IP_00330
ACC_000298,phone,PHN_00488
ACC_000299,device,DEV_00413
ACC_000299,funding,CARD_00384
ACC_000299,ip,IP_00330
ACC_000299,phone,PHN_00489
ACC_000300,device,DEV_00409
ACC_000300,funding,CARD_00385
ACC_000300,ip,IP_00330
ACC_000300,phone,PHN_00490
ACC_000301,device,DEV_00413
ACC_000301,funding,CARD_00389
ACC_000301,ip,IP_00330
ACC_000301,phone,PHN_00491
ACC_000302,device,DEV_00416
ACC_000302,funding,CARD_00391
ACC_000302,ip,IP_00330
ACC_000302,phone,PHN_00492
ACC_000303,device,DEV_00415
ACC_000303,funding,CARD_00390
ACC_000303,ip,IP_00330
ACC_000303,phone,PHN_00493
ACC_000304,device,DEV_00429
ACC_000304,funding,CARD_00404
ACC_000304,ip,IP_00343
ACC_000304,phone,PHN_00501
ACC_000305,device,DEV_00429
ACC_000305,funding,CARD_00404
ACC_000305,ip,IP_00343
ACC_000305,phone,PHN_00502
ACC_000306,device,DEV_00430
ACC_000306,funding,CARD_00405
ACC_000306,ip,IP_00333
ACC_000306,phone,PHN_00514
ACC_000307,device,DEV_00431
ACC_000307,funding,CARD_00406
ACC_000307,ip,IP_00334
ACC_000307,phone,PHN_00504
ACC_000308,device,DEV_00431
ACC_000308,funding,CARD_00406
ACC_000308,ip,IP_00343
ACC_000308,phone,PHN_00505
ACC_000309,device,DEV_00430
ACC_000309,funding,CARD_00406
ACC_000309,ip,IP_00343
ACC_000309,phone,PHN_00517
ACC_000310,device,DEV_00429
ACC_000310,funding,CARD_00406
ACC_000310,ip,IP_00343
ACC_000310,phone,PHN_00516
ACC_000311,device,DEV_00431
ACC_000311,funding,CARD_00406
ACC_000311,ip,IP_00343
ACC_000311,phone,PHN_00517
ACC_000312,device,DEV_00429
ACC_000312,funding,CARD_00406
ACC_000312,ip,IP_00343
ACC_000312,phone,PHN_00514
ACC_000313,device,DEV_00431
ACC_000313,funding,CARD_00405
ACC_000313,ip,IP_00340
ACC_000313,phone,PHN_00517
ACC_000314,device,DEV_00430
ACC_000314,funding,CARD_00404
ACC_000314,ip,IP_00341
ACC_000314,phone,PHN_00511
ACC_000315,device,DEV_00429
ACC_000315,funding,CARD_00406
ACC_000315,ip,IP_00342
ACC_000315,phone,PHN_00512
ACC_000316,device,DEV_00432
ACC_000316,funding,CARD_00407
ACC_000316,ip,IP_00363
ACC_000316,phone,PHN_00519
ACC_000317,device,DEV_00451
ACC_000317,funding,CARD_00408
ACC_000317,ip,IP_00363
ACC_000317,phone,PHN_00520
ACC_000318,device,DEV_00434
ACC_000318,funding,CARD_00409
ACC_000318,ip,IP_00363
ACC_000318,phone,PHN_00521
ACC_000319,device,DEV_00452
ACC_000319,funding,CARD_00410
ACC_000319,ip,IP_00363
ACC_000319,phone,PHN_00522
ACC_000320,device,DEV_00436
ACC_000320,funding,CARD_00411
ACC_000320,ip,IP_00363
ACC_000320,phone,PHN_00523
ACC_000321,device,DEV_00437
ACC_000321,funding,CARD_00412
ACC_000321,ip,IP_00363
ACC_000321,phone,PHN_00524
ACC_000322,device,DEV_00438
ACC_000322,funding,CARD_00413
ACC_000322,ip,IP_00363
ACC_000322,phone,PHN_00525
ACC_000323,device,DEV_00453
ACC_000323,funding,CARD_00414
ACC_000323,ip,IP_00363
ACC_000323,phone,PHN_00526
ACC_000324,device,DEV_00452
ACC_000324,funding,CARD_00415
ACC_000324,ip,IP_00363
ACC_000324,phone,PHN_00527
ACC_000325,device,DEV_00441
ACC_000325,funding,CARD_00416
ACC_000325,ip,IP_00363
ACC_000325,phone,PHN_00528
ACC_000326,device,DEV_00442
ACC_000326,funding,CARD_00417
ACC_000326,ip,IP_00363
ACC_000326,phone,PHN_00529
ACC_000327,device,DEV_00451
ACC_000327,funding,CARD_00418
ACC_000327,ip,IP_00363
ACC_000327,phone,PHN_00530
ACC_000328,device,DEV_00444
ACC_000328,funding,CARD_00419
ACC_000328,ip,IP_00363
ACC_000328,phone,PHN_00531
ACC_000329,device,DEV_00452
ACC_000329,funding,CARD_00420
ACC_000329,ip,IP_00363
ACC_000329,phone,PHN_00532
ACC_000330,device,DEV_00451
ACC_000330,funding,CARD_00421
ACC_000330,ip,IP_00363
ACC_000330,phone,PHN_00533
ACC_000331,device,DEV_00452
ACC_000331,funding,CARD_00422
ACC_000331,ip,IP_00359
ACC_000331,phone,PHN_00534
ACC_000332,device,DEV_00452
ACC_000332,funding,CARD_00423
ACC_000332,ip,IP_00363
ACC_000332,phone,PHN_00535
ACC_000333,device,DEV_00452
ACC_000333,funding,CARD_00424
ACC_000333,ip,IP_00363
ACC_000333,phone,PHN_00536
ACC_000334,device,DEV_00450
ACC_000334,funding,CARD_00425
ACC_000334,ip,IP_00363
ACC_000334,phone,PHN_00537
ACC_000335,device,DEV_00454
ACC_000335,funding,CARD_00426
ACC_000335,ip,IP_00373
ACC_000335,phone,PHN_00538
ACC_000336,device,DEV_00463
ACC_000336,funding,CARD_00427
ACC_000336,ip,IP_00373
ACC_000336,phone,PHN_00539
ACC_000337,device,DEV_00456
ACC_000337,funding,CARD_00428
ACC_000337,ip,IP_00373
ACC_000337,phone,PHN_00540
ACC_000338,device,DEV_00457
ACC_000338,funding,CARD_00429
ACC_000338,ip,IP_00374
ACC_000338,phone,PHN_00541
ACC_000339,device,DEV_00458
ACC_000339,funding,CARD_00430
ACC_000339,ip,IP_00374
ACC_000339,phone,PHN_00542
ACC_000340,device,DEV_00459
ACC_000340,funding,CARD_00431
ACC_000340,ip,IP_00373
ACC_000340,phone,PHN_00543
ACC_000341,device,DEV_00463
ACC_000341,funding,CARD_00432
ACC_000341,ip,IP_00373
ACC_000341,phone,PHN_00544
ACC_000342,device,DEV_00461
ACC_000342,funding,CARD_00433
ACC_000342,ip,IP_00373
ACC_000342,phone,PHN_00545
ACC_000343,device,DEV_00463
ACC_000343,funding,CARD_00434
ACC_000343,ip,IP_00374
ACC_000343,phone,PHN_00546
ACC_000344,device,DEV_00478
ACC_000344,funding,CARD_00435
ACC_000344,ip,IP_00388
ACC_000344,phone,PHN_00547
ACC_000345,device,DEV_00466
ACC_000345,funding,CARD_00436
ACC_000345,ip,IP_00388
ACC_000345,phone,PHN_00548
ACC_000346,device,DEV_00467
ACC_000346,funding,CARD_00437
ACC_000346,ip,IP_00388
ACC_000346,phone,PHN_00549
ACC_000347,device,DEV_00468
ACC_000347,funding,CARD_00438
ACC_000347,ip,IP_00388
ACC_000347,phone,PHN_00550
ACC_000348,device,DEV_00469
ACC_000348,funding,CARD_00439
ACC_000348,ip,IP_00388
ACC_000348,phone,PHN_00551
ACC_000349,device,DEV_00470
ACC_000349,funding,CARD_00440
ACC_000349,ip,IP_00388
ACC_000349,phone,PHN_00552
ACC_000350,device,DEV_00471
ACC_000350,funding,CARD_00441
ACC_000350,ip,IP_00388
ACC_000350,phone,PHN_00553
ACC_000351,device,DEV_00472
ACC_000351,funding,CARD_00442
ACC_000351,ip,IP_00388
ACC_000351,phone,PHN_00554
ACC_000352,device,DEV_00473
ACC_000352,funding,CARD_00443
ACC_000352,ip,IP_00388
ACC_000352,phone,PHN_00555
ACC_000353,device,DEV_00474
ACC_000353,funding,CARD_00444
ACC_000353,ip,IP_00388
ACC_000353,phone,PHN_00556
ACC_000354,device,DEV_00475
ACC_000354,funding,CARD_00445
ACC_000354,ip,IP_00388
ACC_000354,phone,PHN_00557
ACC_000355,device,DEV_00476
ACC_000355,funding,CARD_00446
ACC_000355,ip,IP_00388
ACC_000355,phone,PHN_00558
ACC_000356,device,DEV_00477
ACC_000356,funding,CARD_00447
ACC_000356,ip,IP_00388
ACC_000356,phone,PHN_00559
ACC_000357,device,DEV_00479
ACC_000357,funding,CARD_00448
ACC_000357,ip,IP_00405
ACC_000357,phone,PHN_00560
ACC_000358,device,DEV_00497
ACC_000358,funding,CARD_00449
ACC_000358,ip,IP_00405
ACC_000358,phone,PHN_00561
ACC_000359,device,DEV_00495
ACC_000359,funding,CARD_00450
ACC_000359,ip,IP_00405
ACC_000359,phone,PHN_00562
ACC_000360,device,DEV_00495
ACC_000360,funding,CARD_00451
ACC_000360,ip,IP_00405
ACC_000360,phone,PHN_00563
ACC_000361,device,DEV_00497
ACC_000361,funding,CARD_00452
ACC_000361,ip,IP_00406
ACC_000361,phone,PHN_00564
ACC_000362,device,DEV_00484
ACC_000362,funding,CARD_00453
ACC_000362,ip,IP_00405
ACC_000362,phone,PHN_00565
ACC_000363,device,DEV_00496
ACC_000363,funding,CARD_00454
ACC_000363,ip,IP_00395
ACC_000363,phone,PHN_00566
ACC_000364,device,DEV_00486
ACC_000364,funding,CARD_00455
ACC_000364,ip,IP_00406
ACC_000364,phone,PHN_00567
ACC_000365,device,DEV_00495
ACC_000365,funding,CARD_00456
ACC_000365,ip,IP_00405
ACC_000365,phone,PHN_00568
ACC_000366,device,DEV_00488
ACC_000366,funding,CARD_00457
ACC_000366,ip,IP_00405
ACC_000366,phone,PHN_00569
ACC_000367,device,DEV_00489
ACC_000367,funding,CARD_00458
ACC_000367,ip,IP_00406
ACC_000367,phone,PHN_00570
ACC_000368,device,DEV_00490
ACC_000368,funding,CARD_00459
ACC_000368,ip,IP_00405
ACC_000368,phone,PHN_00571
ACC_000369,device,DEV_00495
ACC_000369,funding,CARD_00460
ACC_000369,ip,IP_00405
ACC_000369,phone,PHN_00572
ACC_000370,device,DEV_00497
ACC_000370,funding,CARD_00461
ACC_000370,ip,IP_00406
ACC_000370,phone,PHN_00573
ACC_000371,device,DEV_00493
ACC_000371,funding,CARD_00462
ACC_000371,ip,IP_00405
ACC_000371,phone,PHN_00574
ACC_000372,device,DEV_00494
ACC_000372,funding,CARD_00463
ACC_000372,ip,IP_00406
ACC_000372,phone,PHN_00575
ACC_000373,device,DEV_00498
ACC_000373,funding,CARD_00464
ACC_000373,ip,IP_00412
ACC_000373,phone,PHN_00576
ACC_000374,device,DEV_00499
ACC_000374,funding,CARD_00465
ACC_000374,ip,IP_00412
ACC_000374,phone,PHN_00577
ACC_000375,device,DEV_00500
ACC_000375,funding,CARD_00466
ACC_000375,ip,IP_00412
ACC_000375,phone,PHN_00578
ACC_000376,device,DEV_00503
ACC_000376,funding,CARD_00467
ACC_000376,ip,IP_00412
ACC_000376,phone,PHN_00579
ACC_000377,device,DEV_00503
ACC_000377,funding,CARD_00468
ACC_000377,ip,IP_00412
ACC_000377,phone,PHN_00580
ACC_000378,device,DEV_00504
ACC_000378,funding,CARD_00469
ACC_000378,ip,IP_00416
ACC_000378,phone,PHN_00581
ACC_000379,device,DEV_00507
ACC_000379,funding,CARD_00470
ACC_000379,ip,IP_00416
ACC_000379,phone,PHN_00582
ACC_000380,device,DEV_00506
ACC_000380,funding,CARD_00471
ACC_000380,ip,IP_00416
ACC_000380,phone,PHN_00583
ACC_000381,device,DEV_00508
ACC_000381,funding,CARD_00476
ACC_000381,ip,IP_00421
ACC_000381,phone,PHN_00584
ACC_000382,device,DEV_00509
ACC_000382,funding,CARD_00473
ACC_000382,ip,IP_00421
ACC_000382,phone,PHN_00585
ACC_000383,device,DEV_00510
ACC_000383,funding,CARD_00474
ACC_000383,ip,IP_00421
ACC_000383,phone,PHN_00586
ACC_000384,device,DEV_00512
ACC_000384,funding,CARD_00476
ACC_000384,ip,IP_00421
ACC_000384,phone,PHN_00587
ACC_000385,device,DEV_00513
ACC_000385,funding,CARD_00477
ACC_000385,ip,IP_00437
ACC_000385,phone,PHN_00588
ACC_000386,device,DEV_00514
ACC_000386,funding,CARD_00478
ACC_000386,ip,IP_00437
ACC_000386,phone,PHN_00589
ACC_000387,device,DEV_00515
ACC_000387,funding,CARD_00479
ACC_000387,ip,IP_00437
ACC_000387,phone,PHN_00590
ACC_000388,device,DEV_00528
ACC_000388,funding,CARD_00480
ACC_000388,ip,IP_00437
ACC_000388,phone,PHN_00591
ACC_000389,device,DEV_00528
ACC_000389,funding,CARD_00481
ACC_000389,ip,IP_00437
ACC_000389,phone,PHN_00592
ACC_000390,device,DEV_00518
ACC_000390,funding,CARD_00482
ACC_000390,ip,IP_00437
ACC_000390,phone,PHN_00593
ACC_000391,device,DEV_00528
ACC_000391,funding,CARD_00483
ACC_000391,ip,IP_00437
ACC_000391,phone,PHN_00594
ACC_000392,device,DEV_00528
ACC_000392,funding,CARD_00484
ACC_000392,ip,IP_00437
ACC_000392,phone,PHN_00595
ACC_000393,device,DEV_00521
ACC_000393,funding,CARD_00485
ACC_000393,ip,IP_00437
ACC_000393,phone,PHN_00596
ACC_000394,device,DEV_00528
ACC_000394,funding,CARD_00486
ACC_000394,ip,IP_00437
ACC_000394,phone,PHN_00597
ACC_000395,device,DEV_00523
ACC_000395,funding,CARD_00487
ACC_000395,ip,IP_00437
ACC_000395,phone,PHN_00598
ACC_000396,device,DEV_00524
ACC_000396,funding,CARD_00488
ACC_000396,ip,IP_00437
ACC_000396,phone,PHN_00599
ACC_000397,device,DEV_00525
ACC_000397,funding,CARD_00489
ACC_000397,ip,IP_00434
ACC_000397,phone,PHN_00600
ACC_000398,device,DEV_00526
ACC_000398,funding,CARD_00490
ACC_000398,ip,IP_00437
ACC_000398,phone,PHN_00601
ACC_000399,device,DEV_00527
ACC_000399,funding,CARD_00491
ACC_000399,ip,IP_00436
ACC_000399,phone,PHN_00602
ACC_000400,device,DEV_00543
ACC_000400,funding,CARD_00492
ACC_000400,ip,IP_00451
ACC_000400,phone,PHN_00603
ACC_000401,device,DEV_00530
ACC_000401,funding,CARD_00493
ACC_000401,ip,IP_00451
ACC_000401,phone,PHN_00604
ACC_000402,device,DEV_00531
ACC_000402,funding,CARD_00494
ACC_000402,ip,IP_00452
ACC_000402,phone,PHN_00605
ACC_000403,device,DEV_00532
ACC_000403,funding,CARD_00495
ACC_000403,ip,IP_00451
ACC_000403,phone,PHN_00606
ACC_000404,device,DEV_00533
ACC_000404,funding,CARD_00496
ACC_000404,ip,IP_00451
ACC_000404,phone,PHN_00607
ACC_000405,device,DEV_00534
ACC_000405,funding,CARD_00497
ACC_000405,ip,IP_00451
ACC_000405,phone,PHN_00608
ACC_000406,device,DEV_00543
ACC_000406,funding,CARD_00498
ACC_000406,ip,IP_00444
ACC_000406,phone,PHN_00609
ACC_000407,device,DEV_00536
ACC_000407,funding,CARD_00499
ACC_000407,ip,IP_00452
ACC_000407,phone,PHN_00610
ACC_000408,device,DEV_00543
ACC_000408,funding,CARD_00500
ACC_000408,ip,IP_00446
ACC_000408,phone,PHN_00611
ACC_000409,device,DEV_00538
ACC_000409,funding,CARD_00501
ACC_000409,ip,IP_00452
ACC_000409,phone,PHN_00612
ACC_000410,device,DEV_00539
ACC_000410,funding,CARD_00502
ACC_000410,ip,IP_00451
ACC_000410,phone,PHN_00613
ACC_000411,device,DEV_00542
ACC_000411,funding,CARD_00503
ACC_000411,ip,IP_00452
ACC_000411,phone,PHN_00614
ACC_000412,device,DEV_00541
ACC_000412,funding,CARD_00504
ACC_000412,ip,IP_00451
ACC_000412,phone,PHN_00615
ACC_000413,device,DEV_00547
ACC_000413,funding,CARD_00505
ACC_000413,ip,IP_00456
ACC_000413,phone,PHN_00616
ACC_000414,device,DEV_00545
ACC_000414,funding,CARD_00506
ACC_000414,ip,IP_00456
ACC_000414,phone,PHN_00617
ACC_000415,device,DEV_00546
ACC_000415,funding,CARD_00507
ACC_000415,ip,IP_00456
ACC_000415,phone,PHN_00618
ACC_000416,device,DEV_00560
ACC_000416,funding,CARD_00508
ACC_000416,ip,IP_00469
ACC_000416,phone,PHN_00619
ACC_000417,device,DEV_00549
ACC_000417,funding,CARD_00509
ACC_000417,ip,IP_00469
ACC_000417,phone,PHN_00620
ACC_000418,device,DEV_00560
ACC_000418,funding,CARD_00510
ACC_000418,ip,IP_00459
ACC_000418,phone,PHN_00621
ACC_000419,device,DEV_00551
ACC_000419,funding,CARD_00511
ACC_000419,ip,IP_00469
ACC_000419,phone,PHN_00622
ACC_000420,device,DEV_00560
ACC_000420,funding,CARD_00512
ACC_000420,ip,IP_00469
ACC_000420,phone,PHN_00623
ACC_000421,device,DEV_00553
ACC_000421,funding,CARD_00513
ACC_000421,ip,IP_00469
ACC_000421,phone,PHN_00624
ACC_000422,device,DEV_00554
ACC_000422,funding,CARD_00514
ACC_000422,ip,IP_00469
ACC_000422,phone,PHN_00625
ACC_000423,device,DEV_00560
ACC_000423,funding,CARD_00515
ACC_000423,ip,IP_00469
ACC_000423,phone,PHN_00626
ACC_000424,device,DEV_00560
ACC_000424,funding,CARD_00516
ACC_000424,ip,IP_00469
ACC_000424,phone,PHN_00627
ACC_000425,device,DEV_00557
ACC_000425,funding,CARD_00517
ACC_000425,ip,IP_00469
ACC_000425,phone,PHN_00628
ACC_000426,device,DEV_00560
ACC_000426,funding,CARD_00518
ACC_000426,ip,IP_00467
ACC_000426,phone,PHN_00629
ACC_000427,device,DEV_00559
ACC_000427,funding,CARD_00519
ACC_000427,ip,IP_00469
ACC_000427,phone,PHN_00630
ACC_000428,device,DEV_00564
ACC_000428,funding,CARD_00523
ACC_000428,ip,IP_00473
ACC_000428,phone,PHN_00631
ACC_000429,device,DEV_00562
ACC_000429,funding,CARD_00523
ACC_000429,ip,IP_00473
ACC_000429,phone,PHN_00632
ACC_000430,device,DEV_00564
ACC_000430,funding,CARD_00522
ACC_000430,ip,IP_00473
ACC_000430,phone,PHN_00633
ACC_000431,device,DEV_00583
ACC_000431,funding,CARD_00524
ACC_000431,ip,IP_00492
ACC_000431,phone,PHN_00634
ACC_000432,device,DEV_00566
ACC_000432,funding,CARD_00525
ACC_000432,ip,IP_00492
ACC_000432,phone,PHN_00635
ACC_000433,device,DEV_00584
ACC_000433,funding,CARD_00526
ACC_000433,ip,IP_00492
ACC_000433,phone,PHN_00636
ACC_000434,device,DEV_00584
ACC_000434,funding,CARD_00527
ACC_000434,ip,IP_00492
ACC_000434,phone,PHN_00637
ACC_000435,device,DEV_00569
ACC_000435,funding,CARD_00528
ACC_000435,ip,IP_00492
ACC_000435,phone,PHN_00638
ACC_000436,device,DEV_00584
ACC_000436,funding,CARD_00529
ACC_000436,ip,IP_00492
ACC_000436,phone,PHN_00639
ACC_000437,device,DEV_00571
ACC_000437,funding,CARD_00530
ACC_000437,ip,IP_00492
ACC_000437,phone,PHN_00640
ACC_000438,device,DEV_00572
ACC_000438,funding,CARD_00531
ACC_000438,ip,IP_00492
ACC_000438,phone,PHN_00641
ACC_000439,device,DEV_00584
ACC_000439,funding,CARD_00532
ACC_000439,ip,IP_00492
ACC_000439,phone,PHN_00642
ACC_000440,device,DEV_00584
ACC_000440,funding,CARD_00533
ACC_000440,ip,IP_00492
ACC_000440,phone,PHN_00643
ACC_000441,device,DEV_00575
ACC_000441,funding,CARD_00534
ACC_000441,ip,IP_00492
ACC_000441,phone,PHN_00644
ACC_000442,device,DEV_00576
ACC_000442,funding,CARD_00535
ACC_000442,ip,IP_00492
ACC_000442,phone,PHN_00645
ACC_000443,device,DEV_00584
ACC_000443,funding,CARD_00536
ACC_000443,ip,IP_00492
ACC_000443,phone,PHN_00646
ACC_000444,device,DEV_00578
ACC_000444,funding,CARD_00537
ACC_000444,ip,IP_00492
ACC_000444,phone,PHN_00647
ACC_000445,device,DEV_00579
ACC_000445,funding,CARD_00538
ACC_000445,ip,IP_00492
ACC_000445,phone,PHN_00648
ACC_000446,device,DEV_00584
ACC_000446,funding,CARD_00539
ACC_000446,ip,IP_00492
ACC_000446,phone,PHN_00649
ACC_000447,device,DEV_00581
ACC_000447,funding,CARD_00540
ACC_000447,ip,IP_00492
ACC_000447,phone,PHN_00650
ACC_000448,device,DEV_00582
ACC_000448,funding,CARD_00541
ACC_000448,ip,IP_00492
ACC_000448,phone,PHN_00651
ACC_000449,device,DEV_00585
ACC_000449,funding,CARD_00542
ACC_000449,ip,IP_00507
ACC_000449,phone,PHN_00652
ACC_000450,device,DEV_00586
ACC_000450,funding,CARD_00543
ACC_000450,ip,IP_00507
ACC_000450,phone,PHN_00653
ACC_000451,device,DEV_00587
ACC_000451,funding,CARD_00544
ACC_000451,ip,IP_00508
ACC_000451,phone,PHN_00654
ACC_000452,device,DEV_00599
ACC_000452,funding,CARD_00545
ACC_000452,ip,IP_00496
ACC_000452,phone,PHN_00655
ACC_000453,device,DEV_00599
ACC_000453,funding,CARD_00546
ACC_000453,ip,IP_00508
ACC_000453,phone,PHN_00656
ACC_000454,device,DEV_00590
ACC_000454,funding,CARD_00547
ACC_000454,ip,IP_00507
ACC_000454,phone,PHN_00657
ACC_000455,device,DEV_00591
ACC_000455,funding,CARD_00548
ACC_000455,ip,IP_00507
ACC_000455,phone,PHN_00658
ACC_000456,device,DEV_00592
ACC_000456,funding,CARD_00549
ACC_000456,ip,IP_00507
ACC_000456,phone,PHN_00659
ACC_000457,device,DEV_00600
ACC_000457,funding,CARD_00550
ACC_000457,ip,IP_00507
ACC_000457,phone,PHN_00660
ACC_000458,device,DEV_00594
ACC_000458,funding,CARD_00551
ACC_000458,ip,IP_00507
ACC_000458,phone,PHN_00661
ACC_000459,device,DEV_00595
ACC_000459,funding,CARD_00552
ACC_000459,ip,IP_00508
ACC_000459,phone,PHN_00662
ACC_000460,device,DEV_00596
ACC_000460,funding,CARD_00553
ACC_000460,ip,IP_00507
ACC_000460,phone,PHN_00663
ACC_000461,device,DEV_00599
ACC_000461,funding,CARD_00554
ACC_000461,ip,IP_00507
ACC_000461,phone,PHN_00664
ACC_000462,device,DEV_00598
ACC_000462,funding,CARD_00555
ACC_000462,ip,IP_00508
ACC_000462,phone,PHN_00665
ACC_000463,device,DEV_00601
ACC_000463,funding,CARD_00556
ACC_000463,ip,IP_00517
ACC_000463,phone,PHN_00666
ACC_000464,device,DEV_00602
ACC_000464,funding,CARD_00557
ACC_000464,ip,IP_00517
ACC_000464,phone,PHN_00667
ACC_000465,device,DEV_00603
ACC_000465,funding,CARD_00558
ACC_000465,ip,IP_00517
ACC_000465,phone,PHN_00668
ACC_000466,device,DEV_00609
ACC_000466,funding,CARD_00559
ACC_000466,ip,IP_00517
ACC_000466,phone,PHN_00669
ACC_000467,device,DEV_00605
ACC_000467,funding,CARD_00560
ACC_000467,ip,IP_00517
ACC_000467,phone,PHN_00670
ACC_000468,device,DEV_00606
ACC_000468,funding,CARD_00561
ACC_000468,ip,IP_00517
ACC_000468,phone,PHN_00671
ACC_000469,device,DEV_00607
ACC_000469,funding,CARD_00562
ACC_000469,ip,IP_00517
ACC_000469,phone,PHN_00672
ACC_000470,device,DEV_00608
ACC_000470,funding,CARD_00563
ACC_000470,ip,IP_00517
ACC_000470,phone,PHN_00673
ACC_000471,device,DEV_00610
ACC_000471,funding,CARD_00564
ACC_000471,ip,IP_00530
ACC_000471,phone,PHN_00674
ACC_000472,device,DEV_00611
ACC_000472,funding,CARD_00565
ACC_000472,ip,IP_00530
ACC_000472,phone,PHN_00675
ACC_000473,device,DEV_00612
ACC_000473,funding,CARD_00566
ACC_000473,ip,IP_00530
ACC_000473,phone,PHN_00676
ACC_000474,device,DEV_00613
ACC_000474,funding,CARD_00567
ACC_000474,ip,IP_00530
ACC_000474,phone,PHN_00677
ACC_000475,device,DEV_00614
ACC_000475,funding,CARD_00568
ACC_000475,ip,IP_00530
ACC_000475,phone,PHN_00678
ACC_000476,device,DEV_00622
ACC_000476,funding,CARD_00569
ACC_000476,ip,IP_00530
ACC_000476,phone,PHN_00679
ACC_000477,device,DEV_00616
ACC_000477,funding,CARD_00570
ACC_000477,ip,IP_00530
ACC_000477,phone,PHN_00680
ACC_000478,device,DEV_00617
ACC_000478,funding,CARD_00571
ACC_000478,ip,IP_00530
ACC_000478,phone,PHN_00681
ACC_000479,device,DEV_00618
ACC_000479,funding,CARD_00572
ACC_000479,ip,IP_00530
ACC_000479,phone,PHN_00682
ACC_000480,device,DEV_00619
ACC_000480,funding,CARD_00573
ACC_000480,ip,IP_00530
ACC_000480,phone,PHN_00683
ACC_000481,device,DEV_00620
ACC_000481,funding,CARD_00574
ACC_000481,ip,IP_00530
ACC_000481,phone,PHN_00684
ACC_000482,device,DEV_00621
ACC_000482,funding,CARD_00575
ACC_000482,ip,IP_00529
ACC_000482,phone,PHN_00685
ACC_000483,device,DEV_00623
ACC_000483,funding,CARD_00576
ACC_000483,ip,IP_00541
ACC_000483,phone,PHN_00686
ACC_000484,device,DEV_00624
ACC_000484,funding,CARD_00577
ACC_000484,ip,IP_00541
ACC_000484,phone,PHN_00687
ACC_000485,device,DEV_00625
ACC_000485,funding,CARD_00578
ACC_000485,ip,IP_00533
ACC_000485,phone,PHN_00688
ACC_000486,device,DEV_00626
ACC_000486,funding,CARD_00579
ACC_000486,ip,IP_00541
ACC_000486,phone,PHN_00689
ACC_000487,device,DEV_00627
ACC_000487,funding,CARD_00580
ACC_000487,ip,IP_00541
ACC_000487,phone,PHN_00690
ACC_000488,device,DEV_00633
ACC_000488,funding,CARD_00581
ACC_000488,ip,IP_00541
ACC_000488,phone,PHN_00691
ACC_000489,device,DEV_00629
ACC_000489,funding,CARD_00582
ACC_000489,ip,IP_00541
ACC_000489,phone,PHN_00692
ACC_000490,device,DEV_00630
ACC_000490,funding,CARD_00583
ACC_000490,ip,IP_00541
ACC_000490,phone,PHN_00693
ACC_000491,device,DEV_00631
ACC_000491,funding,CARD_00584
ACC_000491,ip,IP_00541
ACC_000491,phone,PHN_00694
ACC_000492,device,DEV_00633
ACC_000492,funding,CARD_00585
ACC_000492,ip,IP_00541
ACC_000492,phone,PHN_00695
ACC_000493,device,DEV_00634
ACC_000493,funding,CARD_00586
ACC_000493,ip,IP_00551
ACC_000493,phone,PHN_00696
ACC_000494,device,DEV_00635
ACC_000494,funding,CARD_00587
ACC_000494,ip,IP_00551
ACC_000494,phone,PHN_00697
ACC_000495,device,DEV_00645
ACC_000495,funding,CARD_00588
ACC_000495,ip,IP_00551
ACC_000495,phone,PHN_00698
ACC_000496,device,DEV_00637
ACC_000496,funding,CARD_00589
ACC_000496,ip,IP_00551
ACC_000496,phone,PHN_00699
ACC_000497,device,DEV_00644
ACC_000497,funding,CARD_00590
ACC_000497,ip,IP_00551
ACC_000497,phone,PHN_00700
ACC_000498,device,DEV_00643
ACC_000498,funding,CARD_00591
ACC_000498,ip,IP_00551
ACC_000498,phone,PHN_00701
ACC_000499,device,DEV_00640
ACC_000499,funding,CARD_00592
ACC_000499,ip,IP_00551
ACC_000499,phone,PHN_00702
ACC_000500,device,DEV_00645
ACC_000500,funding,CARD_00593
ACC_000500,ip,IP_00551
ACC_000500,phone,PHN_00703
ACC_000501,device,DEV_00644
ACC_000501,funding,CARD_00594
ACC_000501,ip,IP_00551
ACC_000501,phone,PHN_00704
ACC_000502,device,DEV_00646
ACC_000502,funding,CARD_00595
ACC_000502,ip,IP_00558
ACC_000502,phone,PHN_00705
ACC_000503,device,DEV_00652
ACC_000503,funding,CARD_00596
ACC_000503,ip,IP_00558
ACC_000503,phone,PHN_00706
ACC_000504,device,DEV_00648
ACC_000504,funding,CARD_00597
ACC_000504,ip,IP_00558
ACC_000504,phone,PHN_00707
ACC_000505,device,DEV_00649
ACC_000505,funding,CARD_00598
ACC_000505,ip,IP_00558
ACC_000505,phone,PHN_00708
ACC_000506,device,DEV_00652
ACC_000506,funding,CARD_00599
ACC_000506,ip,IP_00558
ACC_000506,phone,PHN_00709
ACC_000507,device,DEV_00652
ACC_000507,funding,CARD_00600
ACC_000507,ip,IP_00558
ACC_000507,phone,PHN_00710
ACC_000508,device,DEV_00653
ACC_000508,funding,CARD_00601
ACC_000508,ip,IP_00574
ACC_000508,phone,PHN_00711
ACC_000509,device,DEV_00668
ACC_000509,funding,CARD_00602
ACC_000509,ip,IP_00574
ACC_000509,phone,PHN_00712
ACC_000510,device,DEV_00655
ACC_000510,funding,CARD_00603
ACC_000510,ip,IP_00561
ACC_000510,phone,PHN_00713
ACC_000511,device,DEV_00656
ACC_000511,funding,CARD_00604
ACC_000511,ip,IP_00574
ACC_000511,phone,PHN_00714
ACC_000512,device,DEV_00668
ACC_000512,funding,CARD_00605
ACC_000512,ip,IP_00563
ACC_000512,phone,PHN_00715
ACC_000513,device,DEV_00658
ACC_000513,funding,CARD_00606
ACC_000513,ip,IP_00574
ACC_000513,phone,PHN_00716
ACC_000514,device,DEV_00669
ACC_000514,funding,CARD_00607
ACC_000514,ip,IP_00574
ACC_000514,phone,PHN_00717
ACC_000515,device,DEV_00660
ACC_000515,funding,CARD_00608
ACC_000515,ip,IP_00574
ACC_000515,phone,PHN_00718
ACC_000516,device,DEV_00661
ACC_000516,funding,CARD_00609
ACC_000516,ip,IP_00575
ACC_000516,phone,PHN_00719
ACC_000517,device,DEV_00662
ACC_000517,funding,CARD_00610
ACC_000517,ip,IP_00574
ACC_000517,phone,PHN_00720
ACC_000518,device,DEV_00669
ACC_000518,funding,CARD_00611
ACC_000518,ip,IP_00575
ACC_000518,phone,PHN_00721
ACC_000519,device,DEV_00664
ACC_000519,funding,CARD_00612
ACC_000519,ip,IP_00570
ACC_000519,phone,PHN_00722
ACC_000520,device,DEV_00668
ACC_000520,funding,CARD_00613
ACC_000520,ip,IP_00571
ACC_000520,phone,PHN_00723
ACC_000521,device,DEV_00668
ACC_000521,funding,CARD_00614
ACC_000521,ip,IP_00575
ACC_000521,phone,PHN_00724
ACC_000522,device,DEV_00668
ACC_000522,funding,CARD_00615
ACC_000522,ip,IP_00575
ACC_000522,phone,PHN_00725
ACC_000523,device,DEV_00680
ACC_000523,funding,CARD_00616
ACC_000523,ip,IP_00585
ACC_000523,phone,PHN_00726
ACC_000524,device,DEV_00671
ACC_000524,funding,CARD_00617
ACC_000524,ip,IP_00585
ACC_000524,phone,PHN_00727
ACC_000525,device,DEV_00672
ACC_000525,funding,CARD_00618
ACC_000525,ip,IP_00585
ACC_000525,phone,PHN_00728
ACC_000526,device,DEV_00681
ACC_000526,funding,CARD_00619
ACC_000526,ip,IP_00585
ACC_000526,phone,PHN_00729
ACC_000527,device,DEV_00681
ACC_000527,funding,CARD_00620
ACC_000527,ip,IP_00580
ACC_000527,phone,PHN_00730
ACC_000528,device,DEV_00675
ACC_000528,funding,CARD_00621
ACC_000528,ip,IP_00585
ACC_000528,phone,PHN_00731
ACC_000529,device,DEV_00676
ACC_000529,funding,CARD_00622
ACC_000529,ip,IP_00585
ACC_000529,phone,PHN_00732
ACC_000530,device,DEV_00677
ACC_000530,funding,CARD_00623
ACC_000530,ip,IP_00585
ACC_000530,phone,PHN_00733
ACC_000531,device,DEV_00678
ACC_000531,funding,CARD_00624
ACC_000531,ip,IP_00585
ACC_000531,phone,PHN_00734
ACC_000532,device,DEV_00682
ACC_000532,funding,CARD_00625
ACC_000532,ip,IP_00600
ACC_000532,phone,PHN_00735
ACC_000533,device,DEV_00683
ACC_000533,funding,CARD_00626
ACC_000533,ip,IP_00600
ACC_000533,phone,PHN_00736
ACC_000534,device,DEV_00684
ACC_000534,funding,CARD_00627
ACC_000534,ip,IP_00600
ACC_000534,phone,PHN_00737
ACC_000535,device,DEV_00685
ACC_000535,funding,CARD_00628
ACC_000535,ip,IP_00600
ACC_000535,phone,PHN_00738
ACC_000536,device,DEV_00686
ACC_000536,funding,CARD_00629
ACC_000536,ip,IP_00600
ACC_000536,phone,PHN_00739
ACC_000537,device,DEV_00687
ACC_000537,funding,CARD_00630
ACC_000537,ip,IP_00591
ACC_000537,phone,PHN_00740
ACC_000538,device,DEV_00688
ACC_000538,funding,CARD_00631
ACC_000538,ip,IP_00600
ACC_000538,phone,PHN_00741
ACC_000539,device,DEV_00689
ACC_000539,funding,CARD_00632
ACC_000539,ip,IP_00600
ACC_000539,phone,PHN_00742
ACC_000540,device,DEV_00690
ACC_000540,funding,CARD_00633
ACC_000540,ip,IP_00600
ACC_000540,phone,PHN_00743
ACC_000541,device,DEV_00691
ACC_000541,funding,CARD_00634
ACC_000541,ip,IP_00600
ACC_000541,phone,PHN_00744
ACC_000542,device,DEV_00692
ACC_000542,funding,CARD_00635
ACC_000542,ip,IP_00600
ACC_000542,phone,PHN_00745
ACC_000543,device,DEV_00693
ACC_000543,funding,CARD_00636
ACC_000543,ip,IP_00600
ACC_000543,phone,PHN_00746
ACC_000544,device,DEV_00694
ACC_000544,funding,CARD_00637
ACC_000544,ip,IP_00600
ACC_000544,phone,PHN_00747
ACC_000545,device,DEV_00695
ACC_000545,funding,CARD_00638
ACC_000545,ip,IP_00600
ACC_000545,phone,PHN_00748
ACC_000546,device,DEV_00697
ACC_000546,funding,CARD_00639
ACC_000546,ip,IP_00621
ACC_000546,phone,PHN_00749
ACC_000547,device,DEV_00718
ACC_000547,funding,CARD_00640
ACC_000547,ip,IP_00621
ACC_000547,phone,PHN_00750
ACC_000548,device,DEV_00699
ACC_000548,funding,CARD_00641
ACC_000548,ip,IP_00622
ACC_000548,phone,PHN_00751
ACC_000549,device,DEV_00717
ACC_000549,funding,CARD_00642
ACC_000549,ip,IP_00621
ACC_000549,phone,PHN_00752
ACC_000550,device,DEV_00701
ACC_000550,funding,CARD_00643
ACC_000550,ip,IP_00621
ACC_000550,phone,PHN_00753
ACC_000551,device,DEV_00702
ACC_000551,funding,CARD_00644
ACC_000551,ip,IP_00621
ACC_000551,phone,PHN_00754
ACC_000552,device,DEV_00718
ACC_000552,funding,CARD_00645
ACC_000552,ip,IP_00607
ACC_000552,phone,PHN_00755
ACC_000553,device,DEV_00717
ACC_000553,funding,CARD_00646
ACC_000553,ip,IP_00608
ACC_000553,phone,PHN_00756
ACC_000554,device,DEV_00705
ACC_000554,funding,CARD_00647
ACC_000554,ip,IP_00622
ACC_000554,phone,PHN_00757
ACC_000555,device,DEV_00718
ACC_000555,funding,CARD_00648
ACC_000555,ip,IP_00622
ACC_000555,phone,PHN_00758
ACC_000556,device,DEV_00717
ACC_000556,funding,CARD_00649
ACC_000556,ip,IP_00621
ACC_000556,phone,PHN_00759
ACC_000557,device,DEV_00708
ACC_000557,funding,CARD_00650
ACC_000557,ip,IP_00622
ACC_000557,phone,PHN_00760
ACC_000558,device,DEV_00709
ACC_000558,funding,CARD_00651
ACC_000558,ip,IP_00621
ACC_000558,phone,PHN_00761
ACC_000559,device,DEV_00710
ACC_000559,funding,CARD_00652
ACC_000559,ip,IP_00621
ACC_000559,phone,PHN_00762
ACC_000560,device,DEV_00711
ACC_000560,funding,CARD_00653
ACC_000560,ip,IP_00621
ACC_000560,phone,PHN_00763
ACC_000561,device,DEV_00712
ACC_000561,funding,CARD_00654
ACC_000561,ip,IP_00622
ACC_000561,phone,PHN_00764
ACC_000562,device,DEV_00713
ACC_000562,funding,CARD_00655
ACC_000562,ip,IP_00622
ACC_000562,phone,PHN_00765
ACC_000563,device,DEV_00714
ACC_000563,funding,CARD_00656
ACC_000563,ip,IP_00622
ACC_000563,phone,PHN_00766
ACC_000564,device,DEV_00715
ACC_000564,funding,CARD_00657
ACC_000564,ip,IP_00621
ACC_000564,phone,PHN_00767
ACC_000565,device,DEV_00718
ACC_000565,funding,CARD_00658
ACC_000565,ip,IP_00621
ACC_000565,phone,PHN_00768
ACC_000566,device,DEV_00736
ACC_000566,funding,CARD_00659
ACC_000566,ip,IP_00639
ACC_000566,phone,PHN_00769
ACC_000567,device,DEV_00720
ACC_000567,funding,CARD_00660
ACC_000567,ip,IP_00639
ACC_000567,phone,PHN_00770
ACC_000568,device,DEV_00736
ACC_000568,funding,CARD_00661
ACC_000568,ip,IP_00639
ACC_000568,phone,PHN_00771
ACC_000569,device,DEV_00722
ACC_000569,funding,CARD_00662
ACC_000569,ip,IP_00639
ACC_000569,phone,PHN_00772
ACC_000570,device,DEV_00736
ACC_000570,funding,CARD_00663
ACC_000570,ip,IP_00639
ACC_000570,phone,PHN_00773
ACC_000571,device,DEV_00724
ACC_000571,funding,CARD_00664
ACC_000571,ip,IP_00639
ACC_000571,phone,PHN_00774
ACC_000572,device,DEV_00725
ACC_000572,funding,CARD_00665
ACC_000572,ip,IP_00639
ACC_000572,phone,PHN_00775
ACC_000573,device,DEV_00726
ACC_000573,funding,CARD_00666
ACC_000573,ip,IP_00639
ACC_000573,phone,PHN_00776
ACC_000574,device,DEV_00736
ACC_000574,funding,CARD_00667
ACC_000574,ip,IP_00639
ACC_000574,phone,PHN_00777
ACC_000575,device,DEV_00728
ACC_000575,funding,CARD_00668
ACC_000575,ip,IP_00639
ACC_000575,phone,PHN_00778
ACC_000576,device,DEV_00729
ACC_000576,funding,CARD_00669
ACC_000576,ip,IP_00639
ACC_000576,phone,PHN_00779
ACC_000577,device,DEV_00730
ACC_000577,funding,CARD_00670
ACC_000577,ip,IP_00639
ACC_000577,phone,PHN_00780
ACC_000578,device,DEV_00731
ACC_000578,funding,CARD_00671
ACC_000578,ip,IP_00639
ACC_000578,phone,PHN_00781
ACC_000579,device,DEV_00736
ACC_000579,funding,CARD_00672
ACC_000579,ip,IP_00639
ACC_000579,phone,PHN_00782
ACC_000580,device,DEV_00733
ACC_000580,funding,CARD_00673
ACC_000580,ip,IP_00639
ACC_000580,phone,PHN_00783
ACC_000581,device,DEV_00736
ACC_000581,funding,CARD_00674
ACC_000581,ip,IP_00638
ACC_000581,phone,PHN_00784
ACC_000582,device,DEV_00754
ACC_000582,funding,CARD_00675
ACC_000582,ip,IP_00657
ACC_000582,phone,PHN_00785
ACC_000583,device,DEV_00754
ACC_000583,funding,CARD_00676
ACC_000583,ip,IP_00657
ACC_000583,phone,PHN_00786
ACC_000584,device,DEV_00756
ACC_000584,funding,CARD_00677
ACC_000584,ip,IP_00658
ACC_000584,phone,PHN_00787
ACC_000585,device,DEV_00740
ACC_000585,funding,CARD_00678
ACC_000585,ip,IP_00658
ACC_000585,phone,PHN_00788
ACC_000586,device,DEV_00741
ACC_000586,funding,CARD_00679
ACC_000586,ip,IP_00657
ACC_000586,phone,PHN_00789
ACC_000587,device,DEV_00742
ACC_000587,funding,CARD_00680
ACC_000587,ip,IP_00658
ACC_000587,phone,PHN_00790
ACC_000588,device,DEV_00756
ACC_000588,funding,CARD_00681
ACC_000588,ip,IP_00657
ACC_000588,phone,PHN_00791
ACC_000589,device,DEV_00744
ACC_000589,funding,CARD_00682
ACC_000589,ip,IP_00647
ACC_000589,phone,PHN_00792
ACC_000590,device,DEV_00754
ACC_000590,funding,CARD_00683
ACC_000590,ip,IP_00657
ACC_000590,phone,PHN_00793
ACC_000591,device,DEV_00746
ACC_000591,funding,CARD_00684
ACC_000591,ip,IP_00658
ACC_000591,phone,PHN_00794
ACC_000592,device,DEV_00754
ACC_000592,funding,CARD_00685
ACC_000592,ip,IP_00657
ACC_000592,phone,PHN_00795
ACC_000593,device,DEV_00755
ACC_000593,funding,CARD_00686
ACC_000593,ip,IP_00657
ACC_000593,phone,PHN_00796
ACC_000594,device,DEV_00749
ACC_000594,funding,CARD_00687
ACC_000594,ip,IP_00657
ACC_000594,phone,PHN_00797
ACC_000595,device,DEV_00754
ACC_000595,funding,CARD_00688
ACC_000595,ip,IP_00658
ACC_000595,phone,PHN_00798
ACC_000596,device,DEV_00756
ACC_000596,funding,CARD_00689
ACC_000596,ip,IP_00658
ACC_000596,phone,PHN_00799
ACC_000597,device,DEV_00752
ACC_000597,funding,CARD_00690
ACC_000597,ip,IP_00658
ACC_000597,phone,PHN_00800
ACC_000598,device,DEV_00753
ACC_000598,funding,CARD_00691
ACC_000598,ip,IP_00657
ACC_000598,phone,PHN_00801
ACC_000599,device,DEV_00757
ACC_000599,funding,CARD_00692
ACC_000599,ip,IP_00663
ACC_000599,phone,PHN_00802
ACC_000600,device,DEV_00758
ACC_000600,funding,CARD_00693
ACC_000600,ip,IP_00663
ACC_000600,phone,PHN_00803
ACC_000601,device,DEV_00759
ACC_000601,funding,CARD_00694
ACC_000601,ip,IP_00663
ACC_000601,phone,PHN_00804
ACC_000602,device,DEV_00760
ACC_000602,funding,CARD_00695
ACC_000602,ip,IP_00663
ACC_000602,phone,PHN_00805
ACC_000603,device,DEV_00770
ACC_000603,funding,CARD_00696
ACC_000603,ip,IP_00672
ACC_000603,phone,PHN_00806
ACC_000604,device,DEV_00772
ACC_000604,funding,CARD_00697
ACC_000604,ip,IP_00672
ACC_000604,phone,PHN_00807
ACC_000605,device,DEV_00764
ACC_000605,funding,CARD_00698
ACC_000605,ip,IP_00673
ACC_000605,phone,PHN_00808
ACC_000606,device,DEV_00771
ACC_000606,funding,CARD_00699
ACC_000606,ip,IP_00673
ACC_000606,phone,PHN_00809
ACC_000607,device,DEV_00766
ACC_000607,funding,CARD_00700
ACC_000607,ip,IP_00672
ACC_000607,phone,PHN_00810
ACC_000608,device,DEV_00772
ACC_000608,funding,CARD_00701
ACC_000608,ip,IP_00673
ACC_000608,phone,PHN_00811
ACC_000609,device,DEV_00770
ACC_000609,funding,CARD_00702
ACC_000609,ip,IP_00673
ACC_000609,phone,PHN_00812
ACC_000610,device,DEV_00769
ACC_000610,funding,CARD_00703
ACC_000610,ip,IP_00672
ACC_000610,phone,PHN_00813
ACC_000611,device,DEV_00773
ACC_000611,funding,CARD_00704
ACC_000611,ip,IP_00680
ACC_000611,phone,PHN_00814
ACC_000612,device,DEV_00774
ACC_000612,funding,CARD_00705
ACC_000612,ip,IP_00680
ACC_000612,phone,PHN_00815
ACC_000613,device,DEV_00775
ACC_000613,funding,CARD_00706
ACC_000613,ip,IP_00676
ACC_000613,phone,PHN_00816
ACC_000614,device,DEV_00779
ACC_000614,funding,CARD_00707
ACC_000614,ip,IP_00680
ACC_000614,phone,PHN_00817
ACC_000615,device,DEV_00779
ACC_000615,funding,CARD_00708
ACC_000615,ip,IP_00680
ACC_000615,phone,PHN_00818
ACC_000616,device,DEV_00778
ACC_000616,funding,CARD_00709
ACC_000616,ip,IP_00680
ACC_000616,phone,PHN_00819
ACC_000617,device,DEV_00783
ACC_000617,funding,CARD_00710
ACC_000617,ip,IP_00684
ACC_000617,phone,PHN_00820
ACC_000618,device,DEV_00781
ACC_000618,funding,CARD_00711
ACC_000618,ip,IP_00684
ACC_000618,phone,PHN_00821
ACC_000619,device,DEV_00783
ACC_000619,funding,CARD_00712
ACC_000619,ip,IP_00684
ACC_000619,phone,PHN_00822
ACC_000620,device,DEV_00790
ACC_000620,funding,CARD_00713
ACC_000620,ip,IP_00691
ACC_000620,phone,PHN_00823
ACC_000621,device,DEV_00785
ACC_000621,funding,CARD_00714
ACC_000621,ip,IP_00691
ACC_000621,phone,PHN_00824
ACC_000622,device,DEV_00790
ACC_000622,funding,CARD_00715
ACC_000622,ip,IP_00691
ACC_000622,phone,PHN_00825
ACC_000623,device,DEV_00787
ACC_000623,funding,CARD_00716
ACC_000623,ip,IP_00691
ACC_000623,phone,PHN_00826
ACC_000624,device,DEV_00790
ACC_000624,funding,CARD_00717
ACC_000624,ip,IP_00691
ACC_000624,phone,PHN_00827
ACC_000625,device,DEV_00789
ACC_000625,funding,CARD_00718
ACC_000625,ip,IP_00691
ACC_000625,phone,PHN_00828
ACC_000626,device,DEV_00791
ACC_000626,funding,CARD_00719
ACC_000626,ip,IP_00692
ACC_000626,phone,PHN_00829
ACC_000627,device,DEV_00792
ACC_000627,funding,CARD_00720
ACC_000627,ip,IP_00693
ACC_000627,phone,PHN_00830
ACC_000628,device,DEV_00793
ACC_000628,funding,CARD_00721
ACC_000628,ip,IP_00694
ACC_000628,phone,PHN_00831
ACC_000629,device,DEV_00794
ACC_000629,funding,CARD_00722
ACC_000629,ip,IP_00695
ACC_000629,phone,PHN_00832
ACC_000630,device,DEV_00795
ACC_000630,funding,CARD_00723
ACC_000630,ip,IP_00696
ACC_000630,phone,PHN_00833
ACC_000631,device,DEV_00796
ACC_000631,funding,CARD_00724
ACC_000631,ip,IP_00697
ACC_000631,phone,PHN_00834
ACC_000632,device,DEV_00797
ACC_000632,funding,CARD_00725
ACC_000632,ip,IP_00698
ACC_000632,phone,PHN_00835
ACC_000633,device,DEV_00798
ACC_000633,funding,CARD_00726
ACC_000633,ip,IP_00699
ACC_000633,phone,PHN_00836
ACC_000634,device,DEV_00799
ACC_000634,funding,CARD_00727
ACC_000634,ip,IP_00700
ACC_000634,phone,PHN_00837
ACC_000635,device,DEV_00800
ACC_000635,funding,CARD_00728
ACC_000635,ip,IP_00701
ACC_000635,phone,PHN_00838
ACC_000636,device,DEV_00801
ACC_000636,funding,CARD_00729
ACC_000636,ip,IP_00702
ACC_000636,phone,PHN_00839
ACC_000637,device,DEV_00802
ACC_000637,funding,CARD_00730
ACC_000637,ip,IP_00703
ACC_000637,phone,PHN_00840
ACC_000638,device,DEV_00803
ACC_000638,funding,CARD_00731
ACC_000638,ip,IP_00704
ACC_000638,phone,PHN_00841
ACC_000639,device,DEV_00804
ACC_000639,funding,CARD_00732
ACC_000639,ip,IP_00705
ACC_000639,phone,PHN_00842
ACC_000640,device,DEV_00805
ACC_000640,funding,CARD_00733
ACC_000640,ip,IP_00706
ACC_000640,phone,PHN_00843
ACC_000641,device,DEV_00806
ACC_000641,funding,CARD_00734
ACC_000641,ip,IP_00707
ACC_000641,phone,PHN_00844
ACC_000642,device,DEV_00807
ACC_000642,funding,CARD_00735
ACC_000642,ip,IP_00708
ACC_000642,phone,PHN_00845
ACC_000643,device,DEV_00808
ACC_000643,funding,CARD_00736
ACC_000643,ip,IP_00709
ACC_000643,phone,PHN_00846
ACC_000644,device,DEV_00809
ACC_000644,funding,CARD_00737
ACC_000644,ip,IP_00710
ACC_000644,phone,PHN_00847
ACC_000645,device,DEV_00810
ACC_000645,funding,CARD_00738
ACC_000645,ip,IP_00711
ACC_000645,phone,PHN_00848
ACC_000646,device,DEV_00811
ACC_000646,funding,CARD_00739
ACC_000646,ip,IP_00712
ACC_000646,phone,PHN_00849
ACC_000647,device,DEV_00812
ACC_000647,funding,CARD_00740
ACC_000647,ip,IP_00713
ACC_000647,phone,PHN_00850
ACC_000648,device,DEV_00813
ACC_000648,funding,CARD_00741
ACC_000648,ip,IP_00714
ACC_000648,phone,PHN_00851
ACC_000649,device,DEV_00814
ACC_000649,funding,CARD_00742
ACC_000649,ip,IP_00715
ACC_000649,phone,PHN_00852
ACC_000650,device,DEV_00815
ACC_000650,funding,CARD_00743
ACC_000650,ip,IP_00716
ACC_000650,phone,PHN_00853
ACC_000651,device,DEV_00816
ACC_000651,funding,CARD_00744
ACC_000651,ip,IP_00717
ACC_000651,phone,PHN_00854
ACC_000652,device,DEV_00817
ACC_000652,funding,CARD_00745
ACC_000652,ip,IP_00718
ACC_000652,phone,PHN_00855
ACC_000653,device,DEV_00818
ACC_000653,funding,CARD_00746
ACC_000653,ip,IP_00719
ACC_000653,phone,PHN_00856
ACC_000654,device,DEV_00819
ACC_000654,funding,CARD_00747
ACC_000654,ip,IP_00720
ACC_000654,phone,PHN_00857
ACC_000655,device,DEV_00820
ACC_000655,funding,CARD_00748
ACC_000655,ip,IP_02692
ACC_000655,phone,PHN_00858
ACC_000656,device,DEV_00821
ACC_000656,funding,CARD_00749
ACC_000656,ip,IP_00722
ACC_000656,phone,PHN_00859
ACC_000657,device,DEV_00822
ACC_000657,funding,CARD_00750
ACC_000657,ip,IP_02695
ACC_000657,phone,PHN_00860
ACC_000658,device,DEV_00823
ACC_000658,funding,CARD_00751
ACC_000658,ip,IP_00724
ACC_000658,phone,PHN_00861
ACC_000659,device,DEV_00824
ACC_000659,funding,CARD_00752
ACC_000659,ip,IP_00725
ACC_000659,phone,PHN_00862
ACC_000660,device,DEV_00825
ACC_000660,funding,CARD_00753
ACC_000660,ip,IP_00726
ACC_000660,phone,PHN_00863
ACC_000661,device,DEV_00826
ACC_000661,funding,CARD_00754
ACC_000661,ip,IP_00727
ACC_000661,phone,PHN_00864
ACC_000662,device,DEV_00827
ACC_000662,funding,CARD_00755
ACC_000662,ip,IP_00728
ACC_000662,phone,PHN_00865
ACC_000663,device,DEV_00828
ACC_000663,funding,CARD_00756
ACC_000663,ip,IP_00729
ACC_000663,phone,PHN_00866
ACC_000664,device,DEV_00829
ACC_000664,funding,CARD_00757
ACC_000664,ip,IP_00730
ACC_000664,phone,PHN_00867
ACC_000665,device,DEV_00830
ACC_000665,funding,CARD_00758
ACC_000665,ip,IP_00731
ACC_000665,phone,PHN_00868
ACC_000666,device,DEV_00831
ACC_000666,funding,CARD_00759
ACC_000666,ip,IP_00732
ACC_000666,phone,PHN_00869
ACC_000667,device,DEV_00832
ACC_000667,funding,CARD_00760
ACC_000667,ip,IP_00733
ACC_000667,phone,PHN_00870
ACC_000668,device,DEV_00833
ACC_000668,funding,CARD_00761
ACC_000668,ip,IP_00734
ACC_000668,phone,PHN_00871
ACC_000669,device,DEV_00834
ACC_000669,funding,CARD_00762
ACC_000669,ip,IP_00735
ACC_000669,phone,PHN_00872
ACC_000670,device,DEV_00835
ACC_000670,funding,CARD_00763
ACC_000670,ip,IP_00736
ACC_000670,phone,PHN_00873
ACC_000671,device,DEV_00836
ACC_000671,funding,CARD_00764
ACC_000671,ip,IP_00737
ACC_000671,phone,PHN_00874
ACC_000672,device,DEV_00837
ACC_000672,funding,CARD_00765
ACC_000672,ip,IP_00738
ACC_000672,phone,PHN_00875
ACC_000673,device,DEV_00838
ACC_000673,funding,CARD_00766
ACC_000673,ip,IP_00739
ACC_000673,phone,PHN_00876
ACC_000674,device,DEV_00839
ACC_000674,funding,CARD_00767
ACC_000674,ip,IP_00740
ACC_000674,phone,PHN_00877
ACC_000675,device,DEV_00840
ACC_000675,funding,CARD_00768
ACC_000675,ip,IP_00741
ACC_000675,phone,PHN_00878
ACC_000676,device,DEV_00841
ACC_000676,funding,CARD_00769
ACC_000676,ip,IP_00742
ACC_000676,phone,PHN_00879
ACC_000677,device,DEV_00842
ACC_000677,funding,CARD_00770
ACC_000677,ip,IP_00743
ACC_000677,phone,PHN_00880
ACC_000678,device,DEV_00843
ACC_000678,funding,CARD_00771
ACC_000678,ip,IP_00744
ACC_000678,phone,PHN_00881
ACC_000679,device,DEV_00844
ACC_000679,funding,CARD_00772
ACC_000679,ip,IP_00745
ACC_000679,phone,PHN_00882
ACC_000680,device,DEV_00845
ACC_000680,funding,CARD_00773
ACC_000680,ip,IP_00746
ACC_000680,phone,PHN_00883
ACC_000681,device,DEV_00846
ACC_000681,funding,CARD_00774
ACC_000681,ip,IP_00747
ACC_000681,phone,PHN_00884
ACC_000682,device,DEV_00847
ACC_000682,funding,CARD_00775
ACC_000682,ip,IP_00748
ACC_000682,phone,PHN_00885
ACC_000683,device,DEV_00848
ACC_000683,funding,CARD_00776
ACC_000683,ip,IP_00749
ACC_000683,phone,PHN_00886
ACC_000684,device,DEV_00849
ACC_000684,funding,CARD_00777
ACC_000684,ip,IP_00750
ACC_000684,phone,PHN_00887
ACC_000685,device,DEV_00850
ACC_000685,funding,CARD_00778
ACC_000685,ip,IP_00751
ACC_000685,phone,PHN_00888
ACC_000686,device,DEV_00851
ACC_000686,funding,CARD_00779
ACC_000686,ip,IP_00752
ACC_000686,phone,PHN_00889
ACC_000687,device,DEV_00852
ACC_000687,funding,CARD_00780
ACC_000687,ip,IP_00753
ACC_000687,phone,PHN_00890
ACC_000688,device,DEV_00853
ACC_000688,funding,CARD_00781
ACC_000688,ip,IP_00754
ACC_000688,phone,PHN_00891
ACC_000689,device,DEV_00854
ACC_000689,funding,CARD_00782
ACC_000689,ip,IP_00755
ACC_000689,phone,PHN_00892
ACC_000690,device,DEV_00855
ACC_000690,funding,CARD_00783
ACC_000690,ip,IP_00756
ACC_000690,phone,PHN_00893
ACC_000691,device,DEV_00856
ACC_000691,funding,CARD_00784
ACC_000691,ip,IP_00757
ACC_000691,phone,PHN_00894
ACC_000692,device,DEV_00857
ACC_000692,funding,CARD_00785
ACC_000692,ip,IP_00758
ACC_000692,phone,PHN_00895
ACC_000693,device,DEV_00858
ACC_000693,funding,CARD_00786
ACC_000693,ip,IP_00759
ACC_000693,phone,PHN_00896
ACC_000694,device,DEV_00859
ACC_000694,funding,CARD_00787
ACC_000694,ip,IP_00760
ACC_000694,phone,PHN_00897
ACC_000695,device,DEV_00860
ACC_000695,funding,CARD_00788
ACC_000695,ip,IP_00761
ACC_000695,phone,PHN_00898
ACC_000696,device,DEV_00861
ACC_000696,funding,CARD_00789
ACC_000696,ip,IP_00762
ACC_000696,phone,PHN_00899
ACC_000697,device,DEV_00862
ACC_000697,funding,CARD_00790
ACC_000697,ip,IP_00763
ACC_000697,phone,PHN_00900
ACC_000698,device,DEV_00863
ACC_000698,funding,CARD_00791
ACC_000698,ip,IP_00764
ACC_000698,phone,PHN_00901
ACC_000699,device,DEV_00864
ACC_000699,funding,CARD_00792
ACC_000699,ip,IP_00765
ACC_000699,phone,PHN_00902
ACC_000700,device,DEV_00865
ACC_000700,funding,CARD_00793
ACC_000700,ip,IP_00766
ACC_000700,phone,PHN_00903
ACC_000701,device,DEV_00866
ACC_000701,funding,CARD_00794
ACC_000701,ip,IP_00767
ACC_000701,phone,PHN_00904
ACC_000702,device,DEV_00867
ACC_000702,funding,CARD_00795
ACC_000702,ip,IP_00768
ACC_000702,phone,PHN_00905
ACC_000703,device,DEV_00868
ACC_000703,funding,CARD_00796
ACC_000703,ip,IP_00769
ACC_000703,phone,PHN_00906
ACC_000704,device,DEV_00869
ACC_000704,funding,CARD_00797
ACC_000704,ip,IP_00770
ACC_000704,phone,PHN_00907
ACC_000705,device,DEV_00870
ACC_000705,funding,CARD_00798
ACC_000705,ip,IP_00771
ACC_000705,phone,PHN_00908
ACC_000706,device,DEV_00871
ACC_000706,funding,CARD_00799
ACC_000706,ip,IP_00772
ACC_000706,phone,PHN_00909
ACC_000707,device,DEV_00872
ACC_000707,funding,CARD_00800
ACC_000707,ip,IP_00773
ACC_000707,phone,PHN_00910
ACC_000708,device,DEV_00873
ACC_000708,funding,CARD_00801
ACC_000708,ip,IP_00774
ACC_000708,phone,PHN_00911
ACC_000709,device,DEV_00874
ACC_000709,funding,CARD_00802
ACC_000709,ip,IP_00775
ACC_000709,phone,PHN_00912
ACC_000710,device,DEV_00875
ACC_000710,funding,CARD_00803
ACC_000710,ip,IP_00776
ACC_000710,phone,PHN_00913
ACC_000711,device,DEV_00876
ACC_000711,funding,CARD_00804
ACC_000711,ip,IP_00777
ACC_000711,phone,PHN_00914
ACC_000712,device,DEV_00877
ACC_000712,funding,CARD_00805
ACC_000712,ip,IP_00778
ACC_000712,phone,PHN_00915
ACC_000713,device,DEV_00878
ACC_000713,funding,CARD_00806
ACC_000713,ip,IP_00779
ACC_000713,phone,PHN_00916
ACC_000714,device,DEV_00879
ACC_000714,funding,CARD_00807
ACC_000714,ip,IP_00780
ACC_000714,phone,PHN_00917
ACC_000715,device,DEV_00880
ACC_000715,funding,CARD_00808
ACC_000715,ip,IP_00781
ACC_000715,phone,PHN_00918
ACC_000716,device,DEV_00881
ACC_000716,funding,CARD_00809
ACC_000716,ip,IP_00782
ACC_000716,phone,PHN_00919
ACC_000717,device,DEV_00882
ACC_000717,funding,CARD_00810
ACC_000717,ip,IP_00783
ACC_000717,phone,PHN_00920
ACC_000718,device,DEV_00883
ACC_000718,funding,CARD_00811
ACC_000718,ip,IP_00784
ACC_000718,phone,PHN_00921
ACC_000719,device,DEV_00884
ACC_000719,funding,CARD_00812
ACC_000719,ip,IP_00785
ACC_000719,phone,PHN_00922
ACC_000720,device,DEV_00885
ACC_000720,funding,CARD_00813
ACC_000720,ip,IP_00786
ACC_000720,phone,PHN_00923
ACC_000721,device,DEV_00886
ACC_000721,funding,CARD_00814
ACC_000721,ip,IP_00787
ACC_000721,phone,PHN_00924
ACC_000722,device,DEV_00887
ACC_000722,funding,CARD_00815
ACC_000722,ip,IP_00788
ACC_000722,phone,PHN_00925
ACC_000723,device,DEV_00888
ACC_000723,funding,CARD_00816
ACC_000723,ip,IP_00789
ACC_000723,phone,PHN_00926
ACC_000724,device,DEV_00889
ACC_000724,funding,CARD_00817
ACC_000724,ip,IP_00790
ACC_000724,phone,PHN_00927
ACC_000725,device,DEV_00890
ACC_000725,funding,CARD_00818
ACC_000725,ip,IP_00791
ACC_000725,phone,PHN_00928
ACC_000726,device,DEV_00891
ACC_000726,funding,CARD_00819
ACC_000726,ip,IP_00792
ACC_000726,phone,PHN_00929
ACC_000727,device,DEV_00892
ACC_000727,funding,CARD_00820
ACC_000727,ip,IP_00793
ACC_000727,phone,PHN_00930
ACC_000728,device,DEV_00893
ACC_000728,funding,CARD_00821
ACC_000728,ip,IP_00794
ACC_000728,phone,PHN_00931
ACC_000729,device,DEV_00894
ACC_000729,funding,CARD_00822
ACC_000729,ip,IP_00795
ACC_000729,phone,PHN_00932
ACC_000730,device,DEV_00895
ACC_000730,funding,CARD_00823
ACC_000730,ip,IP_00796
ACC_000730,phone,PHN_00933
ACC_000731,device,DEV_00896
ACC_000731,funding,CARD_00824
ACC_000731,ip,IP_00797
ACC_000731,phone,PHN_00934
ACC_000732,device,DEV_00897
ACC_000732,funding,CARD_00825
ACC_000732,ip,IP_00798
ACC_000732,phone,PHN_00935
ACC_000733,device,DEV_00898
ACC_000733,funding,CARD_00826
ACC_000733,ip,IP_00799
ACC_000733,phone,PHN_00936
ACC_000734,device,DEV_00899
ACC_000734,funding,CARD_00827
ACC_000734,ip,IP_02694
ACC_000734,phone,PHN_00937
ACC_000735,device,DEV_00900
ACC_000735,funding,CARD_00828
ACC_000735,ip,IP_00801
ACC_000735,phone,PHN_00938
ACC_000736,device,DEV_00901
ACC_000736,funding,CARD_00829
ACC_000736,ip,IP_00802
ACC_000736,phone,PHN_00939
ACC_000737,device,DEV_00902
ACC_000737,funding,CARD_00830
ACC_000737,ip,IP_00803
ACC_000737,phone,PHN_00940
ACC_000738,device,DEV_00903
ACC_000738,funding,CARD_00831
ACC_000738,ip,IP_00804
ACC_000738,phone,PHN_00941
ACC_000739,device,DEV_00904
ACC_000739,funding,CARD_00832
ACC_000739,ip,IP_00805
ACC_000739,phone,PHN_00942
ACC_000740,device,DEV_00905
ACC_000740,funding,CARD_00833
ACC_000740,ip,IP_00806
ACC_000740,phone,PHN_00943
ACC_000741,device,DEV_00906
ACC_000741,funding,CARD_00834
ACC_000741,ip,IP_00807
ACC_000741,phone,PHN_00944
ACC_000742,device,DEV_00907
ACC_000742,funding,CARD_00835
ACC_000742,ip,IP_00808
ACC_000742,phone,PHN_00945
ACC_000743,device,DEV_00908
ACC_000743,funding,CARD_00836
ACC_000743,ip,IP_00809
ACC_000743,phone,PHN_00946
ACC_000744,device,DEV_00909
ACC_000744,funding,CARD_00837
ACC_000744,ip,IP_00810
ACC_000744,phone,PHN_00947
ACC_000745,device,DEV_00910
ACC_000745,funding,CARD_00838
ACC_000745,ip,IP_00811
ACC_000745,phone,PHN_00948
ACC_000746,device,DEV_00911
ACC_000746,funding,CARD_00839
ACC_000746,ip,IP_00812
ACC_000746,phone,PHN_00949
ACC_000747,device,DEV_00912
ACC_000747,funding,CARD_00840
ACC_000747,ip,IP_00813
ACC_000747,phone,PHN_00950
ACC_000748,device,DEV_00913
ACC_000748,funding,CARD_00841
ACC_000748,ip,IP_00814
ACC_000748,phone,PHN_00951
ACC_000749,device,DEV_00914
ACC_000749,funding,CARD_00842
ACC_000749,ip,IP_00815
ACC_000749,phone,PHN_00952
ACC_000750,device,DEV_00915
ACC_000750,funding,CARD_00843
ACC_000750,ip,IP_00816
ACC_000750,phone,PHN_00953
ACC_000751,device,DEV_00916
ACC_000751,funding,CARD_00844
ACC_000751,ip,IP_00817
ACC_000751,phone,PHN_00954
ACC_000752,device,DEV_00917
ACC_000752,funding,CARD_00845
ACC_000752,ip,IP_00818
ACC_000752,phone,PHN_00955
ACC_000753,device,DEV_00918
ACC_000753,funding,CARD_00846
ACC_000753,ip,IP_00819
ACC_000753,phone,PHN_00956
ACC_000754,device,DEV_00919
ACC_000754,funding,CARD_00847
ACC_000754,ip,IP_00820
ACC_000754,phone,PHN_00957
ACC_000755,device,DEV_00920
ACC_000755,funding,CARD_00848
ACC_000755,ip,IP_00821
ACC_000755,phone,PHN_00958
ACC_000756,device,DEV_00921
ACC_000756,funding,CARD_00849
ACC_000756,ip,IP_00822
ACC_000756,phone,PHN_00959
ACC_000757,device,DEV_00922
ACC_000757,funding,CARD_00850
ACC_000757,ip,IP_00823
ACC_000757,phone,PHN_00960
ACC_000758,device,DEV_00923
ACC_000758,funding,CARD_00851
ACC_000758,ip,IP_00824
ACC_000758,phone,PHN_00961
ACC_000759,device,DEV_00924
ACC_000759,funding,CARD_00852
ACC_000759,ip,IP_00825
ACC_000759,phone,PHN_00962
ACC_000760,device,DEV_00925
ACC_000760,funding,CARD_00853
ACC_000760,ip,IP_00826
ACC_000760,phone,PHN_00963
ACC_000761,device,DEV_00926
ACC_000761,funding,CARD_00854
ACC_000761,ip,IP_00827
ACC_000761,phone,PHN_00964
ACC_000762,device,DEV_00927
ACC_000762,funding,CARD_00855
ACC_000762,ip,IP_00828
ACC_000762,phone,PHN_00965
ACC_000763,device,DEV_00928
ACC_000763,funding,CARD_00856
ACC_000763,ip,IP_00829
ACC_000763,phone,PHN_00966
ACC_000764,device,DEV_00929
ACC_000764,funding,CARD_00857
ACC_000764,ip,IP_00830
ACC_000764,phone,PHN_00967
ACC_000765,device,DEV_00930
ACC_000765,funding,CARD_00858
ACC_000765,ip,IP_00831
ACC_000765,phone,PHN_00968
ACC_000766,device,DEV_00931
ACC_000766,funding,CARD_00859
ACC_000766,ip,IP_00832
ACC_000766,phone,PHN_00969
ACC_000767,device,DEV_00932
ACC_000767,funding,CARD_00860
ACC_000767,ip,IP_00833
ACC_000767,phone,PHN_00970
ACC_000768,device,DEV_00933
ACC_000768,funding,CARD_00861
ACC_000768,ip,IP_00834
ACC_000768,phone,PHN_00971
ACC_000769,device,DEV_00934
ACC_000769,funding,CARD_00862
ACC_000769,ip,IP_00835
ACC_000769,phone,PHN_00972
ACC_000770,device,DEV_00935
ACC_000770,funding,CARD_00863
ACC_000770,ip,IP_00836
ACC_000770,phone,PHN_00973
ACC_000771,device,DEV_00936
ACC_000771,funding,CARD_00864
ACC_000771,ip,IP_00837
ACC_000771,phone,PHN_00974
ACC_000772,device,DEV_00937
ACC_000772,funding,CARD_00865
ACC_000772,ip,IP_00838
ACC_000772,phone,PHN_00975
ACC_000773,device,DEV_00938
ACC_000773,funding,CARD_00866
ACC_000773,ip,IP_00839
ACC_000773,phone,PHN_00976
ACC_000774,device,DEV_00939
ACC_000774,funding,CARD_00867
ACC_000774,ip,IP_00840
ACC_000774,phone,PHN_00977
ACC_000775,device,DEV_00940
ACC_000775,funding,CARD_00868
ACC_000775,ip,IP_00841
ACC_000775,phone,PHN_00978
ACC_000776,device,DEV_00941
ACC_000776,funding,CARD_00869
ACC_000776,ip,IP_00842
ACC_000776,phone,PHN_00979
ACC_000777,device,DEV_00942
ACC_000777,funding,CARD_00870
ACC_000777,ip,IP_00843
ACC_000777,phone,PHN_00980
ACC_000778,device,DEV_00943
ACC_000778,funding,CARD_00871
ACC_000778,ip,IP_00844
ACC_000778,phone,PHN_00981
ACC_000779,device,DEV_00944
ACC_000779,funding,CARD_00872
ACC_000779,ip,IP_00845
ACC_000779,phone,PHN_00982
ACC_000780,device,DEV_00945
ACC_000780,funding,CARD_00873
ACC_000780,ip,IP_00846
ACC_000780,phone,PHN_00983
ACC_000781,device,DEV_00946
ACC_000781,funding,CARD_00874
ACC_000781,ip,IP_00847
ACC_000781,phone,PHN_00984
ACC_000782,device,DEV_00947
ACC_000782,funding,CARD_00875
ACC_000782,ip,IP_00848
ACC_000782,phone,PHN_00985
ACC_000783,device,DEV_00948
ACC_000783,funding,CARD_00876
ACC_000783,ip,IP_00849
ACC_000783,phone,PHN_00986
ACC_000784,device,DEV_00949
ACC_000784,funding,CARD_00877
ACC_000784,ip,IP_00850
ACC_000784,phone,PHN_00987
ACC_000785,device,DEV_00950
ACC_000785,funding,CARD_00878
ACC_000785,ip,IP_00851
ACC_000785,phone,PHN_00988
ACC_000786,device,DEV_00951
ACC_000786,funding,CARD_00879
ACC_000786,ip,IP_00852
ACC_000786,phone,PHN_00989
ACC_000787,device,DEV_00952
ACC_000787,funding,CARD_00880
ACC_000787,ip,IP_00853
ACC_000787,phone,PHN_00990
ACC_000788,device,DEV_00953
ACC_000788,funding,CARD_00881
ACC_000788,ip,IP_00854
ACC_000788,phone,PHN_00991
ACC_000789,device,DEV_00954
ACC_000789,funding,CARD_00882
ACC_000789,ip,IP_00855
ACC_000789,phone,PHN_00992
ACC_000790,device,DEV_00955
ACC_000790,funding,CARD_00883
ACC_000790,ip,IP_00856
ACC_000790,phone,PHN_00993
ACC_000791,device,DEV_00956
ACC_000791,funding,CARD_00884
ACC_000791,ip,IP_00857
ACC_000791,phone,PHN_00994
ACC_000792,device,DEV_00957
ACC_000792,funding,CARD_00885
ACC_000792,ip,IP_00858
ACC_000792,phone,PHN_00995
ACC_000793,device,DEV_00958
ACC_000793,funding,CARD_00886
ACC_000793,ip,IP_00859
ACC_000793,phone,PHN_00996
ACC_000794,device,DEV_00959
ACC_000794,funding,CARD_00887
ACC_000794,ip,IP_00860
ACC_000794,phone,PHN_00997
ACC_000795,device,DEV_00960
ACC_000795,funding,CARD_00888
ACC_000795,ip,IP_00861
ACC_000795,phone,PHN_00998
ACC_000796,device,DEV_00961
ACC_000796,funding,CARD_00889
ACC_000796,ip,IP_00862
ACC_000796,phone,PHN_00999
ACC_000797,device,DEV_00962
ACC_000797,funding,CARD_00890
ACC_000797,ip,IP_00863
ACC_000797,phone,PHN_01000
ACC_000798,device,DEV_00963
ACC_000798,funding,CARD_00891
ACC_000798,ip,IP_00864
ACC_000798,phone,PHN_01001
ACC_000799,device,DEV_00964
ACC_000799,funding,CARD_00892
ACC_000799,ip,IP_00865
ACC_000799,phone,PHN_01002
ACC_000800,device,DEV_00965
ACC_000800,funding,CARD_00893
ACC_000800,ip,IP_00866
ACC_000800,phone,PHN_01003
ACC_000801,device,DEV_00966
ACC_000801,funding,CARD_00894
ACC_000801,ip,IP_00867
ACC_000801,phone,PHN_01004
ACC_000802,device,DEV_00967
ACC_000802,funding,CARD_00895
ACC_000802,ip,IP_00868
ACC_000802,phone,PHN_01005
ACC_000803,device,DEV_00968
ACC_000803,funding,CARD_00896
ACC_000803,ip,IP_00869
ACC_000803,phone,PHN_01006
ACC_000804,device,DEV_00969
ACC_000804,funding,CARD_00897
ACC_000804,ip,IP_00870
ACC_000804,phone,PHN_01007
ACC_000805,device,DEV_00970
ACC_000805,funding,CARD_00898
ACC_000805,ip,IP_00871
ACC_000805,phone,PHN_01008
ACC_000806,device,DEV_00971
ACC_000806,funding,CARD_00899
ACC_000806,ip,IP_00872
ACC_000806,phone,PHN_01009
ACC_000807,device,DEV_00972
ACC_000807,funding,CARD_00900
ACC_000807,ip,IP_00873
ACC_000807,phone,PHN_01010
ACC_000808,device,DEV_00973
ACC_000808,funding,CARD_00901
ACC_000808,ip,IP_00874
ACC_000808,phone,PHN_01011
ACC_000809,device,DEV_00974
ACC_000809,funding,CARD_00902
ACC_000809,ip,IP_00875
ACC_000809,phone,PHN_01012
ACC_000810,device,DEV_00975
ACC_000810,funding,CARD_00903
ACC_000810,ip,IP_00876
ACC_000810,phone,PHN_01013
ACC_000811,device,DEV_00976
ACC_000811,funding,CARD_00904
ACC_000811,ip,IP_00877
ACC_000811,phone,PHN_01014
ACC_000812,device,DEV_00977
ACC_000812,funding,CARD_00905
ACC_000812,ip,IP_00878
ACC_000812,phone,PHN_01015
ACC_000813,device,DEV_00978
ACC_000813,funding,CARD_00906
ACC_000813,ip,IP_00879
ACC_000813,phone,PHN_01016
ACC_000814,device,DEV_00979
ACC_000814,funding,CARD_00907
ACC_000814,ip,IP_00880
ACC_000814,phone,PHN_01017
ACC_000815,device,DEV_00980
ACC_000815,funding,CARD_00908
ACC_000815,ip,IP_00881
ACC_000815,phone,PHN_01018
ACC_000816,device,DEV_00981
ACC_000816,funding,CARD_00909
ACC_000816,ip,IP_02695
ACC_000816,phone,PHN_01019
ACC_000817,device,DEV_00982
ACC_000817,funding,CARD_00910
ACC_000817,ip,IP_00883
ACC_000817,phone,PHN_01020
ACC_000818,device,DEV_00983
ACC_000818,funding,CARD_00911
ACC_000818,ip,IP_00884
ACC_000818,phone,PHN_01021
ACC_000819,device,DEV_00984
ACC_000819,funding,CARD_00912
ACC_000819,ip,IP_00885
ACC_000819,phone,PHN_01022
ACC_000820,device,DEV_00985
ACC_000820,funding,CARD_00913
ACC_000820,ip,IP_00886
ACC_000820,phone,PHN_01023
ACC_000821,device,DEV_00986
ACC_000821,funding,CARD_00914
ACC_000821,ip,IP_00887
ACC_000821,phone,PHN_01024
ACC_000822,device,DEV_00987
ACC_000822,funding,CARD_00915
ACC_000822,ip,IP_00888
ACC_000822,phone,PHN_01025
ACC_000823,device,DEV_00988
ACC_000823,funding,CARD_00916
ACC_000823,ip,IP_00889
ACC_000823,phone,PHN_01026
ACC_000824,device,DEV_00989
ACC_000824,funding,CARD_00917
ACC_000824,ip,IP_00890
ACC_000824,phone,PHN_01027
ACC_000825,device,DEV_00990
ACC_000825,funding,CARD_00918
ACC_000825,ip,IP_00891
ACC_000825,phone,PHN_01028
ACC_000826,device,DEV_00991
ACC_000826,funding,CARD_00919
ACC_000826,ip,IP_00892
ACC_000826,phone,PHN_01029
ACC_000827,device,DEV_00992
ACC_000827,funding,CARD_00920
ACC_000827,ip,IP_00893
ACC_000827,phone,PHN_01030
ACC_000828,device,DEV_00993
ACC_000828,funding,CARD_00921
ACC_000828,ip,IP_00894
ACC_000828,phone,PHN_01031
ACC_000829,device,DEV_00994
ACC_000829,funding,CARD_00922
ACC_000829,ip,IP_00895
ACC_000829,phone,PHN_01032
ACC_000830,device,DEV_00995
ACC_000830,funding,CARD_00923
ACC_000830,ip,IP_00896
ACC_000830,phone,PHN_01033
ACC_000831,device,DEV_00996
ACC_000831,funding,CARD_00924
ACC_000831,ip,IP_00897
ACC_000831,phone,PHN_01034
ACC_000832,device,DEV_00997
ACC_000832,funding,CARD_00925
ACC_000832,ip,IP_00898
ACC_000832,phone,PHN_01035
ACC_000833,device,DEV_00998
ACC_000833,funding,CARD_00926
ACC_000833,ip,IP_00899
ACC_000833,phone,PHN_01036
ACC_000834,device,DEV_00999
ACC_000834,funding,CARD_00927
ACC_000834,ip,IP_00900
ACC_000834,phone,PHN_01037
ACC_000835,device,DEV_01000
ACC_000835,funding,CARD_00928
ACC_000835,ip,IP_00901
ACC_000835,phone,PHN_01038
ACC_000836,device,DEV_01001
ACC_000836,funding,CARD_00929
ACC_000836,ip,IP_00902
ACC_000836,phone,PHN_01039
ACC_000837,device,DEV_01002
ACC_000837,funding,CARD_00930
ACC_000837,ip,IP_00903
ACC_000837,phone,PHN_01040
ACC_000838,device,DEV_01003
ACC_000838,funding,CARD_00931
ACC_000838,ip,IP_00904
ACC_000838,phone,PHN_01041
ACC_000839,device,DEV_01004
ACC_000839,funding,CARD_00932
ACC_000839,ip,IP_00905
ACC_000839,phone,PHN_01042
ACC_000840,device,DEV_01005
ACC_000840,funding,CARD_00933
ACC_000840,ip,IP_00906
ACC_000840,phone,PHN_01043
ACC_000841,device,DEV_01006
ACC_000841,funding,CARD_00934
ACC_000841,ip,IP_00907
ACC_000841,phone,PHN_01044
ACC_000842,device,DEV_01007
ACC_000842,funding,CARD_00935
ACC_000842,ip,IP_00908
ACC_000842,phone,PHN_01045
ACC_000843,device,DEV_01008
ACC_000843,funding,CARD_00936
ACC_000843,ip,IP_00909
ACC_000843,phone,PHN_01046
ACC_000844,device,DEV_01009
ACC_000844,funding,CARD_00937
ACC_000844,ip,IP_00910
ACC_000844,phone,PHN_01047
ACC_000845,device,DEV_01010
ACC_000845,funding,CARD_00938
ACC_000845,ip,IP_00911
ACC_000845,phone,PHN_01048
ACC_000846,device,DEV_01011
ACC_000846,funding,CARD_00939
ACC_000846,ip,IP_00912
ACC_000846,phone,PHN_01049
ACC_000847,device,DEV_01012
ACC_000847,funding,CARD_00940
ACC_000847,ip,IP_00913
ACC_000847,phone,PHN_01050
ACC_000848,device,DEV_01013
ACC_000848,funding,CARD_00941
ACC_000848,ip,IP_00914
ACC_000848,phone,PHN_01051
ACC_000849,device,DEV_01014
ACC_000849,funding,CARD_00942
ACC_000849,ip,IP_00915
ACC_000849,phone,PHN_01052
ACC_000850,device,DEV_01015
ACC_000850,funding,CARD_00943
ACC_000850,ip,IP_00916
ACC_000850,phone,PHN_01053
ACC_000851,device,DEV_01016
ACC_000851,funding,CARD_00944
ACC_000851,ip,IP_00917
ACC_000851,phone,PHN_01054
ACC_000852,device,DEV_01017
ACC_000852,funding,CARD_00945
ACC_000852,ip,IP_00918
ACC_000852,phone,PHN_01055
ACC_000853,device,DEV_01018
ACC_000853,funding,CARD_00946
ACC_000853,ip,IP_00919
ACC_000853,phone,PHN_01056
ACC_000854,device,DEV_01019
ACC_000854,funding,CARD_00947
ACC_000854,ip,IP_00920
ACC_000854,phone,PHN_01057
ACC_000855,device,DEV_01020
ACC_000855,funding,CARD_00948
ACC_000855,ip,IP_00921
ACC_000855,phone,PHN_01058
ACC_000856,device,DEV_01021
ACC_000856,funding,CARD_00949
ACC_000856,ip,IP_00922
ACC_000856,phone,PHN_01059
ACC_000857,device,DEV_01022
ACC_000857,funding,CARD_00950
ACC_000857,ip,IP_00923
ACC_000857,phone,PHN_01060
ACC_000858,device,DEV_01023
ACC_000858,funding,CARD_00951
ACC_000858,ip,IP_00924
ACC_000858,phone,PHN_01061
ACC_000859,device,DEV_01024
ACC_000859,funding,CARD_00952
ACC_000859,ip,IP_00925
ACC_000859,phone,PHN_01062
ACC_000860,device,DEV_01025
ACC_000860,funding,CARD_00953
ACC_000860,ip,IP_00926
ACC_000860,phone,PHN_01063
ACC_000861,device,DEV_01026
ACC_000861,funding,CARD_00954
ACC_000861,ip,IP_00927
ACC_000861,phone,PHN_01064
ACC_000862,device,DEV_01027
ACC_000862,funding,CARD_00955
ACC_000862,ip,IP_00928
ACC_000862,phone,PHN_01065
ACC_000863,device,DEV_01028
ACC_000863,funding,CARD_00956
ACC_000863,ip,IP_00929
ACC_000863,phone,PHN_01066
ACC_000864,device,DEV_01029
ACC_000864,funding,CARD_00957
ACC_000864,ip,IP_00930
ACC_000864,phone,PHN_01067
ACC_000865,device,DEV_01030
ACC_000865,funding,CARD_00958
ACC_000865,ip,IP_00931
ACC_000865,phone,PHN_01068
ACC_000866,device,DEV_01031
ACC_000866,funding,CARD_00959
ACC_000866,ip,IP_00932
ACC_000866,phone,PHN_01069
ACC_000867,device,DEV_01032
ACC_000867,funding,CARD_00960
ACC_000867,ip,IP_00933
ACC_000867,phone,PHN_01070
ACC_000868,device,DEV_01033
ACC_000868,funding,CARD_00961
ACC_000868,ip,IP_00934
ACC_000868,phone,PHN_01071
ACC_000869,device,DEV_01034
ACC_000869,funding,CARD_00962
ACC_000869,ip,IP_00935
ACC_000869,phone,PHN_01072
ACC_000870,device,DEV_01035
ACC_000870,funding,CARD_00963
ACC_000870,ip,IP_00936
ACC_000870,phone,PHN_01073
ACC_000871,device,DEV_01036
ACC_000871,funding,CARD_00964
ACC_000871,ip,IP_00937
ACC_000871,phone,PHN_01074
ACC_000872,device,DEV_01037
ACC_000872,funding,CARD_00965
ACC_000872,ip,IP_00938
ACC_000872,phone,PHN_01075
ACC_000873,device,DEV_01038
ACC_000873,funding,CARD_00966
ACC_000873,ip,IP_00939
ACC_000873,phone,PHN_01076
ACC_000874,device,DEV_01039
ACC_000874,funding,CARD_00967
ACC_000874,ip,IP_00940
ACC_000874,phone,PHN_01077
ACC_000875,device,DEV_01040
ACC_000875,funding,CARD_00968
ACC_000875,ip,IP_00941
ACC_000875,phone,PHN_01078
ACC_000876,device,DEV_01041
ACC_000876,funding,CARD_00969
ACC_000876,ip,IP_00942
ACC_000876,phone,PHN_01079
ACC_000877,device,DEV_01042
ACC_000877,funding,CARD_00970
ACC_000877,ip,IP_00943
ACC_000877,phone,PHN_01080
ACC_000878,device,DEV_01043
ACC_000878,funding,CARD_00971
ACC_000878,ip,IP_00944
ACC_000878,phone,PHN_01081
ACC_000879,device,DEV_01044
ACC_000879,funding,CARD_00972
ACC_000879,ip,IP_00945
ACC_000879,phone,PHN_01082
ACC_000880,device,DEV_01045
ACC_000880,funding,CARD_00973
ACC_000880,ip,IP_00946
ACC_000880,phone,PHN_01083
ACC_000881,device,DEV_01046
ACC_000881,funding,CARD_00974
ACC_000881,ip,IP_00947
ACC_000881,phone,PHN_01084
ACC_000882,device,DEV_01047
ACC_000882,funding,CARD_00975
ACC_000882,ip,IP_00948
ACC_000882,phone,PHN_01085
ACC_000883,device,DEV_01048
ACC_000883,funding,CARD_00976
ACC_000883,ip,IP_02695
ACC_000883,phone,PHN_01086
ACC_000884,device,DEV_01049
ACC_000884,funding,CARD_00977
ACC_000884,ip,IP_00950
ACC_000884,phone,PHN_01087
ACC_000885,device,DEV_01050
ACC_000885,funding,CARD_00978
ACC_000885,ip,IP_00951
ACC_000885,phone,PHN_01088
ACC_000886,device,DEV_01051
ACC_000886,funding,CARD_00979
ACC_000886,ip,IP_00952
ACC_000886,phone,PHN_01089
ACC_000887,device,DEV_01052
ACC_000887,funding,CARD_00980
ACC_000887,ip,IP_00953
ACC_000887,phone,PHN_01090
ACC_000888,device,DEV_01053
ACC_000888,funding,CARD_00981
ACC_000888,ip,IP_00954
ACC_000888,phone,PHN_01091
ACC_000889,device,DEV_01054
ACC_000889,funding,CARD_00982
ACC_000889,ip,IP_00955
ACC_000889,phone,PHN_01092
ACC_000890,device,DEV_01055
ACC_000890,funding,CARD_00983
ACC_000890,ip,IP_00956
ACC_000890,phone,PHN_01093
ACC_000891,device,DEV_01056
ACC_000891,funding,CARD_00984
ACC_000891,ip,IP_00957
ACC_000891,phone,PHN_01094
ACC_000892,device,DEV_01057
ACC_000892,funding,CARD_00985
ACC_000892,ip,IP_00958
ACC_000892,phone,PHN_01095
ACC_000893,device,DEV_01058
ACC_000893,funding,CARD_00986
ACC_000893,ip,IP_00959
ACC_000893,phone,PHN_01096
ACC_000894,device,DEV_01059
ACC_000894,funding,CARD_00987
ACC_000894,ip,IP_00960
ACC_000894,phone,PHN_01097
ACC_000895,device,DEV_01060
ACC_000895,funding,CARD_00988
ACC_000895,ip,IP_00961
ACC_000895,phone,PHN_01098
ACC_000896,device,DEV_01061
ACC_000896,funding,CARD_00989
ACC_000896,ip,IP_00962
ACC_000896,phone,PHN_01099
ACC_000897,device,DEV_01062
ACC_000897,funding,CARD_00990
ACC_000897,ip,IP_00963
ACC_000897,phone,PHN_01100
ACC_000898,device,DEV_01063
ACC_000898,funding,CARD_00991
ACC_000898,ip,IP_00964
ACC_000898,phone,PHN_01101
ACC_000899,device,DEV_01064
ACC_000899,funding,CARD_00992
ACC_000899,ip,IP_00965
ACC_000899,phone,PHN_01102
ACC_000900,device,DEV_01065
ACC_000900,funding,CARD_00993
ACC_000900,ip,IP_00966
ACC_000900,phone,PHN_01103
ACC_000901,device,DEV_01066
ACC_000901,funding,CARD_00994
ACC_000901,ip,IP_00967
ACC_000901,phone,PHN_01104
ACC_000902,device,DEV_01067
ACC_000902,funding,CARD_00995
ACC_000902,ip,IP_00968
ACC_000902,phone,PHN_01105
ACC_000903,device,DEV_01068
ACC_000903,funding,CARD_00996
ACC_000903,ip,IP_00969
ACC_000903,phone,PHN_01106
ACC_000904,device,DEV_01069
ACC_000904,funding,CARD_00997
ACC_000904,ip,IP_00970
ACC_000904,phone,PHN_01107
ACC_000905,device,DEV_01070
ACC_000905,funding,CARD_00998
ACC_000905,ip,IP_00971
ACC_000905,phone,PHN_01108
ACC_000906,device,DEV_01071
ACC_000906,funding,CARD_00999
ACC_000906,ip,IP_00972
ACC_000906,phone,PHN_01109
ACC_000907,device,DEV_01072
ACC_000907,funding,CARD_01000
ACC_000907,ip,IP_00973
ACC_000907,phone,PHN_01110
ACC_000908,device,DEV_01073
ACC_000908,funding,CARD_01001
ACC_000908,ip,IP_00974
ACC_000908,phone,PHN_01111
ACC_000909,device,DEV_01074
ACC_000909,funding,CARD_01002
ACC_000909,ip,IP_00975
ACC_000909,phone,PHN_01112
ACC_000910,device,DEV_01075
ACC_000910,funding,CARD_01003
ACC_000910,ip,IP_00976
ACC_000910,phone,PHN_01113
ACC_000911,device,DEV_01076
ACC_000911,funding,CARD_01004
ACC_000911,ip,IP_00977
ACC_000911,phone,PHN_01114
ACC_000912,device,DEV_01077
ACC_000912,funding,CARD_01005
ACC_000912,ip,IP_02693
ACC_000912,phone,PHN_01115
ACC_000913,device,DEV_01078
ACC_000913,funding,CARD_01006
ACC_000913,ip,IP_00979
ACC_000913,phone,PHN_01116
ACC_000914,device,DEV_01079
ACC_000914,funding,CARD_01007
ACC_000914,ip,IP_00980
ACC_000914,phone,PHN_01117
ACC_000915,device,DEV_01080
ACC_000915,funding,CARD_01008
ACC_000915,ip,IP_00981
ACC_000915,phone,PHN_01118
ACC_000916,device,DEV_01081
ACC_000916,funding,CARD_01009
ACC_000916,ip,IP_00982
ACC_000916,phone,PHN_01119
ACC_000917,device,DEV_01082
ACC_000917,funding,CARD_01010
ACC_000917,ip,IP_00983
ACC_000917,phone,PHN_01120
ACC_000918,device,DEV_01083
ACC_000918,funding,CARD_01011
ACC_000918,ip,IP_00984
ACC_000918,phone,PHN_01121
ACC_000919,device,DEV_01084
ACC_000919,funding,CARD_01012
ACC_000919,ip,IP_00985
ACC_000919,phone,PHN_01122
ACC_000920,device,DEV_01085
ACC_000920,funding,CARD_01013
ACC_000920,ip,IP_00986
ACC_000920,phone,PHN_01123
ACC_000921,device,DEV_01086
ACC_000921,funding,CARD_01014
ACC_000921,ip,IP_00987
ACC_000921,phone,PHN_01124
ACC_000922,device,DEV_01087
ACC_000922,funding,CARD_01015
ACC_000922,ip,IP_00988
ACC_000922,phone,PHN_01125
ACC_000923,device,DEV_01088
ACC_000923,funding,CARD_01016
ACC_000923,ip,IP_00989
ACC_000923,phone,PHN_01126
ACC_000924,device,DEV_01089
ACC_000924,funding,CARD_01017
ACC_000924,ip,IP_00990
ACC_000924,phone,PHN_01127
ACC_000925,device,DEV_01090
ACC_000925,funding,CARD_01018
ACC_000925,ip,IP_00991
ACC_000925,phone,PHN_01128
ACC_000926,device,DEV_01091
ACC_000926,funding,CARD_01019
ACC_000926,ip,IP_00992
ACC_000926,phone,PHN_01129
ACC_000927,device,DEV_01092
ACC_000927,funding,CARD_01020
ACC_000927,ip,IP_00993
ACC_000927,phone,PHN_01130
ACC_000928,device,DEV_01093
ACC_000928,funding,CARD_01021
ACC_000928,ip,IP_00994
ACC_000928,phone,PHN_01131
ACC_000929,device,DEV_01094
ACC_000929,funding,CARD_01022
ACC_000929,ip,IP_00995
ACC_000929,phone,PHN_01132
ACC_000930,device,DEV_01095
ACC_000930,funding,CARD_01023
ACC_000930,ip,IP_00996
ACC_000930,phone,PHN_01133
ACC_000931,device,DEV_01096
ACC_000931,funding,CARD_01024
ACC_000931,ip,IP_00997
ACC_000931,phone,PHN_01134
ACC_000932,device,DEV_01097
ACC_000932,funding,CARD_01025
ACC_000932,ip,IP_00998
ACC_000932,phone,PHN_01135
ACC_000933,device,DEV_01098
ACC_000933,funding,CARD_01026
ACC_000933,ip,IP_00999
ACC_000933,phone,PHN_01136
ACC_000934,device,DEV_01099
ACC_000934,funding,CARD_01027
ACC_000934,ip,IP_01000
ACC_000934,phone,PHN_01137
ACC_000935,device,DEV_01100
ACC_000935,funding,CARD_01028
ACC_000935,ip,IP_01001
ACC_000935,phone,PHN_01138
ACC_000936,device,DEV_01101
ACC_000936,funding,CARD_01029
ACC_000936,ip,IP_01002
ACC_000936,phone,PHN_01139
ACC_000937,device,DEV_01102
ACC_000937,funding,CARD_01030
ACC_000937,ip,IP_01003
ACC_000937,phone,PHN_01140
ACC_000938,device,DEV_01103
ACC_000938,funding,CARD_01031
ACC_000938,ip,IP_01004
ACC_000938,phone,PHN_01141
ACC_000939,device,DEV_01104
ACC_000939,funding,CARD_01032
ACC_000939,ip,IP_01005
ACC_000939,phone,PHN_01142
ACC_000940,device,DEV_01105
ACC_000940,funding,CARD_01033
ACC_000940,ip,IP_01006
ACC_000940,phone,PHN_01143
ACC_000941,device,DEV_01106
ACC_000941,funding,CARD_01034
ACC_000941,ip,IP_01007
ACC_000941,phone,PHN_01144
ACC_000942,device,DEV_01107
ACC_000942,funding,CARD_01035
ACC_000942,ip,IP_01008
ACC_000942,phone,PHN_01145
ACC_000943,device,DEV_01108
ACC_000943,funding,CARD_01036
ACC_000943,ip,IP_01009
ACC_000943,phone,PHN_01146
ACC_000944,device,DEV_01109
ACC_000944,funding,CARD_01037
ACC_000944,ip,IP_01010
ACC_000944,phone,PHN_01147
ACC_000945,device,DEV_01110
ACC_000945,funding,CARD_01038
ACC_000945,ip,IP_01011
ACC_000945,phone,PHN_01148
ACC_000946,device,DEV_01111
ACC_000946,funding,CARD_01039
ACC_000946,ip,IP_01012
ACC_000946,phone,PHN_01149
ACC_000947,device,DEV_01112
ACC_000947,funding,CARD_01040
ACC_000947,ip,IP_01013
ACC_000947,phone,PHN_01150
ACC_000948,device,DEV_01113
ACC_000948,funding,CARD_01041
ACC_000948,ip,IP_01014
ACC_000948,phone,PHN_01151
ACC_000949,device,DEV_01114
ACC_000949,funding,CARD_01042
ACC_000949,ip,IP_01015
ACC_000949,phone,PHN_01152
ACC_000950,device,DEV_01115
ACC_000950,funding,CARD_01043
ACC_000950,ip,IP_01016
ACC_000950,phone,PHN_01153
ACC_000951,device,DEV_01116
ACC_000951,funding,CARD_01044
ACC_000951,ip,IP_01017
ACC_000951,phone,PHN_01154
ACC_000952,device,DEV_01117
ACC_000952,funding,CARD_01045
ACC_000952,ip,IP_01018
ACC_000952,phone,PHN_01155
ACC_000953,device,DEV_01118
ACC_000953,funding,CARD_01046
ACC_000953,ip,IP_01019
ACC_000953,phone,PHN_01156
ACC_000954,device,DEV_01119
ACC_000954,funding,CARD_01047
ACC_000954,ip,IP_01020
ACC_000954,phone,PHN_01157
ACC_000955,device,DEV_01120
ACC_000955,funding,CARD_01048
ACC_000955,ip,IP_01021
ACC_000955,phone,PHN_01158
ACC_000956,device,DEV_01121
ACC_000956,funding,CARD_01049
ACC_000956,ip,IP_01022
ACC_000956,phone,PHN_01159
ACC_000957,device,DEV_01122
ACC_000957,funding,CARD_01050
ACC_000957,ip,IP_01023
ACC_000957,phone,PHN_01160
ACC_000958,device,DEV_01123
ACC_000958,funding,CARD_01051
ACC_000958,ip,IP_01024
ACC_000958,phone,PHN_01161
ACC_000959,device,DEV_01124
ACC_000959,funding,CARD_01052
ACC_000959,ip,IP_01025
ACC_000959,phone,PHN_01162
ACC_000960,device,DEV_01125
ACC_000960,funding,CARD_01053
ACC_000960,ip,IP_01026
ACC_000960,phone,PHN_01163
ACC_000961,device,DEV_01126
ACC_000961,funding,CARD_01054
ACC_000961,ip,IP_01027
ACC_000961,phone,PHN_01164
ACC_000962,device,DEV_01127
ACC_000962,funding,CARD_01055
ACC_000962,ip,IP_01028
ACC_000962,phone,PHN_01165
ACC_000963,device,DEV_01128
ACC_000963,funding,CARD_01056
ACC_000963,ip,IP_01029
ACC_000963,phone,PHN_01166
ACC_000964,device,DEV_01129
ACC_000964,funding,CARD_01057
ACC_000964,ip,IP_01030
ACC_000964,phone,PHN_01167
ACC_000965,device,DEV_01130
ACC_000965,funding,CARD_01058
ACC_000965,ip,IP_01031
ACC_000965,phone,PHN_01168
ACC_000966,device,DEV_01131
ACC_000966,funding,CARD_01059
ACC_000966,ip,IP_01032
ACC_000966,phone,PHN_01169
ACC_000967,device,DEV_01132
ACC_000967,funding,CARD_01060
ACC_000967,ip,IP_01033
ACC_000967,phone,PHN_01170
ACC_000968,device,DEV_01133
ACC_000968,funding,CARD_01061
ACC_000968,ip,IP_01034
ACC_000968,phone,PHN_01171
ACC_000969,device,DEV_01134
ACC_000969,funding,CARD_01062
ACC_000969,ip,IP_01035
ACC_000969,phone,PHN_01172
ACC_000970,device,DEV_01135
ACC_000970,funding,CARD_01063
ACC_000970,ip,IP_01036
ACC_000970,phone,PHN_01173
ACC_000971,device,DEV_01136
ACC_000971,funding,CARD_01064
ACC_000971,ip,IP_01037
ACC_000971,phone,PHN_01174
ACC_000972,device,DEV_01137
ACC_000972,funding,CARD_01065
ACC_000972,ip,IP_01038
ACC_000972,phone,PHN_01175
ACC_000973,device,DEV_01138
ACC_000973,funding,CARD_01066
ACC_000973,ip,IP_01039
ACC_000973,phone,PHN_01176
ACC_000974,device,DEV_01139
ACC_000974,funding,CARD_01067
ACC_000974,ip,IP_01040
ACC_000974,phone,PHN_01177
ACC_000975,device,DEV_01140
ACC_000975,funding,CARD_01068
ACC_000975,ip,IP_01041
ACC_000975,phone,PHN_01178
ACC_000976,device,DEV_01141
ACC_000976,funding,CARD_01069
ACC_000976,ip,IP_01042
ACC_000976,phone,PHN_01179
ACC_000977,device,DEV_01142
ACC_000977,funding,CARD_01070
ACC_000977,ip,IP_01043
ACC_000977,phone,PHN_01180
ACC_000978,device,DEV_01143
ACC_000978,funding,CARD_01071
ACC_000978,ip,IP_01044
ACC_000978,phone,PHN_01181
ACC_000979,device,DEV_01144
ACC_000979,funding,CARD_01072
ACC_000979,ip,IP_01045
ACC_000979,phone,PHN_01182
ACC_000980,device,DEV_01145
ACC_000980,funding,CARD_01073
ACC_000980,ip,IP_01046
ACC_000980,phone,PHN_01183
ACC_000981,device,DEV_01146
ACC_000981,funding,CARD_01074
ACC_000981,ip,IP_01047
ACC_000981,phone,PHN_01184
ACC_000982,device,DEV_01147
ACC_000982,funding,CARD_01075
ACC_000982,ip,IP_01048
ACC_000982,phone,PHN_01185
ACC_000983,device,DEV_01148
ACC_000983,funding,CARD_01076
ACC_000983,ip,IP_01049
ACC_000983,phone,PHN_01186
ACC_000984,device,DEV_01149
ACC_000984,funding,CARD_01077
ACC_000984,ip,IP_01050
ACC_000984,phone,PHN_01187
ACC_000985,device,DEV_01150
ACC_000985,funding,CARD_01078
ACC_000985,ip,IP_01051
ACC_000985,phone,PHN_01188
ACC_000986,device,DEV_01151
ACC_000986,funding,CARD_01079
ACC_000986,ip,IP_01052
ACC_000986,phone,PHN_01189
ACC_000987,device,DEV_01152
ACC_000987,funding,CARD_01080
ACC_000987,ip,IP_01053
ACC_000987,phone,PHN_01190
ACC_000988,device,DEV_01153
ACC_000988,funding,CARD_01081
ACC_000988,ip,IP_01054
ACC_000988,phone,PHN_01191
ACC_000989,device,DEV_01154
ACC_000989,funding,CARD_01082
ACC_000989,ip,IP_01055
ACC_000989,phone,PHN_01192
ACC_000990,device,DEV_01155
ACC_000990,funding,CARD_01083
ACC_000990,ip,IP_01056
ACC_000990,phone,PHN_01193
ACC_000991,device,DEV_01156
ACC_000991,funding,CARD_01084
ACC_000991,ip,IP_01057
ACC_000991,phone,PHN_01194
ACC_000992,device,DEV_01157
ACC_000992,funding,CARD_01085
ACC_000992,ip,IP_01058
ACC_000992,phone,PHN_01195
ACC_000993,device,DEV_01158
ACC_000993,funding,CARD_01086
ACC_000993,ip,IP_01059
ACC_000993,phone,PHN_01196
ACC_000994,device,DEV_01159
ACC_000994,funding,CARD_01087
ACC_000994,ip,IP_01060
ACC_000994,phone,PHN_01197
ACC_000995,device,DEV_01160
ACC_000995,funding,CARD_01088
ACC_000995,ip,IP_01061
ACC_000995,phone,PHN_01198
ACC_000996,device,DEV_01161
ACC_000996,funding,CARD_01089
ACC_000996,ip,IP_01062
ACC_000996,phone,PHN_01199
ACC_000997,device,DEV_01162
ACC_000997,funding,CARD_01090
ACC_000997,ip,IP_01063
ACC_000997,phone,PHN_01200
ACC_000998,device,DEV_01163
ACC_000998,funding,CARD_01091
ACC_000998,ip,IP_01064
ACC_000998,phone,PHN_01201
ACC_000999,device,DEV_01164
ACC_000999,funding,CARD_01092
ACC_000999,ip,IP_01065
ACC_000999,phone,PHN_01202
ACC_001000,device,DEV_01165
ACC_001000,funding,CARD_01093
ACC_001000,ip,IP_01066
ACC_001000,phone,PHN_01203
ACC_001001,device,DEV_01166
ACC_001001,funding,CARD_01094
ACC_001001,ip,IP_01067
ACC_001001,phone,PHN_01204
ACC_001002,device,DEV_01167
ACC_001002,funding,CARD_01095
ACC_001002,ip,IP_01068
ACC_001002,phone,PHN_01205
ACC_001003,device,DEV_01168
ACC_001003,funding,CARD_01096
ACC_001003,ip,IP_01069
ACC_001003,phone,PHN_01206
ACC_001004,device,DEV_01169
ACC_001004,funding,CARD_01097
ACC_001004,ip,IP_01070
ACC_001004,phone,PHN_01207
ACC_001005,device,DEV_01170
ACC_001005,funding,CARD_01098
ACC_001005,ip,IP_01071
ACC_001005,phone,PHN_01208
ACC_001006,device,DEV_01171
ACC_001006,funding,CARD_01099
ACC_001006,ip,IP_01072
ACC_001006,phone,PHN_01209
ACC_001007,device,DEV_01172
ACC_001007,funding,CARD_01100
ACC_001007,ip,IP_01073
ACC_001007,phone,PHN_01210
ACC_001008,device,DEV_01173
ACC_001008,funding,CARD_01101
ACC_001008,ip,IP_01074
ACC_001008,phone,PHN_01211
ACC_001009,device,DEV_01174
ACC_001009,funding,CARD_01102
ACC_001009,ip,IP_01075
ACC_001009,phone,PHN_01212
ACC_001010,device,DEV_01175
ACC_001010,funding,CARD_01103
ACC_001010,ip,IP_01076
ACC_001010,phone,PHN_01213
ACC_001011,device,DEV_01176
ACC_001011,funding,CARD_01104
ACC_001011,ip,IP_01077
ACC_001011,phone,PHN_01214
ACC_001012,device,DEV_01177
ACC_001012,funding,CARD_01105
ACC_001012,ip,IP_01078
ACC_001012,phone,PHN_01215
ACC_001013,device,DEV_01178
ACC_001013,funding,CARD_01106
ACC_001013,ip,IP_01079
ACC_001013,phone,PHN_01216
ACC_001014,device,DEV_01179
ACC_001014,funding,CARD_01107
ACC_001014,ip,IP_01080
ACC_001014,phone,PHN_01217
ACC_001015,device,DEV_01180
ACC_001015,funding,CARD_01108
ACC_001015,ip,IP_01081
ACC_001015,phone,PHN_01218
ACC_001016,device,DEV_01181
ACC_001016,funding,CARD_01109
ACC_001016,ip,IP_02694
ACC_001016,phone,PHN_01219
ACC_001017,device,DEV_01182
ACC_001017,funding,CARD_01110
ACC_001017,ip,IP_01083
ACC_001017,phone,PHN_01220
ACC_001018,device,DEV_01183
ACC_001018,funding,CARD_01111
ACC_001018,ip,IP_01084
ACC_001018,phone,PHN_01221
ACC_001019,device,DEV_01184
ACC_001019,funding,CARD_01112
ACC_001019,ip,IP_01085
ACC_001019,phone,PHN_01222
ACC_001020,device,DEV_01185
ACC_001020,funding,CARD_01113
ACC_001020,ip,IP_01086
ACC_001020,phone,PHN_01223
ACC_001021,device,DEV_01186
ACC_001021,funding,CARD_01114
ACC_001021,ip,IP_01087
ACC_001021,phone,PHN_01224
ACC_001022,device,DEV_01187
ACC_001022,funding,CARD_01115
ACC_001022,ip,IP_01088
ACC_001022,phone,PHN_01225
ACC_001023,device,DEV_01188
ACC_001023,funding,CARD_01116
ACC_001023,ip,IP_01089
ACC_001023,phone,PHN_01226
ACC_001024,device,DEV_01189
ACC_001024,funding,CARD_01117
ACC_001024,ip,IP_01090
ACC_001024,phone,PHN_01227
ACC_001025,device,DEV_01190
ACC_001025,funding,CARD_01118
ACC_001025,ip,IP_02695
ACC_001025,phone,PHN_01228
ACC_001026,device,DEV_01191
ACC_001026,funding,CARD_01119
ACC_001026,ip,IP_01092
ACC_001026,phone,PHN_01229
ACC_001027,device,DEV_01192
ACC_001027,funding,CARD_01120
ACC_001027,ip,IP_01093
ACC_001027,phone,PHN_01230
ACC_001028,device,DEV_01193
ACC_001028,funding,CARD_01121
ACC_001028,ip,IP_01094
ACC_001028,phone,PHN_01231
ACC_001029,device,DEV_01194
ACC_001029,funding,CARD_01122
ACC_001029,ip,IP_01095
ACC_001029,phone,PHN_01232
ACC_001030,device,DEV_01195
ACC_001030,funding,CARD_01123
ACC_001030,ip,IP_01096
ACC_001030,phone,PHN_01233
ACC_001031,device,DEV_01196
ACC_001031,funding,CARD_01124
ACC_001031,ip,IP_01097
ACC_001031,phone,PHN_01234
ACC_001032,device,DEV_01197
ACC_001032,funding,CARD_01125
ACC_001032,ip,IP_01098
ACC_001032,phone,PHN_01235
ACC_001033,device,DEV_01198
ACC_001033,funding,CARD_01126
ACC_001033,ip,IP_01099
ACC_001033,phone,PHN_01236
ACC_001034,device,DEV_01199
ACC_001034,funding,CARD_01127
ACC_001034,ip,IP_01100
ACC_001034,phone,PHN_01237
ACC_001035,device,DEV_01200
ACC_001035,funding,CARD_01128
ACC_001035,ip,IP_01101
ACC_001035,phone,PHN_01238
ACC_001036,device,DEV_01201
ACC_001036,funding,CARD_01129
ACC_001036,ip,IP_01102
ACC_001036,phone,PHN_01239
ACC_001037,device,DEV_01202
ACC_001037,funding,CARD_01130
ACC_001037,ip,IP_01103
ACC_001037,phone,PHN_01240
ACC_001038,device,DEV_01203
ACC_001038,funding,CARD_01131
ACC_001038,ip,IP_01104
ACC_001038,phone,PHN_01241
ACC_001039,device,DEV_01204
ACC_001039,funding,CARD_01132
ACC_001039,ip,IP_01105
ACC_001039,phone,PHN_01242
ACC_001040,device,DEV_01205
ACC_001040,funding,CARD_01133
ACC_001040,ip,IP_01106
ACC_001040,phone,PHN_01243
ACC_001041,device,DEV_01206
ACC_001041,funding,CARD_01134
ACC_001041,ip,IP_01107
ACC_001041,phone,PHN_01244
ACC_001042,device,DEV_01207
ACC_001042,funding,CARD_01135
ACC_001042,ip,IP_01108
ACC_001042,phone,PHN_01245
ACC_001043,device,DEV_01208
ACC_001043,funding,CARD_01136
ACC_001043,ip,IP_02695
ACC_001043,phone,PHN_01246
ACC_001044,device,DEV_01209
ACC_001044,funding,CARD_01137
ACC_001044,ip,IP_01110
ACC_001044,phone,PHN_01247
ACC_001045,device,DEV_01210
ACC_001045,funding,CARD_01138
ACC_001045,ip,IP_01111
ACC_001045,phone,PHN_01248
ACC_001046,device,DEV_01211
ACC_001046,funding,CARD_01139
ACC_001046,ip,IP_01112
ACC_001046,phone,PHN_01249
ACC_001047,device,DEV_01212
ACC_001047,funding,CARD_01140
ACC_001047,ip,IP_01113
ACC_001047,phone,PHN_01250
ACC_001048,device,DEV_01213
ACC_001048,funding,CARD_01141
ACC_001048,ip,IP_01114
ACC_001048,phone,PHN_01251
ACC_001049,device,DEV_01214
ACC_001049,funding,CARD_01142
ACC_001049,ip,IP_01115
ACC_001049,phone,PHN_01252
ACC_001050,device,DEV_01215
ACC_001050,funding,CARD_01143
ACC_001050,ip,IP_01116
ACC_001050,phone,PHN_01253
ACC_001051,device,DEV_01216
ACC_001051,funding,CARD_01144
ACC_001051,ip,IP_01117
ACC_001051,phone,PHN_01254
ACC_001052,device,DEV_01217
ACC_001052,funding,CARD_01145
ACC_001052,ip,IP_01118
ACC_001052,phone,PHN_01255
ACC_001053,device,DEV_01218
ACC_001053,funding,CARD_01146
ACC_001053,ip,IP_01119
ACC_001053,phone,PHN_01256
ACC_001054,device,DEV_01219
ACC_001054,funding,CARD_01147
ACC_001054,ip,IP_01120
ACC_001054,phone,PHN_01257
ACC_001055,device,DEV_01220
ACC_001055,funding,CARD_01148
ACC_001055,ip,IP_01121
ACC_001055,phone,PHN_01258
ACC_001056,device,DEV_01221
ACC_001056,funding,CARD_01149
ACC_001056,ip,IP_01122
ACC_001056,phone,PHN_01259
ACC_001057,device,DEV_01222
ACC_001057,funding,CARD_01150
ACC_001057,ip,IP_01123
ACC_001057,phone,PHN_01260
ACC_001058,device,DEV_01223
ACC_001058,funding,CARD_01151
ACC_001058,ip,IP_01124
ACC_001058,phone,PHN_01261
ACC_001059,device,DEV_01224
ACC_001059,funding,CARD_01152
ACC_001059,ip,IP_01125
ACC_001059,phone,PHN_01262
ACC_001060,device,DEV_01225
ACC_001060,funding,CARD_01153
ACC_001060,ip,IP_01126
ACC_001060,phone,PHN_01263
ACC_001061,device,DEV_01226
ACC_001061,funding,CARD_01154
ACC_001061,ip,IP_01127
ACC_001061,phone,PHN_01264
ACC_001062,device,DEV_01227
ACC_001062,funding,CARD_01155
ACC_001062,ip,IP_01128
ACC_001062,phone,PHN_01265
ACC_001063,device,DEV_01228
ACC_001063,funding,CARD_01156
ACC_001063,ip,IP_01129
ACC_001063,phone,PHN_01266
ACC_001064,device,DEV_01229
ACC_001064,funding,CARD_01157
ACC_001064,ip,IP_01130
ACC_001064,phone,PHN_01267
ACC_001065,device,DEV_01230
ACC_001065,funding,CARD_01158
ACC_001065,ip,IP_01131
ACC_001065,phone,PHN_01268
ACC_001066,device,DEV_01231
ACC_001066,funding,CARD_01159
ACC_001066,ip,IP_01132
ACC_001066,phone,PHN_01269
ACC_001067,device,DEV_01232
ACC_001067,funding,CARD_01160
ACC_001067,ip,IP_01133
ACC_001067,phone,PHN_01270
ACC_001068,device,DEV_01233
ACC_001068,funding,CARD_01161
ACC_001068,ip,IP_01134
ACC_001068,phone,PHN_01271
ACC_001069,device,DEV_01234
ACC_001069,funding,CARD_01162
ACC_001069,ip,IP_01135
ACC_001069,phone,PHN_01272
ACC_001070,device,DEV_01235
ACC_001070,funding,CARD_01163
ACC_001070,ip,IP_01136
ACC_001070,phone,PHN_01273
ACC_001071,device,DEV_01236
ACC_001071,funding,CARD_01164
ACC_001071,ip,IP_01137
ACC_001071,phone,PHN_01274
ACC_001072,device,DEV_01237
ACC_001072,funding,CARD_01165
ACC_001072,ip,IP_01138
ACC_001072,phone,PHN_01275
ACC_001073,device,DEV_01238
ACC_001073,funding,CARD_01166
ACC_001073,ip,IP_01139
ACC_001073,phone,PHN_01276
ACC_001074,device,DEV_01239
ACC_001074,funding,CARD_01167
ACC_001074,ip,IP_01140
ACC_001074,phone,PHN_01277
ACC_001075,device,DEV_01240
ACC_001075,funding,CARD_01168
ACC_001075,ip,IP_01141
ACC_001075,phone,PHN_01278
ACC_001076,device,DEV_01241
ACC_001076,funding,CARD_01169
ACC_001076,ip,IP_01142
ACC_001076,phone,PHN_01279
ACC_001077,device,DEV_01242
ACC_001077,funding,CARD_01170
ACC_001077,ip,IP_01143
ACC_001077,phone,PHN_01280
ACC_001078,device,DEV_01243
ACC_001078,funding,CARD_01171
ACC_001078,ip,IP_01144
ACC_001078,phone,PHN_01281
ACC_001079,device,DEV_01244
ACC_001079,funding,CARD_01172
ACC_001079,ip,IP_01145
ACC_001079,phone,PHN_01282
ACC_001080,device,DEV_01245
ACC_001080,funding,CARD_01173
ACC_001080,ip,IP_01146
ACC_001080,phone,PHN_01283
ACC_001081,device,DEV_01246
ACC_001081,funding,CARD_01174
ACC_001081,ip,IP_01147
ACC_001081,phone,PHN_01284
ACC_001082,device,DEV_01247
ACC_001082,funding,CARD_01175
ACC_001082,ip,IP_01148
ACC_001082,phone,PHN_01285
ACC_001083,device,DEV_01248
ACC_001083,funding,CARD_01176
ACC_001083,ip,IP_01149
ACC_001083,phone,PHN_01286
ACC_001084,device,DEV_01249
ACC_001084,funding,CARD_01177
ACC_001084,ip,IP_01150
ACC_001084,phone,PHN_01287
ACC_001085,device,DEV_01250
ACC_001085,funding,CARD_01178
ACC_001085,ip,IP_01151
ACC_001085,phone,PHN_01288
ACC_001086,device,DEV_01251
ACC_001086,funding,CARD_01179
ACC_001086,ip,IP_01152
ACC_001086,phone,PHN_01289
ACC_001087,device,DEV_01252
ACC_001087,funding,CARD_01180
ACC_001087,ip,IP_01153
ACC_001087,phone,PHN_01290
ACC_001088,device,DEV_01253
ACC_001088,funding,CARD_01181
ACC_001088,ip,IP_01154
ACC_001088,phone,PHN_01291
ACC_001089,device,DEV_01254
ACC_001089,funding,CARD_01182
ACC_001089,ip,IP_01155
ACC_001089,phone,PHN_01292
ACC_001090,device,DEV_01255
ACC_001090,funding,CARD_01183
ACC_001090,ip,IP_01156
ACC_001090,phone,PHN_01293
ACC_001091,device,DEV_01256
ACC_001091,funding,CARD_01184
ACC_001091,ip,IP_01157
ACC_001091,phone,PHN_01294
ACC_001092,device,DEV_01257
ACC_001092,funding,CARD_01185
ACC_001092,ip,IP_01158
ACC_001092,phone,PHN_01295
ACC_001093,device,DEV_01258
ACC_001093,funding,CARD_01186
ACC_001093,ip,IP_01159
ACC_001093,phone,PHN_01296
ACC_001094,device,DEV_01259
ACC_001094,funding,CARD_01187
ACC_001094,ip,IP_01160
ACC_001094,phone,PHN_01297
ACC_001095,device,DEV_01260
ACC_001095,funding,CARD_01188
ACC_001095,ip,IP_01161
ACC_001095,phone,PHN_01298
ACC_001096,device,DEV_01261
ACC_001096,funding,CARD_01189
ACC_001096,ip,IP_01162
ACC_001096,phone,PHN_01299
ACC_001097,device,DEV_01262
ACC_001097,funding,CARD_01190
ACC_001097,ip,IP_01163
ACC_001097,phone,PHN_01300
ACC_001098,device,DEV_01263
ACC_001098,funding,CARD_01191
ACC_001098,ip,IP_01164
ACC_001098,phone,PHN_01301
ACC_001099,device,DEV_01264
ACC_001099,funding,CARD_01192
ACC_001099,ip,IP_01165
ACC_001099,phone,PHN_01302
ACC_001100,device,DEV_01265
ACC_001100,funding,CARD_01193
ACC_001100,ip,IP_01166
ACC_001100,phone,PHN_01303
ACC_001101,device,DEV_01266
ACC_001101,funding,CARD_01194
ACC_001101,ip,IP_01167
ACC_001101,phone,PHN_01304
ACC_001102,device,DEV_01267
ACC_001102,funding,CARD_01195
ACC_001102,ip,IP_01168
ACC_001102,phone,PHN_01305
ACC_001103,device,DEV_01268
ACC_001103,funding,CARD_01196
ACC_001103,ip,IP_01169
ACC_001103,phone,PHN_01306
ACC_001104,device,DEV_01269
ACC_001104,funding,CARD_01197
ACC_001104,ip,IP_01170
ACC_001104,phone,PHN_01307
ACC_001105,device,DEV_01270
ACC_001105,funding,CARD_01198
ACC_001105,ip,IP_01171
ACC_001105,phone,PHN_01308
ACC_001106,device,DEV_01271
ACC_001106,funding,CARD_01199
ACC_001106,ip,IP_01172
ACC_001106,phone,PHN_01309
ACC_001107,device,DEV_01272
ACC_001107,funding,CARD_01200
ACC_001107,ip,IP_01173
ACC_001107,phone,PHN_01310
ACC_001108,device,DEV_01273
ACC_001108,funding,CARD_01201
ACC_001108,ip,IP_01174
ACC_001108,phone,PHN_01311
ACC_001109,device,DEV_01274
ACC_001109,funding,CARD_01202
ACC_001109,ip,IP_01175
ACC_001109,phone,PHN_01312
ACC_001110,device,DEV_01275
ACC_001110,funding,CARD_01203
ACC_001110,ip,IP_01176
ACC_001110,phone,PHN_01313
ACC_001111,device,DEV_01276
ACC_001111,funding,CARD_01204
ACC_001111,ip,IP_01177
ACC_001111,phone,PHN_01314
ACC_001112,device,DEV_01277
ACC_001112,funding,CARD_01205
ACC_001112,ip,IP_01178
ACC_001112,phone,PHN_01315
ACC_001113,device,DEV_01278
ACC_001113,funding,CARD_01206
ACC_001113,ip,IP_01179
ACC_001113,phone,PHN_01316
ACC_001114,device,DEV_01279
ACC_001114,funding,CARD_01207
ACC_001114,ip,IP_01180
ACC_001114,phone,PHN_01317
ACC_001115,device,DEV_01280
ACC_001115,funding,CARD_01208
ACC_001115,ip,IP_01181
ACC_001115,phone,PHN_01318
ACC_001116,device,DEV_01281
ACC_001116,funding,CARD_01209
ACC_001116,ip,IP_01182
ACC_001116,phone,PHN_01319
ACC_001117,device,DEV_01282
ACC_001117,funding,CARD_01210
ACC_001117,ip,IP_01183
ACC_001117,phone,PHN_01320
ACC_001118,device,DEV_01283
ACC_001118,funding,CARD_01211
ACC_001118,ip,IP_01184
ACC_001118,phone,PHN_01321
ACC_001119,device,DEV_01284
ACC_001119,funding,CARD_01212
ACC_001119,ip,IP_01185
ACC_001119,phone,PHN_01322
ACC_001120,device,DEV_01285
ACC_001120,funding,CARD_01213
ACC_001120,ip,IP_01186
ACC_001120,phone,PHN_01323
ACC_001121,device,DEV_01286
ACC_001121,funding,CARD_01214
ACC_001121,ip,IP_01187
ACC_001121,phone,PHN_01324
ACC_001122,device,DEV_01287
ACC_001122,funding,CARD_01215
ACC_001122,ip,IP_01188
ACC_001122,phone,PHN_01325
ACC_001123,device,DEV_01288
ACC_001123,funding,CARD_01216
ACC_001123,ip,IP_01189
ACC_001123,phone,PHN_01326
ACC_001124,device,DEV_01289
ACC_001124,funding,CARD_01217
ACC_001124,ip,IP_01190
ACC_001124,phone,PHN_01327
ACC_001125,device,DEV_01290
ACC_001125,funding,CARD_01218
ACC_001125,ip,IP_01191
ACC_001125,phone,PHN_01328
ACC_001126,device,DEV_01291
ACC_001126,funding,CARD_01219
ACC_001126,ip,IP_01192
ACC_001126,phone,PHN_01329
ACC_001127,device,DEV_01292
ACC_001127,funding,CARD_01220
ACC_001127,ip,IP_01193
ACC_001127,phone,PHN_01330
ACC_001128,device,DEV_01293
ACC_001128,funding,CARD_01221
ACC_001128,ip,IP_01194
ACC_001128,phone,PHN_01331
ACC_001129,device,DEV_01294
ACC_001129,funding,CARD_01222
ACC_001129,ip,IP_01195
ACC_001129,phone,PHN_01332
ACC_001130,device,DEV_01295
ACC_001130,funding,CARD_01223
ACC_001130,ip,IP_01196
ACC_001130,phone,PHN_01333
ACC_001131,device,DEV_01296
ACC_001131,funding,CARD_01224
ACC_001131,ip,IP_01197
ACC_001131,phone,PHN_01334
ACC_001132,device,DEV_01297
ACC_001132,funding,CARD_01225
ACC_001132,ip,IP_01198
ACC_001132,phone,PHN_01335
ACC_001133,device,DEV_01298
ACC_001133,funding,CARD_01226
ACC_001133,ip,IP_01199
ACC_001133,phone,PHN_01336
ACC_001134,device,DEV_01299
ACC_001134,funding,CARD_01227
ACC_001134,ip,IP_02692
ACC_001134,phone,PHN_01337
ACC_001135,device,DEV_01300
ACC_001135,funding,CARD_01228
ACC_001135,ip,IP_01201
ACC_001135,phone,PHN_01338
ACC_001136,device,DEV_01301
ACC_001136,funding,CARD_01229
ACC_001136,ip,IP_01202
ACC_001136,phone,PHN_01339
ACC_001137,device,DEV_01302
ACC_001137,funding,CARD_01230
ACC_001137,ip,IP_01203
ACC_001137,phone,PHN_01340
ACC_001138,device,DEV_01303
ACC_001138,funding,CARD_01231
ACC_001138,ip,IP_01204
ACC_001138,phone,PHN_01341
ACC_001139,device,DEV_01304
ACC_001139,funding,CARD_01232
ACC_001139,ip,IP_01205
ACC_001139,phone,PHN_01342
ACC_001140,device,DEV_01305
ACC_001140,funding,CARD_01233
ACC_001140,ip,IP_01206
ACC_001140,phone,PHN_01343
ACC_001141,device,DEV_01306
ACC_001141,funding,CARD_01234
ACC_001141,ip,IP_01207
ACC_001141,phone,PHN_01344
ACC_001142,device,DEV_01307
ACC_001142,funding,CARD_01235
ACC_001142,ip,IP_01208
ACC_001142,phone,PHN_01345
ACC_001143,device,DEV_01308
ACC_001143,funding,CARD_01236
ACC_001143,ip,IP_01209
ACC_001143,phone,PHN_01346
ACC_001144,device,DEV_01309
ACC_001144,funding,CARD_01237
ACC_001144,ip,IP_01210
ACC_001144,phone,PHN_01347
ACC_001145,device,DEV_01310
ACC_001145,funding,CARD_01238
ACC_001145,ip,IP_01211
ACC_001145,phone,PHN_01348
ACC_001146,device,DEV_01311
ACC_001146,funding,CARD_01239
ACC_001146,ip,IP_01212
ACC_001146,phone,PHN_01349
ACC_001147,device,DEV_01312
ACC_001147,funding,CARD_01240
ACC_001147,ip,IP_01213
ACC_001147,phone,PHN_01350
ACC_001148,device,DEV_01313
ACC_001148,funding,CARD_01241
ACC_001148,ip,IP_01214
ACC_001148,phone,PHN_01351
ACC_001149,device,DEV_01314
ACC_001149,funding,CARD_01242
ACC_001149,ip,IP_01215
ACC_001149,phone,PHN_01352
ACC_001150,device,DEV_01315
ACC_001150,funding,CARD_01243
ACC_001150,ip,IP_01216
ACC_001150,phone,PHN_01353
ACC_001151,device,DEV_01316
ACC_001151,funding,CARD_01244
ACC_001151,ip,IP_01217
ACC_001151,phone,PHN_01354
ACC_001152,device,DEV_01317
ACC_001152,funding,CARD_01245
ACC_001152,ip,IP_01218
ACC_001152,phone,PHN_01355
ACC_001153,device,DEV_01318
ACC_001153,funding,CARD_01246
ACC_001153,ip,IP_01219
ACC_001153,phone,PHN_01356
ACC_001154,device,DEV_01319
ACC_001154,funding,CARD_01247
ACC_001154,ip,IP_01220
ACC_001154,phone,PHN_01357
ACC_001155,device,DEV_01320
ACC_001155,funding,CARD_01248
ACC_001155,ip,IP_01221
ACC_001155,phone,PHN_01358
ACC_001156,device,DEV_01321
ACC_001156,funding,CARD_01249
ACC_001156,ip,IP_01222
ACC_001156,phone,PHN_01359
ACC_001157,device,DEV_01322
ACC_001157,funding,CARD_01250
ACC_001157,ip,IP_01223
ACC_001157,phone,PHN_01360
ACC_001158,device,DEV_01323
ACC_001158,funding,CARD_01251
ACC_001158,ip,IP_01224
ACC_001158,phone,PHN_01361
ACC_001159,device,DEV_01324
ACC_001159,funding,CARD_01252
ACC_001159,ip,IP_02695
ACC_001159,phone,PHN_01362
ACC_001160,device,DEV_01325
ACC_001160,funding,CARD_01253
ACC_001160,ip,IP_01226
ACC_001160,phone,PHN_01363
ACC_001161,device,DEV_01326
ACC_001161,funding,CARD_01254
ACC_001161,ip,IP_01227
ACC_001161,phone,PHN_01364
ACC_001162,device,DEV_01327
ACC_001162,funding,CARD_01255
ACC_001162,ip,IP_01228
ACC_001162,phone,PHN_01365
ACC_001163,device,DEV_01328
ACC_001163,funding,CARD_01256
ACC_001163,ip,IP_01229
ACC_001163,phone,PHN_01366
ACC_001164,device,DEV_01329
ACC_001164,funding,CARD_01257
ACC_001164,ip,IP_01230
ACC_001164,phone,PHN_01367
ACC_001165,device,DEV_01330
ACC_001165,funding,CARD_01258
ACC_001165,ip,IP_01231
ACC_001165,phone,PHN_01368
ACC_001166,device,DEV_01331
ACC_001166,funding,CARD_01259
ACC_001166,ip,IP_01232
ACC_001166,phone,PHN_01369
ACC_001167,device,DEV_01332
ACC_001167,funding,CARD_01260
ACC_001167,ip,IP_01233
ACC_001167,phone,PHN_01370
ACC_001168,device,DEV_01333
ACC_001168,funding,CARD_01261
ACC_001168,ip,IP_01234
ACC_001168,phone,PHN_01371
ACC_001169,device,DEV_01334
ACC_001169,funding,CARD_01262
ACC_001169,ip,IP_01235
ACC_001169,phone,PHN_01372
ACC_001170,device,DEV_01335
ACC_001170,funding,CARD_01263
ACC_001170,ip,IP_01236
ACC_001170,phone,PHN_01373
ACC_001171,device,DEV_01336
ACC_001171,funding,CARD_01264
ACC_001171,ip,IP_01237
ACC_001171,phone,PHN_01374
ACC_001172,device,DEV_01337
ACC_001172,funding,CARD_01265
ACC_001172,ip,IP_01238
ACC_001172,phone,PHN_01375
ACC_001173,device,DEV_01338
ACC_001173,funding,CARD_01266
ACC_001173,ip,IP_01239
ACC_001173,phone,PHN_01376
ACC_001174,device,DEV_01339
ACC_001174,funding,CARD_01267
ACC_001174,ip,IP_01240
ACC_001174,phone,PHN_01377
ACC_001175,device,DEV_01340
ACC_001175,funding,CARD_01268
ACC_001175,ip,IP_01241
ACC_001175,phone,PHN_01378
ACC_001176,device,DEV_01341
ACC_001176,funding,CARD_01269
ACC_001176,ip,IP_01242
ACC_001176,phone,PHN_01379
ACC_001177,device,DEV_01342
ACC_001177,funding,CARD_01270
ACC_001177,ip,IP_01243
ACC_001177,phone,PHN_01380
ACC_001178,device,DEV_01343
ACC_001178,funding,CARD_01271
ACC_001178,ip,IP_01244
ACC_001178,phone,PHN_01381
ACC_001179,device,DEV_01344
ACC_001179,funding,CARD_01272
ACC_001179,ip,IP_01245
ACC_001179,phone,PHN_01382
ACC_001180,device,DEV_01345
ACC_001180,funding,CARD_01273
ACC_001180,ip,IP_01246
ACC_001180,phone,PHN_01383
ACC_001181,device,DEV_01346
ACC_001181,funding,CARD_01274
ACC_001181,ip,IP_01247
ACC_001181,phone,PHN_01384
ACC_001182,device,DEV_01347
ACC_001182,funding,CARD_01275
ACC_001182,ip,IP_01248
ACC_001182,phone,PHN_01385
ACC_001183,device,DEV_01348
ACC_001183,funding,CARD_01276
ACC_001183,ip,IP_01249
ACC_001183,phone,PHN_01386
ACC_001184,device,DEV_01349
ACC_001184,funding,CARD_01277
ACC_001184,ip,IP_01250
ACC_001184,phone,PHN_01387
ACC_001185,device,DEV_01350
ACC_001185,funding,CARD_01278
ACC_001185,ip,IP_01251
ACC_001185,phone,PHN_01388
ACC_001186,device,DEV_01351
ACC_001186,funding,CARD_01279
ACC_001186,ip,IP_01252
ACC_001186,phone,PHN_01389
ACC_001187,device,DEV_01352
ACC_001187,funding,CARD_01280
ACC_001187,ip,IP_01253
ACC_001187,phone,PHN_01390
ACC_001188,device,DEV_01353
ACC_001188,funding,CARD_01281
ACC_001188,ip,IP_01254
ACC_001188,phone,PHN_01391
ACC_001189,device,DEV_01354
ACC_001189,funding,CARD_01282
ACC_001189,ip,IP_01255
ACC_001189,phone,PHN_01392
ACC_001190,device,DEV_01355
ACC_001190,funding,CARD_01283
ACC_001190,ip,IP_01256
ACC_001190,phone,PHN_01393
ACC_001191,device,DEV_01356
ACC_001191,funding,CARD_01284
ACC_001191,ip,IP_01257
ACC_001191,phone,PHN_01394
ACC_001192,device,DEV_01357
ACC_001192,funding,CARD_01285
ACC_001192,ip,IP_01258
ACC_001192,phone,PHN_01395
ACC_001193,device,DEV_01358
ACC_001193,funding,CARD_01286
ACC_001193,ip,IP_01259
ACC_001193,phone,PHN_01396
ACC_001194,device,DEV_01359
ACC_001194,funding,CARD_01287
ACC_001194,ip,IP_01260
ACC_001194,phone,PHN_01397
ACC_001195,device,DEV_01360
ACC_001195,funding,CARD_01288
ACC_001195,ip,IP_01261
ACC_001195,phone,PHN_01398
ACC_001196,device,DEV_01361
ACC_001196,funding,CARD_01289
ACC_001196,ip,IP_01262
ACC_001196,phone,PHN_01399
ACC_001197,device,DEV_01362
ACC_001197,funding,CARD_01290
ACC_001197,ip,IP_01263
ACC_001197,phone,PHN_01400
ACC_001198,device,DEV_01363
ACC_001198,funding,CARD_01291
ACC_001198,ip,IP_01264
ACC_001198,phone,PHN_01401
ACC_001199,device,DEV_01364
ACC_001199,funding,CARD_01292
ACC_001199,ip,IP_01265
ACC_001199,phone,PHN_01402
ACC_001200,device,DEV_01365
ACC_001200,funding,CARD_01293
ACC_001200,ip,IP_01266
ACC_001200,phone,PHN_01403
ACC_001201,device,DEV_01366
ACC_001201,funding,CARD_01294
ACC_001201,ip,IP_01267
ACC_001201,phone,PHN_01404
ACC_001202,device,DEV_01367
ACC_001202,funding,CARD_01295
ACC_001202,ip,IP_01268
ACC_001202,phone,PHN_01405
ACC_001203,device,DEV_01368
ACC_001203,funding,CARD_01296
ACC_001203,ip,IP_01269
ACC_001203,phone,PHN_01406
ACC_001204,device,DEV_01369
ACC_001204,funding,CARD_01297
ACC_001204,ip,IP_01270
ACC_001204,phone,PHN_01407
ACC_001205,device,DEV_01370
ACC_001205,funding,CARD_01298
ACC_001205,ip,IP_01271
ACC_001205,phone,PHN_01408
ACC_001206,device,DEV_01371
ACC_001206,funding,CARD_01299
ACC_001206,ip,IP_01272
ACC_001206,phone,PHN_01409
ACC_001207,device,DEV_01372
ACC_001207,funding,CARD_01300
ACC_001207,ip,IP_01273
ACC_001207,phone,PHN_01410
ACC_001208,device,DEV_01373
ACC_001208,funding,CARD_01301
ACC_001208,ip,IP_01274
ACC_001208,phone,PHN_01411
ACC_001209,device,DEV_01374
ACC_001209,funding,CARD_01302
ACC_001209,ip,IP_01275
ACC_001209,phone,PHN_01412
ACC_001210,device,DEV_01375
ACC_001210,funding,CARD_01303
ACC_001210,ip,IP_01276
ACC_001210,phone,PHN_01413
ACC_001211,device,DEV_01376
ACC_001211,funding,CARD_01304
ACC_001211,ip,IP_01277
ACC_001211,phone,PHN_01414
ACC_001212,device,DEV_01377
ACC_001212,funding,CARD_01305
ACC_001212,ip,IP_01278
ACC_001212,phone,PHN_01415
ACC_001213,device,DEV_01378
ACC_001213,funding,CARD_01306
ACC_001213,ip,IP_01279
ACC_001213,phone,PHN_01416
ACC_001214,device,DEV_01379
ACC_001214,funding,CARD_01307
ACC_001214,ip,IP_01280
ACC_001214,phone,PHN_01417
ACC_001215,device,DEV_01380
ACC_001215,funding,CARD_01308
ACC_001215,ip,IP_01281
ACC_001215,phone,PHN_01418
ACC_001216,device,DEV_01381
ACC_001216,funding,CARD_01309
ACC_001216,ip,IP_01282
ACC_001216,phone,PHN_01419
ACC_001217,device,DEV_01382
ACC_001217,funding,CARD_01310
ACC_001217,ip,IP_01283
ACC_001217,phone,PHN_01420
ACC_001218,device,DEV_01383
ACC_001218,funding,CARD_01311
ACC_001218,ip,IP_01284
ACC_001218,phone,PHN_01421
ACC_001219,device,DEV_01384
ACC_001219,funding,CARD_01312
ACC_001219,ip,IP_01285
ACC_001219,phone,PHN_01422
ACC_001220,device,DEV_01385
ACC_001220,funding,CARD_01313
ACC_001220,ip,IP_01286
ACC_001220,phone,PHN_01423
ACC_001221,device,DEV_01386
ACC_001221,funding,CARD_01314
ACC_001221,ip,IP_01287
ACC_001221,phone,PHN_01424
ACC_001222,device,DEV_01387
ACC_001222,funding,CARD_01315
ACC_001222,ip,IP_01288
ACC_001222,phone,PHN_01425
ACC_001223,device,DEV_01388
ACC_001223,funding,CARD_01316
ACC_001223,ip,IP_01289
ACC_001223,phone,PHN_01426
ACC_001224,device,DEV_01389
ACC_001224,funding,CARD_01317
ACC_001224,ip,IP_01290
ACC_001224,phone,PHN_01427
ACC_001225,device,DEV_01390
ACC_001225,funding,CARD_01318
ACC_001225,ip,IP_01291
ACC_001225,phone,PHN_01428
ACC_001226,device,DEV_01391
ACC_001226,funding,CARD_01319
ACC_001226,ip,IP_01292
ACC_001226,phone,PHN_01429
ACC_001227,device,DEV_01392
ACC_001227,funding,CARD_01320
ACC_001227,ip,IP_01293
ACC_001227,phone,PHN_01430
ACC_001228,device,DEV_01393
ACC_001228,funding,CARD_01321
ACC_001228,ip,IP_01294
ACC_001228,phone,PHN_01431
ACC_001229,device,DEV_01394
ACC_001229,funding,CARD_01322
ACC_001229,ip,IP_01295
ACC_001229,phone,PHN_01432
ACC_001230,device,DEV_01395
ACC_001230,funding,CARD_01323
ACC_001230,ip,IP_01296
ACC_001230,phone,PHN_01433
ACC_001231,device,DEV_01396
ACC_001231,funding,CARD_01324
ACC_001231,ip,IP_01297
ACC_001231,phone,PHN_01434
ACC_001232,device,DEV_01397
ACC_001232,funding,CARD_01325
ACC_001232,ip,IP_01298
ACC_001232,phone,PHN_01435
ACC_001233,device,DEV_01398
ACC_001233,funding,CARD_01326
ACC_001233,ip,IP_01299
ACC_001233,phone,PHN_01436
ACC_001234,device,DEV_01399
ACC_001234,funding,CARD_01327
ACC_001234,ip,IP_01300
ACC_001234,phone,PHN_01437
ACC_001235,device,DEV_01400
ACC_001235,funding,CARD_01328
ACC_001235,ip,IP_01301
ACC_001235,phone,PHN_01438
ACC_001236,device,DEV_01401
ACC_001236,funding,CARD_01329
ACC_001236,ip,IP_01302
ACC_001236,phone,PHN_01439
ACC_001237,device,DEV_01402
ACC_001237,funding,CARD_01330
ACC_001237,ip,IP_01303
ACC_001237,phone,PHN_01440
ACC_001238,device,DEV_01403
ACC_001238,funding,CARD_01331
ACC_001238,ip,IP_01304
ACC_001238,phone,PHN_01441
ACC_001239,device,DEV_01404
ACC_001239,funding,CARD_01332
ACC_001239,ip,IP_01305
ACC_001239,phone,PHN_01442
ACC_001240,device,DEV_01405
ACC_001240,funding,CARD_01333
ACC_001240,ip,IP_01306
ACC_001240,phone,PHN_01443
ACC_001241,device,DEV_01406
ACC_001241,funding,CARD_01334
ACC_001241,ip,IP_01307
ACC_001241,phone,PHN_01444
ACC_001242,device,DEV_01407
ACC_001242,funding,CARD_01335
ACC_001242,ip,IP_01308
ACC_001242,phone,PHN_01445
ACC_001243,device,DEV_01408
ACC_001243,funding,CARD_01336
ACC_001243,ip,IP_01309
ACC_001243,phone,PHN_01446
ACC_001244,device,DEV_01409
ACC_001244,funding,CARD_01337
ACC_001244,ip,IP_01310
ACC_001244,phone,PHN_01447
ACC_001245,device,DEV_01410
ACC_001245,funding,CARD_01338
ACC_001245,ip,IP_01311
ACC_001245,phone,PHN_01448
ACC_001246,device,DEV_01411
ACC_001246,funding,CARD_01339
ACC_001246,ip,IP_01312
ACC_001246,phone,PHN_01449
ACC_001247,device,DEV_01412
ACC_001247,funding,CARD_01340
ACC_001247,ip,IP_01313
ACC_001247,phone,PHN_01450
ACC_001248,device,DEV_01413
ACC_001248,funding,CARD_01341
ACC_001248,ip,IP_01314
ACC_001248,phone,PHN_01451
ACC_001249,device,DEV_01414
ACC_001249,funding,CARD_01342
ACC_001249,ip,IP_01315
ACC_001249,phone,PHN_01452
ACC_001250,device,DEV_01415
ACC_001250,funding,CARD_01343
ACC_001250,ip,IP_01316
ACC_001250,phone,PHN_01453
ACC_001251,device,DEV_01416
ACC_001251,funding,CARD_01344
ACC_001251,ip,IP_01317
ACC_001251,phone,PHN_01454
ACC_001252,device,DEV_01417
ACC_001252,funding,CARD_01345
ACC_001252,ip,IP_01318
ACC_001252,phone,PHN_01455
ACC_001253,device,DEV_01418
ACC_001253,funding,CARD_01346
ACC_001253,ip,IP_01319
ACC_001253,phone,PHN_01456
ACC_001254,device,DEV_01419
ACC_001254,funding,CARD_01347
ACC_001254,ip,IP_01320
ACC_001254,phone,PHN_01457
ACC_001255,device,DEV_01420
ACC_001255,funding,CARD_01348
ACC_001255,ip,IP_01321
ACC_001255,phone,PHN_01458
ACC_001256,device,DEV_01421
ACC_001256,funding,CARD_01349
ACC_001256,ip,IP_01322
ACC_001256,phone,PHN_01459
ACC_001257,device,DEV_01422
ACC_001257,funding,CARD_01350
ACC_001257,ip,IP_01323
ACC_001257,phone,PHN_01460
ACC_001258,device,DEV_01423
ACC_001258,funding,CARD_01351
ACC_001258,ip,IP_01324
ACC_001258,phone,PHN_01461
ACC_001259,device,DEV_01424
ACC_001259,funding,CARD_01352
ACC_001259,ip,IP_01325
ACC_001259,phone,PHN_01462
ACC_001260,device,DEV_01425
ACC_001260,funding,CARD_01353
ACC_001260,ip,IP_01326
ACC_001260,phone,PHN_01463
ACC_001261,device,DEV_01426
ACC_001261,funding,CARD_01354
ACC_001261,ip,IP_01327
ACC_001261,phone,PHN_01464
ACC_001262,device,DEV_01427
ACC_001262,funding,CARD_01355
ACC_001262,ip,IP_01328
ACC_001262,phone,PHN_01465
ACC_001263,device,DEV_01428
ACC_001263,funding,CARD_01356
ACC_001263,ip,IP_01329
ACC_001263,phone,PHN_01466
ACC_001264,device,DEV_01429
ACC_001264,funding,CARD_01357
ACC_001264,ip,IP_01330
ACC_001264,phone,PHN_01467
ACC_001265,device,DEV_01430
ACC_001265,funding,CARD_01358
ACC_001265,ip,IP_01331
ACC_001265,phone,PHN_01468
ACC_001266,device,DEV_01431
ACC_001266,funding,CARD_01359
ACC_001266,ip,IP_01332
ACC_001266,phone,PHN_01469
ACC_001267,device,DEV_01432
ACC_001267,funding,CARD_01360
ACC_001267,ip,IP_01333
ACC_001267,phone,PHN_01470
ACC_001268,device,DEV_01433
ACC_001268,funding,CARD_01361
ACC_001268,ip,IP_01334
ACC_001268,phone,PHN_01471
ACC_001269,device,DEV_01434
ACC_001269,funding,CARD_01362
ACC_001269,ip,IP_01335
ACC_001269,phone,PHN_01472
ACC_001270,device,DEV_01435
ACC_001270,funding,CARD_01363
ACC_001270,ip,IP_01336
ACC_001270,phone,PHN_01473
ACC_001271,device,DEV_01436
ACC_001271,funding,CARD_01364
ACC_001271,ip,IP_01337
ACC_001271,phone,PHN_01474
ACC_001272,device,DEV_01437
ACC_001272,funding,CARD_01365
ACC_001272,ip,IP_01338
ACC_001272,phone,PHN_01475
ACC_001273,device,DEV_01438
ACC_001273,funding,CARD_01366
ACC_001273,ip,IP_01339
ACC_001273,phone,PHN_01476
ACC_001274,device,DEV_01439
ACC_001274,funding,CARD_01367
ACC_001274,ip,IP_01340
ACC_001274,phone,PHN_01477
ACC_001275,device,DEV_01440
ACC_001275,funding,CARD_01368
ACC_001275,ip,IP_01341
ACC_001275,phone,PHN_01478
ACC_001276,device,DEV_01441
ACC_001276,funding,CARD_01369
ACC_001276,ip,IP_01342
ACC_001276,phone,PHN_01479
ACC_001277,device,DEV_01442
ACC_001277,funding,CARD_01370
ACC_001277,ip,IP_01343
ACC_001277,phone,PHN_01480
ACC_001278,device,DEV_01443
ACC_001278,funding,CARD_01371
ACC_001278,ip,IP_01344
ACC_001278,phone,PHN_01481
ACC_001279,device,DEV_01444
ACC_001279,funding,CARD_01372
ACC_001279,ip,IP_01345
ACC_001279,phone,PHN_01482
ACC_001280,device,DEV_01445
ACC_001280,funding,CARD_01373
ACC_001280,ip,IP_01346
ACC_001280,phone,PHN_01483
ACC_001281,device,DEV_01446
ACC_001281,funding,CARD_01374
ACC_001281,ip,IP_01347
ACC_001281,phone,PHN_01484
ACC_001282,device,DEV_01447
ACC_001282,funding,CARD_01375
ACC_001282,ip,IP_01348
ACC_001282,phone,PHN_01485
ACC_001283,device,DEV_01448
ACC_001283,funding,CARD_01376
ACC_001283,ip,IP_01349
ACC_001283,phone,PHN_01486
ACC_001284,device,DEV_01449
ACC_001284,funding,CARD_01377
ACC_001284,ip,IP_01350
ACC_001284,phone,PHN_01487
ACC_001285,device,DEV_01450
ACC_001285,funding,CARD_01378
ACC_001285,ip,IP_01351
ACC_001285,phone,PHN_01488
ACC_001286,device,DEV_01451
ACC_001286,funding,CARD_01379
ACC_001286,ip,IP_01352
ACC_001286,phone,PHN_01489
ACC_001287,device,DEV_01452
ACC_001287,funding,CARD_01380
ACC_001287,ip,IP_01353
ACC_001287,phone,PHN_01490
ACC_001288,device,DEV_01453
ACC_001288,funding,CARD_01381
ACC_001288,ip,IP_01354
ACC_001288,phone,PHN_01491
ACC_001289,device,DEV_01454
ACC_001289,funding,CARD_01382
ACC_001289,ip,IP_01355
ACC_001289,phone,PHN_01492
ACC_001290,device,DEV_01455
ACC_001290,funding,CARD_01383
ACC_001290,ip,IP_01356
ACC_001290,phone,PHN_01493
ACC_001291,device,DEV_01456
ACC_001291,funding,CARD_01384
ACC_001291,ip,IP_01357
ACC_001291,phone,PHN_01494
ACC_001292,device,DEV_01457
ACC_001292,funding,CARD_01385
ACC_001292,ip,IP_01358
ACC_001292,phone,PHN_01495
ACC_001293,device,DEV_01458
ACC_001293,funding,CARD_01386
ACC_001293,ip,IP_01359
ACC_001293,phone,PHN_01496
ACC_001294,device,DEV_01459
ACC_001294,funding,CARD_01387
ACC_001294,ip,IP_01360
ACC_001294,phone,PHN_01497
ACC_001295,device,DEV_01460
ACC_001295,funding,CARD_01388
ACC_001295,ip,IP_01361
ACC_001295,phone,PHN_01498
ACC_001296,device,DEV_01461
ACC_001296,funding,CARD_01389
ACC_001296,ip,IP_01362
ACC_001296,phone,PHN_01499
ACC_001297,device,DEV_01462
ACC_001297,funding,CARD_01390
ACC_001297,ip,IP_01363
ACC_001297,phone,PHN_01500
ACC_001298,device,DEV_01463
ACC_001298,funding,CARD_01391
ACC_001298,ip,IP_01364
ACC_001298,phone,PHN_01501
ACC_001299,device,DEV_01464
ACC_001299,funding,CARD_01392
ACC_001299,ip,IP_01365
ACC_001299,phone,PHN_01502
ACC_001300,device,DEV_01465
ACC_001300,funding,CARD_01393
ACC_001300,ip,IP_01366
ACC_001300,phone,PHN_01503
ACC_001301,device,DEV_01466
ACC_001301,funding,CARD_01394
ACC_001301,ip,IP_01367
ACC_001301,phone,PHN_01504
ACC_001302,device,DEV_01467
ACC_001302,funding,CARD_01395
ACC_001302,ip,IP_01368
ACC_001302,phone,PHN_01505
ACC_001303,device,DEV_01468
ACC_001303,funding,CARD_01396
ACC_001303,ip,IP_01369
ACC_001303,phone,PHN_01506
ACC_001304,device,DEV_01469
ACC_001304,funding,CARD_01397
ACC_001304,ip,IP_01370
ACC_001304,phone,PHN_01507
ACC_001305,device,DEV_01470
ACC_001305,funding,CARD_01398
ACC_001305,ip,IP_01371
ACC_001305,phone,PHN_01508
ACC_001306,device,DEV_01471
ACC_001306,funding,CARD_01399
ACC_001306,ip,IP_01372
ACC_001306,phone,PHN_01509
ACC_001307,device,DEV_01472
ACC_001307,funding,CARD_01400
ACC_001307,ip,IP_01373
ACC_001307,phone,PHN_01510
ACC_001308,device,DEV_01473
ACC_001308,funding,CARD_01401
ACC_001308,ip,IP_01374
ACC_001308,phone,PHN_01511
ACC_001309,device,DEV_01474
ACC_001309,funding,CARD_01402
ACC_001309,ip,IP_01375
ACC_001309,phone,PHN_01512
ACC_001310,device,DEV_01475
ACC_001310,funding,CARD_01403
ACC_001310,ip,IP_01376
ACC_001310,phone,PHN_01513
ACC_001311,device,DEV_01476
ACC_001311,funding,CARD_01404
ACC_001311,ip,IP_01377
ACC_001311,phone,PHN_01514
ACC_001312,device,DEV_01477
ACC_001312,funding,CARD_01405
ACC_001312,ip,IP_01378
ACC_001312,phone,PHN_01515
ACC_001313,device,DEV_01478
ACC_001313,funding,CARD_01406
ACC_001313,ip,IP_01379
ACC_001313,phone,PHN_01516
ACC_001314,device,DEV_01479
ACC_001314,funding,CARD_01407
ACC_001314,ip,IP_01380
ACC_001314,phone,PHN_01517
ACC_001315,device,DEV_01480
ACC_001315,funding,CARD_01408
ACC_001315,ip,IP_01381
ACC_001315,phone,PHN_01518
ACC_001316,device,DEV_01481
ACC_001316,funding,CARD_01409
ACC_001316,ip,IP_01382
ACC_001316,phone,PHN_01519
ACC_001317,device,DEV_01482
ACC_001317,funding,CARD_01410
ACC_001317,ip,IP_01383
ACC_001317,phone,PHN_01520
ACC_001318,device,DEV_01483
ACC_001318,funding,CARD_01411
ACC_001318,ip,IP_01384
ACC_001318,phone,PHN_01521
ACC_001319,device,DEV_01484
ACC_001319,funding,CARD_01412
ACC_001319,ip,IP_01385
ACC_001319,phone,PHN_01522
ACC_001320,device,DEV_01485
ACC_001320,funding,CARD_01413
ACC_001320,ip,IP_01386
ACC_001320,phone,PHN_01523
ACC_001321,device,DEV_01486
ACC_001321,funding,CARD_01414
ACC_001321,ip,IP_01387
ACC_001321,phone,PHN_01524
ACC_001322,device,DEV_01487
ACC_001322,funding,CARD_01415
ACC_001322,ip,IP_01388
ACC_001322,phone,PHN_01525
ACC_001323,device,DEV_01488
ACC_001323,funding,CARD_01416
ACC_001323,ip,IP_01389
ACC_001323,phone,PHN_01526
ACC_001324,device,DEV_01489
ACC_001324,funding,CARD_01417
ACC_001324,ip,IP_01390
ACC_001324,phone,PHN_01527
ACC_001325,device,DEV_01490
ACC_001325,funding,CARD_01418
ACC_001325,ip,IP_01391
ACC_001325,phone,PHN_01528
ACC_001326,device,DEV_01491
ACC_001326,funding,CARD_01419
ACC_001326,ip,IP_01392
ACC_001326,phone,PHN_01529
ACC_001327,device,DEV_01492
ACC_001327,funding,CARD_01420
ACC_001327,ip,IP_01393
ACC_001327,phone,PHN_01530
ACC_001328,device,DEV_01493
ACC_001328,funding,CARD_01421
ACC_001328,ip,IP_01394
ACC_001328,phone,PHN_01531
ACC_001329,device,DEV_01494
ACC_001329,funding,CARD_01422
ACC_001329,ip,IP_01395
ACC_001329,phone,PHN_01532
ACC_001330,device,DEV_01495
ACC_001330,funding,CARD_01423
ACC_001330,ip,IP_01396
ACC_001330,phone,PHN_01533
ACC_001331,device,DEV_01496
ACC_001331,funding,CARD_01424
ACC_001331,ip,IP_01397
ACC_001331,phone,PHN_01534
ACC_001332,device,DEV_01497
ACC_001332,funding,CARD_01425
ACC_001332,ip,IP_01398
ACC_001332,phone,PHN_01535
ACC_001333,device,DEV_01498
ACC_001333,funding,CARD_01426
ACC_001333,ip,IP_01399
ACC_001333,phone,PHN_01536
ACC_001334,device,DEV_01499
ACC_001334,funding,CARD_01427
ACC_001334,ip,IP_01400
ACC_001334,phone,PHN_01537
ACC_001335,device,DEV_01500
ACC_001335,funding,CARD_01428
ACC_001335,ip,IP_01401
ACC_001335,phone,PHN_01538
ACC_001336,device,DEV_01501
ACC_001336,funding,CARD_01429
ACC_001336,ip,IP_01402
ACC_001336,phone,PHN_01539
ACC_001337,device,DEV_01502
ACC_001337,funding,CARD_01430
ACC_001337,ip,IP_01403
ACC_001337,phone,PHN_01540
ACC_001338,device,DEV_01503
ACC_001338,funding,CARD_01431
ACC_001338,ip,IP_01404
ACC_001338,phone,PHN_01541
ACC_001339,device,DEV_01504
ACC_001339,funding,CARD_01432
ACC_001339,ip,IP_01405
ACC_001339,phone,PHN_01542
ACC_001340,device,DEV_01505
ACC_001340,funding,CARD_01433
ACC_001340,ip,IP_01406
ACC_001340,phone,PHN_01543
ACC_001341,device,DEV_01506
ACC_001341,funding,CARD_01434
ACC_001341,ip,IP_01407
ACC_001341,phone,PHN_01544
ACC_001342,device,DEV_01507
ACC_001342,funding,CARD_01435
ACC_001342,ip,IP_01408
ACC_001342,phone,PHN_01545
ACC_001343,device,DEV_01508
ACC_001343,funding,CARD_01436
ACC_001343,ip,IP_01409
ACC_001343,phone,PHN_01546
ACC_001344,device,DEV_01509
ACC_001344,funding,CARD_01437
ACC_001344,ip,IP_01410
ACC_001344,phone,PHN_01547
ACC_001345,device,DEV_01510
ACC_001345,funding,CARD_01438
ACC_001345,ip,IP_01411
ACC_001345,phone,PHN_01548
ACC_001346,device,DEV_01511
ACC_001346,funding,CARD_01439
ACC_001346,ip,IP_01412
ACC_001346,phone,PHN_01549
ACC_001347,device,DEV_01512
ACC_001347,funding,CARD_01440
ACC_001347,ip,IP_01413
ACC_001347,phone,PHN_01550
ACC_001348,device,DEV_01513
ACC_001348,funding,CARD_01441
ACC_001348,ip,IP_01414
ACC_001348,phone,PHN_01551
ACC_001349,device,DEV_01514
ACC_001349,funding,CARD_01442
ACC_001349,ip,IP_01415
ACC_001349,phone,PHN_01552
ACC_001350,device,DEV_01515
ACC_001350,funding,CARD_01443
ACC_001350,ip,IP_01416
ACC_001350,phone,PHN_01553
ACC_001351,device,DEV_01516
ACC_001351,funding,CARD_01444
ACC_001351,ip,IP_01417
ACC_001351,phone,PHN_01554
ACC_001352,device,DEV_01517
ACC_001352,funding,CARD_01445
ACC_001352,ip,IP_01418
ACC_001352,phone,PHN_01555
ACC_001353,device,DEV_01518
ACC_001353,funding,CARD_01446
ACC_001353,ip,IP_01419
ACC_001353,phone,PHN_01556
ACC_001354,device,DEV_01519
ACC_001354,funding,CARD_01447
ACC_001354,ip,IP_01420
ACC_001354,phone,PHN_01557
ACC_001355,device,DEV_01520
ACC_001355,funding,CARD_01448
ACC_001355,ip,IP_01421
ACC_001355,phone,PHN_01558
ACC_001356,device,DEV_01521
ACC_001356,funding,CARD_01449
ACC_001356,ip,IP_01422
ACC_001356,phone,PHN_01559
ACC_001357,device,DEV_01522
ACC_001357,funding,CARD_01450
ACC_001357,ip,IP_01423
ACC_001357,phone,PHN_01560
ACC_001358,device,DEV_01523
ACC_001358,funding,CARD_01451
ACC_001358,ip,IP_01424
ACC_001358,phone,PHN_01561
ACC_001359,device,DEV_01524
ACC_001359,funding,CARD_01452
ACC_001359,ip,IP_01425
ACC_001359,phone,PHN_01562
ACC_001360,device,DEV_01525
ACC_001360,funding,CARD_01453
ACC_001360,ip,IP_01426
ACC_001360,phone,PHN_01563
ACC_001361,device,DEV_01526
ACC_001361,funding,CARD_01454
ACC_001361,ip,IP_01427
ACC_001361,phone,PHN_01564
ACC_001362,device,DEV_01527
ACC_001362,funding,CARD_01455
ACC_001362,ip,IP_01428
ACC_001362,phone,PHN_01565
ACC_001363,device,DEV_01528
ACC_001363,funding,CARD_01456
ACC_001363,ip,IP_01429
ACC_001363,phone,PHN_01566
ACC_001364,device,DEV_01529
ACC_001364,funding,CARD_01457
ACC_001364,ip,IP_01430
ACC_001364,phone,PHN_01567
ACC_001365,device,DEV_01530
ACC_001365,funding,CARD_01458
ACC_001365,ip,IP_01431
ACC_001365,phone,PHN_01568
ACC_001366,device,DEV_01531
ACC_001366,funding,CARD_01459
ACC_001366,ip,IP_01432
ACC_001366,phone,PHN_01569
ACC_001367,device,DEV_01532
ACC_001367,funding,CARD_01460
ACC_001367,ip,IP_01433
ACC_001367,phone,PHN_01570
ACC_001368,device,DEV_01533
ACC_001368,funding,CARD_01461
ACC_001368,ip,IP_01434
ACC_001368,phone,PHN_01571
ACC_001369,device,DEV_01534
ACC_001369,funding,CARD_01462
ACC_001369,ip,IP_01435
ACC_001369,phone,PHN_01572
ACC_001370,device,DEV_01535
ACC_001370,funding,CARD_01463
ACC_001370,ip,IP_01436
ACC_001370,phone,PHN_01573
ACC_001371,device,DEV_01536
ACC_001371,funding,CARD_01464
ACC_001371,ip,IP_01437
ACC_001371,phone,PHN_01574
ACC_001372,device,DEV_01537
ACC_001372,funding,CARD_01465
ACC_001372,ip,IP_01438
ACC_001372,phone,PHN_01575
ACC_001373,device,DEV_01538
ACC_001373,funding,CARD_01466
ACC_001373,ip,IP_01439
ACC_001373,phone,PHN_01576
ACC_001374,device,DEV_01539
ACC_001374,funding,CARD_01467
ACC_001374,ip,IP_01440
ACC_001374,phone,PHN_01577
ACC_001375,device,DEV_01540
ACC_001375,funding,CARD_01468
ACC_001375,ip,IP_01441
ACC_001375,phone,PHN_01578
ACC_001376,device,DEV_01541
ACC_001376,funding,CARD_01469
ACC_001376,ip,IP_01442
ACC_001376,phone,PHN_01579
ACC_001377,device,DEV_01542
ACC_001377,funding,CARD_01470
ACC_001377,ip,IP_01443
ACC_001377,phone,PHN_01580
ACC_001378,device,DEV_01543
ACC_001378,funding,CARD_01471
ACC_001378,ip,IP_01444
ACC_001378,phone,PHN_01581
ACC_001379,device,DEV_01544
ACC_001379,funding,CARD_01472
ACC_001379,ip,IP_01445
ACC_001379,phone,PHN_01582
ACC_001380,device,DEV_01545
ACC_001380,funding,CARD_01473
ACC_001380,ip,IP_01446
ACC_001380,phone,PHN_01583
ACC_001381,device,DEV_01546
ACC_001381,funding,CARD_01474
ACC_001381,ip,IP_01447
ACC_001381,phone,PHN_01584
ACC_001382,device,DEV_01547
ACC_001382,funding,CARD_01475
ACC_001382,ip,IP_01448
ACC_001382,phone,PHN_01585
ACC_001383,device,DEV_01548
ACC_001383,funding,CARD_01476
ACC_001383,ip,IP_01449
ACC_001383,phone,PHN_01586
ACC_001384,device,DEV_01549
ACC_001384,funding,CARD_01477
ACC_001384,ip,IP_01450
ACC_001384,phone,PHN_01587
ACC_001385,device,DEV_01550
ACC_001385,funding,CARD_01478
ACC_001385,ip,IP_01451
ACC_001385,phone,PHN_01588
ACC_001386,device,DEV_01551
ACC_001386,funding,CARD_01479
ACC_001386,ip,IP_01452
ACC_001386,phone,PHN_01589
ACC_001387,device,DEV_01552
ACC_001387,funding,CARD_01480
ACC_001387,ip,IP_01453
ACC_001387,phone,PHN_01590
ACC_001388,device,DEV_01553
ACC_001388,funding,CARD_01481
ACC_001388,ip,IP_01454
ACC_001388,phone,PHN_01591
ACC_001389,device,DEV_01554
ACC_001389,funding,CARD_01482
ACC_001389,ip,IP_01455
ACC_001389,phone,PHN_01592
ACC_001390,device,DEV_01555
ACC_001390,funding,CARD_01483
ACC_001390,ip,IP_01456
ACC_001390,phone,PHN_01593
ACC_001391,device,DEV_01556
ACC_001391,funding,CARD_01484
ACC_001391,ip,IP_01457
ACC_001391,phone,PHN_01594
ACC_001392,device,DEV_01557
ACC_001392,funding,CARD_01485
ACC_001392,ip,IP_01458
ACC_001392,phone,PHN_01595
ACC_001393,device,DEV_01558
ACC_001393,funding,CARD_01486
ACC_001393,ip,IP_01459
ACC_001393,phone,PHN_01596
ACC_001394,device,DEV_01559
ACC_001394,funding,CARD_01487
ACC_001394,ip,IP_01460
ACC_001394,phone,PHN_01597
ACC_001395,device,DEV_01560
ACC_001395,funding,CARD_01488
ACC_001395,ip,IP_01461
ACC_001395,phone,PHN_01598
ACC_001396,device,DEV_01561
ACC_001396,funding,CARD_01489
ACC_001396,ip,IP_01462
ACC_001396,phone,PHN_01599
ACC_001397,device,DEV_01562
ACC_001397,funding,CARD_01490
ACC_001397,ip,IP_01463
ACC_001397,phone,PHN_01600
ACC_001398,device,DEV_01563
ACC_001398,funding,CARD_01491
ACC_001398,ip,IP_01464
ACC_001398,phone,PHN_01601
ACC_001399,device,DEV_01564
ACC_001399,funding,CARD_01492
ACC_001399,ip,IP_01465
ACC_001399,phone,PHN_01602
ACC_001400,device,DEV_01565
ACC_001400,funding,CARD_01493
ACC_001400,ip,IP_01466
ACC_001400,phone,PHN_01603
ACC_001401,device,DEV_01566
ACC_001401,funding,CARD_01494
ACC_001401,ip,IP_01467
ACC_001401,phone,PHN_01604
ACC_001402,device,DEV_01567
ACC_001402,funding,CARD_01495
ACC_001402,ip,IP_01468
ACC_001402,phone,PHN_01605
ACC_001403,device,DEV_01568
ACC_001403,funding,CARD_01496
ACC_001403,ip,IP_01469
ACC_001403,phone,PHN_01606
ACC_001404,device,DEV_01569
ACC_001404,funding,CARD_01497
ACC_001404,ip,IP_01470
ACC_001404,phone,PHN_01607
ACC_001405,device,DEV_01570
ACC_001405,funding,CARD_01498
ACC_001405,ip,IP_01471
ACC_001405,phone,PHN_01608
ACC_001406,device,DEV_01571
ACC_001406,funding,CARD_01499
ACC_001406,ip,IP_01472
ACC_001406,phone,PHN_01609
ACC_001407,device,DEV_01572
ACC_001407,funding,CARD_01500
ACC_001407,ip,IP_01473
ACC_001407,phone,PHN_01610
ACC_001408,device,DEV_01573
ACC_001408,funding,CARD_01501
ACC_001408,ip,IP_01474
ACC_001408,phone,PHN_01611
ACC_001409,device,DEV_01574
ACC_001409,funding,CARD_01502
ACC_001409,ip,IP_01475
ACC_001409,phone,PHN_01612
ACC_001410,device,DEV_01575
ACC_001410,funding,CARD_01503
ACC_001410,ip,IP_01476
ACC_001410,phone,PHN_01613
ACC_001411,device,DEV_01576
ACC_001411,funding,CARD_01504
ACC_001411,ip,IP_01477
ACC_001411,phone,PHN_01614
ACC_001412,device,DEV_01577
ACC_001412,funding,CARD_01505
ACC_001412,ip,IP_01478
ACC_001412,phone,PHN_01615
ACC_001413,device,DEV_01578
ACC_001413,funding,CARD_01506
ACC_001413,ip,IP_01479
ACC_001413,phone,PHN_01616
ACC_001414,device,DEV_01579
ACC_001414,funding,CARD_01507
ACC_001414,ip,IP_01480
ACC_001414,phone,PHN_01617
ACC_001415,device,DEV_01580
ACC_001415,funding,CARD_01508
ACC_001415,ip,IP_01481
ACC_001415,phone,PHN_01618
ACC_001416,device,DEV_01581
ACC_001416,funding,CARD_01509
ACC_001416,ip,IP_01482
ACC_001416,phone,PHN_01619
ACC_001417,device,DEV_01582
ACC_001417,funding,CARD_01510
ACC_001417,ip,IP_01483
ACC_001417,phone,PHN_01620
ACC_001418,device,DEV_01583
ACC_001418,funding,CARD_01511
ACC_001418,ip,IP_01484
ACC_001418,phone,PHN_01621
ACC_001419,device,DEV_01584
ACC_001419,funding,CARD_01512
ACC_001419,ip,IP_02694
ACC_001419,phone,PHN_01622
ACC_001420,device,DEV_01585
ACC_001420,funding,CARD_01513
ACC_001420,ip,IP_01486
ACC_001420,phone,PHN_01623
ACC_001421,device,DEV_01586
ACC_001421,funding,CARD_01514
ACC_001421,ip,IP_01487
ACC_001421,phone,PHN_01624
ACC_001422,device,DEV_01587
ACC_001422,funding,CARD_01515
ACC_001422,ip,IP_01488
ACC_001422,phone,PHN_01625
ACC_001423,device,DEV_01588
ACC_001423,funding,CARD_01516
ACC_001423,ip,IP_01489
ACC_001423,phone,PHN_01626
ACC_001424,device,DEV_01589
ACC_001424,funding,CARD_01517
ACC_001424,ip,IP_01490
ACC_001424,phone,PHN_01627
ACC_001425,device,DEV_01590
ACC_001425,funding,CARD_01518
ACC_001425,ip,IP_01491
ACC_001425,phone,PHN_01628
ACC_001426,device,DEV_01591
ACC_001426,funding,CARD_01519
ACC_001426,ip,IP_01492
ACC_001426,phone,PHN_01629
ACC_001427,device,DEV_01592
ACC_001427,funding,CARD_01520
ACC_001427,ip,IP_01493
ACC_001427,phone,PHN_01630
ACC_001428,device,DEV_01593
ACC_001428,funding,CARD_01521
ACC_001428,ip,IP_01494
ACC_001428,phone,PHN_01631
ACC_001429,device,DEV_01594
ACC_001429,funding,CARD_01522
ACC_001429,ip,IP_01495
ACC_001429,phone,PHN_01632
ACC_001430,device,DEV_01595
ACC_001430,funding,CARD_01523
ACC_001430,ip,IP_01496
ACC_001430,phone,PHN_01633
ACC_001431,device,DEV_01596
ACC_001431,funding,CARD_01524
ACC_001431,ip,IP_01497
ACC_001431,phone,PHN_01634
ACC_001432,device,DEV_01597
ACC_001432,funding,CARD_01525
ACC_001432,ip,IP_01498
ACC_001432,phone,PHN_01635
ACC_001433,device,DEV_01598
ACC_001433,funding,CARD_01526
ACC_001433,ip,IP_01499
ACC_001433,phone,PHN_01636
ACC_001434,device,DEV_01599
ACC_001434,funding,CARD_01527
ACC_001434,ip,IP_01500
ACC_001434,phone,PHN_01637
ACC_001435,device,DEV_01600
ACC_001435,funding,CARD_01528
ACC_001435,ip,IP_01501
ACC_001435,phone,PHN_01638
ACC_001436,device,DEV_01601
ACC_001436,funding,CARD_01529
ACC_001436,ip,IP_01502
ACC_001436,phone,PHN_01639
ACC_001437,device,DEV_01602
ACC_001437,funding,CARD_01530
ACC_001437,ip,IP_01503
ACC_001437,phone,PHN_01640
ACC_001438,device,DEV_01603
ACC_001438,funding,CARD_01531
ACC_001438,ip,IP_01504
ACC_001438,phone,PHN_01641
ACC_001439,device,DEV_01604
ACC_001439,funding,CARD_01532
ACC_001439,ip,IP_01505
ACC_001439,phone,PHN_01642
ACC_001440,device,DEV_01605
ACC_001440,funding,CARD_01533
ACC_001440,ip,IP_01506
ACC_001440,phone,PHN_01643
ACC_001441,device,DEV_01606
ACC_001441,funding,CARD_01534
ACC_001441,ip,IP_01507
ACC_001441,phone,PHN_01644
ACC_001442,device,DEV_01607
ACC_001442,funding,CARD_01535
ACC_001442,ip,IP_01508
ACC_001442,phone,PHN_01645
ACC_001443,device,DEV_01608
ACC_001443,funding,CARD_01536
ACC_001443,ip,IP_01509
ACC_001443,phone,PHN_01646
ACC_001444,device,DEV_01609
ACC_001444,funding,CARD_01537
ACC_001444,ip,IP_01510
ACC_001444,phone,PHN_01647
ACC_001445,device,DEV_01610
ACC_001445,funding,CARD_01538
ACC_001445,ip,IP_01511
ACC_001445,phone,PHN_01648
ACC_001446,device,DEV_01611
ACC_001446,funding,CARD_01539
ACC_001446,ip,IP_01512
ACC_001446,phone,PHN_01649
ACC_001447,device,DEV_01612
ACC_001447,funding,CARD_01540
ACC_001447,ip,IP_01513
ACC_001447,phone,PHN_01650
ACC_001448,device,DEV_01613
ACC_001448,funding,CARD_01541
ACC_001448,ip,IP_01514
ACC_001448,phone,PHN_01651
ACC_001449,device,DEV_01614
ACC_001449,funding,CARD_01542
ACC_001449,ip,IP_01515
ACC_001449,phone,PHN_01652
ACC_001450,device,DEV_01615
ACC_001450,funding,CARD_01543
ACC_001450,ip,IP_01516
ACC_001450,phone,PHN_01653
ACC_001451,device,DEV_01616
ACC_001451,funding,CARD_01544
ACC_001451,ip,IP_01517
ACC_001451,phone,PHN_01654
ACC_001452,device,DEV_01617
ACC_001452,funding,CARD_01545
ACC_001452,ip,IP_01518
ACC_001452,phone,PHN_01655
ACC_001453,device,DEV_01618
ACC_001453,funding,CARD_01546
ACC_001453,ip,IP_01519
ACC_001453,phone,PHN_01656
ACC_001454,device,DEV_01619
ACC_001454,funding,CARD_01547
ACC_001454,ip,IP_01520
ACC_001454,phone,PHN_01657
ACC_001455,device,DEV_01620
ACC_001455,funding,CARD_01548
ACC_001455,ip,IP_01521
ACC_001455,phone,PHN_01658
ACC_001456,device,DEV_01621
ACC_001456,funding,CARD_01549
ACC_001456,ip,IP_02694
ACC_001456,phone,PHN_01659
ACC_001457,device,DEV_01622
ACC_001457,funding,CARD_01550
ACC_001457,ip,IP_01523
ACC_001457,phone,PHN_01660
ACC_001458,device,DEV_01623
ACC_001458,funding,CARD_01551
ACC_001458,ip,IP_01524
ACC_001458,phone,PHN_01661
ACC_001459,device,DEV_01624
ACC_001459,funding,CARD_01552
ACC_001459,ip,IP_01525
ACC_001459,phone,PHN_01662
ACC_001460,device,DEV_01625
ACC_001460,funding,CARD_01553
ACC_001460,ip,IP_01526
ACC_001460,phone,PHN_01663
ACC_001461,device,DEV_01626
ACC_001461,funding,CARD_01554
ACC_001461,ip,IP_01527
ACC_001461,phone,PHN_01664
ACC_001462,device,DEV_01627
ACC_001462,funding,CARD_01555
ACC_001462,ip,IP_01528
ACC_001462,phone,PHN_01665
ACC_001463,device,DEV_01628
ACC_001463,funding,CARD_01556
ACC_001463,ip,IP_01529
ACC_001463,phone,PHN_01666
ACC_001464,device,DEV_01629
ACC_001464,funding,CARD_01557
ACC_001464,ip,IP_01530
ACC_001464,phone,PHN_01667
ACC_001465,device,DEV_01630
ACC_001465,funding,CARD_01558
ACC_001465,ip,IP_01531
ACC_001465,phone,PHN_01668
ACC_001466,device,DEV_01631
ACC_001466,funding,CARD_01559
ACC_001466,ip,IP_01532
ACC_001466,phone,PHN_01669
ACC_001467,device,DEV_01632
ACC_001467,funding,CARD_01560
ACC_001467,ip,IP_02694
ACC_001467,phone,PHN_01670
ACC_001468,device,DEV_01633
ACC_001468,funding,CARD_01561
ACC_001468,ip,IP_01534
ACC_001468,phone,PHN_01671
ACC_001469,device,DEV_01634
ACC_001469,funding,CARD_01562
ACC_001469,ip,IP_01535
ACC_001469,phone,PHN_01672
ACC_001470,device,DEV_01635
ACC_001470,funding,CARD_01563
ACC_001470,ip,IP_01536
ACC_001470,phone,PHN_01673
ACC_001471,device,DEV_01636
ACC_001471,funding,CARD_01564
ACC_001471,ip,IP_01537
ACC_001471,phone,PHN_01674
ACC_001472,device,DEV_01637
ACC_001472,funding,CARD_01565
ACC_001472,ip,IP_01538
ACC_001472,phone,PHN_01675
ACC_001473,device,DEV_01638
ACC_001473,funding,CARD_01566
ACC_001473,ip,IP_01539
ACC_001473,phone,PHN_01676
ACC_001474,device,DEV_01639
ACC_001474,funding,CARD_01567
ACC_001474,ip,IP_01540
ACC_001474,phone,PHN_01677
ACC_001475,device,DEV_01640
ACC_001475,funding,CARD_01568
ACC_001475,ip,IP_01541
ACC_001475,phone,PHN_01678
ACC_001476,device,DEV_01641
ACC_001476,funding,CARD_01569
ACC_001476,ip,IP_01542
ACC_001476,phone,PHN_01679
ACC_001477,device,DEV_01642
ACC_001477,funding,CARD_01570
ACC_001477,ip,IP_01543
ACC_001477,phone,PHN_01680
ACC_001478,device,DEV_01643
ACC_001478,funding,CARD_01571
ACC_001478,ip,IP_01544
ACC_001478,phone,PHN_01681
ACC_001479,device,DEV_01644
ACC_001479,funding,CARD_01572
ACC_001479,ip,IP_01545
ACC_001479,phone,PHN_01682
ACC_001480,device,DEV_01645
ACC_001480,funding,CARD_01573
ACC_001480,ip,IP_01546
ACC_001480,phone,PHN_01683
ACC_001481,device,DEV_01646
ACC_001481,funding,CARD_01574
ACC_001481,ip,IP_01547
ACC_001481,phone,PHN_01684
ACC_001482,device,DEV_01647
ACC_001482,funding,CARD_01575
ACC_001482,ip,IP_01548
ACC_001482,phone,PHN_01685
ACC_001483,device,DEV_01648
ACC_001483,funding,CARD_01576
ACC_001483,ip,IP_01549
ACC_001483,phone,PHN_01686
ACC_001484,device,DEV_01649
ACC_001484,funding,CARD_01577
ACC_001484,ip,IP_01550
ACC_001484,phone,PHN_01687
ACC_001485,device,DEV_01650
ACC_001485,funding,CARD_01578
ACC_001485,ip,IP_01551
ACC_001485,phone,PHN_01688
ACC_001486,device,DEV_01651
ACC_001486,funding,CARD_01579
ACC_001486,ip,IP_01552
ACC_001486,phone,PHN_01689
ACC_001487,device,DEV_01652
ACC_001487,funding,CARD_01580
ACC_001487,ip,IP_01553
ACC_001487,phone,PHN_01690
ACC_001488,device,DEV_01653
ACC_001488,funding,CARD_01581
ACC_001488,ip,IP_01554
ACC_001488,phone,PHN_01691
ACC_001489,device,DEV_01654
ACC_001489,funding,CARD_01582
ACC_001489,ip,IP_01555
ACC_001489,phone,PHN_01692
ACC_001490,device,DEV_01655
ACC_001490,funding,CARD_01583
ACC_001490,ip,IP_01556
ACC_001490,phone,PHN_01693
ACC_001491,device,DEV_01656
ACC_001491,funding,CARD_01584
ACC_001491,ip,IP_01557
ACC_001491,phone,PHN_01694
ACC_001492,device,DEV_01657
ACC_001492,funding,CARD_01585
ACC_001492,ip,IP_01558
ACC_001492,phone,PHN_01695
ACC_001493,device,DEV_01658
ACC_001493,funding,CARD_01586
ACC_001493,ip,IP_01559
ACC_001493,phone,PHN_01696
ACC_001494,device,DEV_01659
ACC_001494,funding,CARD_01587
ACC_001494,ip,IP_01560
ACC_001494,phone,PHN_01697
ACC_001495,device,DEV_01660
ACC_001495,funding,CARD_01588
ACC_001495,ip,IP_01561
ACC_001495,phone,PHN_01698
ACC_001496,device,DEV_01661
ACC_001496,funding,CARD_01589
ACC_001496,ip,IP_01562
ACC_001496,phone,PHN_01699
ACC_001497,device,DEV_01662
ACC_001497,funding,CARD_01590
ACC_001497,ip,IP_01563
ACC_001497,phone,PHN_01700
ACC_001498,device,DEV_01663
ACC_001498,funding,CARD_01591
ACC_001498,ip,IP_01564
ACC_001498,phone,PHN_01701
ACC_001499,device,DEV_01664
ACC_001499,funding,CARD_01592
ACC_001499,ip,IP_01565
ACC_001499,phone,PHN_01702
ACC_001500,device,DEV_01665
ACC_001500,funding,CARD_01593
ACC_001500,ip,IP_01566
ACC_001500,phone,PHN_01703
ACC_001501,device,DEV_01666
ACC_001501,funding,CARD_01594
ACC_001501,ip,IP_01567
ACC_001501,phone,PHN_01704
ACC_001502,device,DEV_01667
ACC_001502,funding,CARD_01595
ACC_001502,ip,IP_01568
ACC_001502,phone,PHN_01705
ACC_001503,device,DEV_01668
ACC_001503,funding,CARD_01596
ACC_001503,ip,IP_01569
ACC_001503,phone,PHN_01706
ACC_001504,device,DEV_01669
ACC_001504,funding,CARD_01597
ACC_001504,ip,IP_01570
ACC_001504,phone,PHN_01707
ACC_001505,device,DEV_01670
ACC_001505,funding,CARD_01598
ACC_001505,ip,IP_02694
ACC_001505,phone,PHN_01708
ACC_001506,device,DEV_01671
ACC_001506,funding,CARD_01599
ACC_001506,ip,IP_01572
ACC_001506,phone,PHN_01709
ACC_001507,device,DEV_01672
ACC_001507,funding,CARD_01600
ACC_001507,ip,IP_01573
ACC_001507,phone,PHN_01710
ACC_001508,device,DEV_01673
ACC_001508,funding,CARD_01601
ACC_001508,ip,IP_01574
ACC_001508,phone,PHN_01711
ACC_001509,device,DEV_01674
ACC_001509,funding,CARD_01602
ACC_001509,ip,IP_01575
ACC_001509,phone,PHN_01712
ACC_001510,device,DEV_01675
ACC_001510,funding,CARD_01603
ACC_001510,ip,IP_01576
ACC_001510,phone,PHN_01713
ACC_001511,device,DEV_01676
ACC_001511,funding,CARD_01604
ACC_001511,ip,IP_01577
ACC_001511,phone,PHN_01714
ACC_001512,device,DEV_01677
ACC_001512,funding,CARD_01605
ACC_001512,ip,IP_01578
ACC_001512,phone,PHN_01715
ACC_001513,device,DEV_01678
ACC_001513,funding,CARD_01606
ACC_001513,ip,IP_01579
ACC_001513,phone,PHN_01716
ACC_001514,device,DEV_01679
ACC_001514,funding,CARD_01607
ACC_001514,ip,IP_01580
ACC_001514,phone,PHN_01717
ACC_001515,device,DEV_01680
ACC_001515,funding,CARD_01608
ACC_001515,ip,IP_01581
ACC_001515,phone,PHN_01718
ACC_001516,device,DEV_01681
ACC_001516,funding,CARD_01609
ACC_001516,ip,IP_01582
ACC_001516,phone,PHN_01719
ACC_001517,device,DEV_01682
ACC_001517,funding,CARD_01610
ACC_001517,ip,IP_01583
ACC_001517,phone,PHN_01720
ACC_001518,device,DEV_01683
ACC_001518,funding,CARD_01611
ACC_001518,ip,IP_01584
ACC_001518,phone,PHN_01721
ACC_001519,device,DEV_01684
ACC_001519,funding,CARD_01612
ACC_001519,ip,IP_01585
ACC_001519,phone,PHN_01722
ACC_001520,device,DEV_01685
ACC_001520,funding,CARD_01613
ACC_001520,ip,IP_01586
ACC_001520,phone,PHN_01723
ACC_001521,device,DEV_01686
ACC_001521,funding,CARD_01614
ACC_001521,ip,IP_01587
ACC_001521,phone,PHN_01724
ACC_001522,device,DEV_01687
ACC_001522,funding,CARD_01615
ACC_001522,ip,IP_01588
ACC_001522,phone,PHN_01725
ACC_001523,device,DEV_01688
ACC_001523,funding,CARD_01616
ACC_001523,ip,IP_01589
ACC_001523,phone,PHN_01726
ACC_001524,device,DEV_01689
ACC_001524,funding,CARD_01617
ACC_001524,ip,IP_01590
ACC_001524,phone,PHN_01727
ACC_001525,device,DEV_01690
ACC_001525,funding,CARD_01618
ACC_001525,ip,IP_01591
ACC_001525,phone,PHN_01728
ACC_001526,device,DEV_01691
ACC_001526,funding,CARD_01619
ACC_001526,ip,IP_01592
ACC_001526,phone,PHN_01729
ACC_001527,device,DEV_01692
ACC_001527,funding,CARD_01620
ACC_001527,ip,IP_01593
ACC_001527,phone,PHN_01730
ACC_001528,device,DEV_01693
ACC_001528,funding,CARD_01621
ACC_001528,ip,IP_01594
ACC_001528,phone,PHN_01731
ACC_001529,device,DEV_01694
ACC_001529,funding,CARD_01622
ACC_001529,ip,IP_01595
ACC_001529,phone,PHN_01732
ACC_001530,device,DEV_01695
ACC_001530,funding,CARD_01623
ACC_001530,ip,IP_01596
ACC_001530,phone,PHN_01733
ACC_001531,device,DEV_01696
ACC_001531,funding,CARD_01624
ACC_001531,ip,IP_01597
ACC_001531,phone,PHN_01734
ACC_001532,device,DEV_01697
ACC_001532,funding,CARD_01625
ACC_001532,ip,IP_01598
ACC_001532,phone,PHN_01735
ACC_001533,device,DEV_01698
ACC_001533,funding,CARD_01626
ACC_001533,ip,IP_01599
ACC_001533,phone,PHN_01736
ACC_001534,device,DEV_01699
ACC_001534,funding,CARD_01627
ACC_001534,ip,IP_01600
ACC_001534,phone,PHN_01737
ACC_001535,device,DEV_01700
ACC_001535,funding,CARD_01628
ACC_001535,ip,IP_01601
ACC_001535,phone,PHN_01738
ACC_001536,device,DEV_01701
ACC_001536,funding,CARD_01629
ACC_001536,ip,IP_01602
ACC_001536,phone,PHN_01739
ACC_001537,device,DEV_01702
ACC_001537,funding,CARD_01630
ACC_001537,ip,IP_01603
ACC_001537,phone,PHN_01740
ACC_001538,device,DEV_01703
ACC_001538,funding,CARD_01631
ACC_001538,ip,IP_01604
ACC_001538,phone,PHN_01741
ACC_001539,device,DEV_01704
ACC_001539,funding,CARD_01632
ACC_001539,ip,IP_01605
ACC_001539,phone,PHN_01742
ACC_001540,device,DEV_01705
ACC_001540,funding,CARD_01633
ACC_001540,ip,IP_02692
ACC_001540,phone,PHN_01743
ACC_001541,device,DEV_01706
ACC_001541,funding,CARD_01634
ACC_001541,ip,IP_01607
ACC_001541,phone,PHN_01744
ACC_001542,device,DEV_01707
ACC_001542,funding,CARD_01635
ACC_001542,ip,IP_01608
ACC_001542,phone,PHN_01745
ACC_001543,device,DEV_01708
ACC_001543,funding,CARD_01636
ACC_001543,ip,IP_01609
ACC_001543,phone,PHN_01746
ACC_001544,device,DEV_01709
ACC_001544,funding,CARD_01637
ACC_001544,ip,IP_01610
ACC_001544,phone,PHN_01747
ACC_001545,device,DEV_01710
ACC_001545,funding,CARD_01638
ACC_001545,ip,IP_01611
ACC_001545,phone,PHN_01748
ACC_001546,device,DEV_01711
ACC_001546,funding,CARD_01639
ACC_001546,ip,IP_01612
ACC_001546,phone,PHN_01749
ACC_001547,device,DEV_01712
ACC_001547,funding,CARD_01640
ACC_001547,ip,IP_01613
ACC_001547,phone,PHN_01750
ACC_001548,device,DEV_01713
ACC_001548,funding,CARD_01641
ACC_001548,ip,IP_01614
ACC_001548,phone,PHN_01751
ACC_001549,device,DEV_01714
ACC_001549,funding,CARD_01642
ACC_001549,ip,IP_01615
ACC_001549,phone,PHN_01752
ACC_001550,device,DEV_01715
ACC_001550,funding,CARD_01643
ACC_001550,ip,IP_01616
ACC_001550,phone,PHN_01753
ACC_001551,device,DEV_01716
ACC_001551,funding,CARD_01644
ACC_001551,ip,IP_01617
ACC_001551,phone,PHN_01754
ACC_001552,device,DEV_01717
ACC_001552,funding,CARD_01645
ACC_001552,ip,IP_01618
ACC_001552,phone,PHN_01755
ACC_001553,device,DEV_01718
ACC_001553,funding,CARD_01646
ACC_001553,ip,IP_01619
ACC_001553,phone,PHN_01756
ACC_001554,device,DEV_01719
ACC_001554,funding,CARD_01647
ACC_001554,ip,IP_01620
ACC_001554,phone,PHN_01757
ACC_001555,device,DEV_01720
ACC_001555,funding,CARD_01648
ACC_001555,ip,IP_01621
ACC_001555,phone,PHN_01758
ACC_001556,device,DEV_01721
ACC_001556,funding,CARD_01649
ACC_001556,ip,IP_01622
ACC_001556,phone,PHN_01759
ACC_001557,device,DEV_01722
ACC_001557,funding,CARD_01650
ACC_001557,ip,IP_01623
ACC_001557,phone,PHN_01760
ACC_001558,device,DEV_01723
ACC_001558,funding,CARD_01651
ACC_001558,ip,IP_01624
ACC_001558,phone,PHN_01761
ACC_001559,device,DEV_01724
ACC_001559,funding,CARD_01652
ACC_001559,ip,IP_01625
ACC_001559,phone,PHN_01762
ACC_001560,device,DEV_01725
ACC_001560,funding,CARD_01653
ACC_001560,ip,IP_01626
ACC_001560,phone,PHN_01763
ACC_001561,device,DEV_01726
ACC_001561,funding,CARD_01654
ACC_001561,ip,IP_01627
ACC_001561,phone,PHN_01764
ACC_001562,device,DEV_01727
ACC_001562,funding,CARD_01655
ACC_001562,ip,IP_01628
ACC_001562,phone,PHN_01765
ACC_001563,device,DEV_01728
ACC_001563,funding,CARD_01656
ACC_001563,ip,IP_01629
ACC_001563,phone,PHN_01766
ACC_001564,device,DEV_01729
ACC_001564,funding,CARD_01657
ACC_001564,ip,IP_01630
ACC_001564,phone,PHN_01767
ACC_001565,device,DEV_01730
ACC_001565,funding,CARD_01658
ACC_001565,ip,IP_01631
ACC_001565,phone,PHN_01768
ACC_001566,device,DEV_01731
ACC_001566,funding,CARD_01659
ACC_001566,ip,IP_01632
ACC_001566,phone,PHN_01769
ACC_001567,device,DEV_01732
ACC_001567,funding,CARD_01660
ACC_001567,ip,IP_01633
ACC_001567,phone,PHN_01770
ACC_001568,device,DEV_01733
ACC_001568,funding,CARD_01661
ACC_001568,ip,IP_01634
ACC_001568,phone,PHN_01771
ACC_001569,device,DEV_01734
ACC_001569,funding,CARD_01662
ACC_001569,ip,IP_01635
ACC_001569,phone,PHN_01772
ACC_001570,device,DEV_01735
ACC_001570,funding,CARD_01663
ACC_001570,ip,IP_01636
ACC_001570,phone,PHN_01773
ACC_001571,device,DEV_01736
ACC_001571,funding,CARD_01664
ACC_001571,ip,IP_01637
ACC_001571,phone,PHN_01774
ACC_001572,device,DEV_01737
ACC_001572,funding,CARD_01665
ACC_001572,ip,IP_01638
ACC_001572,phone,PHN_01775
ACC_001573,device,DEV_01738
ACC_001573,funding,CARD_01666
ACC_001573,ip,IP_01639
ACC_001573,phone,PHN_01776
ACC_001574,device,DEV_01739
ACC_001574,funding,CARD_01667
ACC_001574,ip,IP_01640
ACC_001574,phone,PHN_01777
ACC_001575,device,DEV_01740
ACC_001575,funding,CARD_01668
ACC_001575,ip,IP_01641
ACC_001575,phone,PHN_01778
ACC_001576,device,DEV_01741
ACC_001576,funding,CARD_01669
ACC_001576,ip,IP_01642
ACC_001576,phone,PHN_01779
ACC_001577,device,DEV_01742
ACC_001577,funding,CARD_01670
ACC_001577,ip,IP_01643
ACC_001577,phone,PHN_01780
ACC_001578,device,DEV_01743
ACC_001578,funding,CARD_01671
ACC_001578,ip,IP_01644
ACC_001578,phone,PHN_01781
ACC_001579,device,DEV_01744
ACC_001579,funding,CARD_01672
ACC_001579,ip,IP_01645
ACC_001579,phone,PHN_01782
ACC_001580,device,DEV_01745
ACC_001580,funding,CARD_01673
ACC_001580,ip,IP_01646
ACC_001580,phone,PHN_01783
ACC_001581,device,DEV_01746
ACC_001581,funding,CARD_01674
ACC_001581,ip,IP_01647
ACC_001581,phone,PHN_01784
ACC_001582,device,DEV_01747
ACC_001582,funding,CARD_01675
ACC_001582,ip,IP_01648
ACC_001582,phone,PHN_01785
ACC_001583,device,DEV_01748
ACC_001583,funding,CARD_01676
ACC_001583,ip,IP_02695
ACC_001583,phone,PHN_01786
ACC_001584,device,DEV_01749
ACC_001584,funding,CARD_01677
ACC_001584,ip,IP_01650
ACC_001584,phone,PHN_01787
ACC_001585,device,DEV_01750
ACC_001585,funding,CARD_01678
ACC_001585,ip,IP_01651
ACC_001585,phone,PHN_01788
ACC_001586,device,DEV_01751
ACC_001586,funding,CARD_01679
ACC_001586,ip,IP_01652
ACC_001586,phone,PHN_01789
ACC_001587,device,DEV_01752
ACC_001587,funding,CARD_01680
ACC_001587,ip,IP_01653
ACC_001587,phone,PHN_01790
ACC_001588,device,DEV_01753
ACC_001588,funding,CARD_01681
ACC_001588,ip,IP_01654
ACC_001588,phone,PHN_01791
ACC_001589,device,DEV_01754
ACC_001589,funding,CARD_01682
ACC_001589,ip,IP_01655
ACC_001589,phone,PHN_01792
ACC_001590,device,DEV_01755
ACC_001590,funding,CARD_01683
ACC_001590,ip,IP_01656
ACC_001590,phone,PHN_01793
ACC_001591,device,DEV_01756
ACC_001591,funding,CARD_01684
ACC_001591,ip,IP_01657
ACC_001591,phone,PHN_01794
ACC_001592,device,DEV_01757
ACC_001592,funding,CARD_01685
ACC_001592,ip,IP_01658
ACC_001592,phone,PHN_01795
ACC_001593,device,DEV_01758
ACC_001593,funding,CARD_01686
ACC_001593,ip,IP_01659
ACC_001593,phone,PHN_01796
ACC_001594,device,DEV_01759
ACC_001594,funding,CARD_01687
ACC_001594,ip,IP_01660
ACC_001594,phone,PHN_01797
ACC_001595,device,DEV_01760
ACC_001595,funding,CARD_01688
ACC_001595,ip,IP_01661
ACC_001595,phone,PHN_01798
ACC_001596,device,DEV_01761
ACC_001596,funding,CARD_01689
ACC_001596,ip,IP_01662
ACC_001596,phone,PHN_01799
ACC_001597,device,DEV_01762
ACC_001597,funding,CARD_01690
ACC_001597,ip,IP_01663
ACC_001597,phone,PHN_01800
ACC_001598,device,DEV_01763
ACC_001598,funding,CARD_01691
ACC_001598,ip,IP_01664
ACC_001598,phone,PHN_01801
ACC_001599,device,DEV_01764
ACC_001599,funding,CARD_01692
ACC_001599,ip,IP_01665
ACC_001599,phone,PHN_01802
ACC_001600,device,DEV_01765
ACC_001600,funding,CARD_01693
ACC_001600,ip,IP_01666
ACC_001600,phone,PHN_01803
ACC_001601,device,DEV_01766
ACC_001601,funding,CARD_01694
ACC_001601,ip,IP_01667
ACC_001601,phone,PHN_01804
ACC_001602,device,DEV_01767
ACC_001602,funding,CARD_01695
ACC_001602,ip,IP_01668
ACC_001602,phone,PHN_01805
ACC_001603,device,DEV_01768
ACC_001603,funding,CARD_01696
ACC_001603,ip,IP_01669
ACC_001603,phone,PHN_01806
ACC_001604,device,DEV_01769
ACC_001604,funding,CARD_01697
ACC_001604,ip,IP_01670
ACC_001604,phone,PHN_01807
ACC_001605,device,DEV_01770
ACC_001605,funding,CARD_01698
ACC_001605,ip,IP_01671
ACC_001605,phone,PHN_01808
ACC_001606,device,DEV_01771
ACC_001606,funding,CARD_01699
ACC_001606,ip,IP_01672
ACC_001606,phone,PHN_01809
ACC_001607,device,DEV_01772
ACC_001607,funding,CARD_01700
ACC_001607,ip,IP_01673
ACC_001607,phone,PHN_01810
ACC_001608,device,DEV_01773
ACC_001608,funding,CARD_01701
ACC_001608,ip,IP_01674
ACC_001608,phone,PHN_01811
ACC_001609,device,DEV_01774
ACC_001609,funding,CARD_01702
ACC_001609,ip,IP_01675
ACC_001609,phone,PHN_01812
ACC_001610,device,DEV_01775
ACC_001610,funding,CARD_01703
ACC_001610,ip,IP_02695
ACC_001610,phone,PHN_01813
ACC_001611,device,DEV_01776
ACC_001611,funding,CARD_01704
ACC_001611,ip,IP_01677
ACC_001611,phone,PHN_01814
ACC_001612,device,DEV_01777
ACC_001612,funding,CARD_01705
ACC_001612,ip,IP_01678
ACC_001612,phone,PHN_01815
ACC_001613,device,DEV_01778
ACC_001613,funding,CARD_01706
ACC_001613,ip,IP_01679
ACC_001613,phone,PHN_01816
ACC_001614,device,DEV_01779
ACC_001614,funding,CARD_01707
ACC_001614,ip,IP_01680
ACC_001614,phone,PHN_01817
ACC_001615,device,DEV_01780
ACC_001615,funding,CARD_01708
ACC_001615,ip,IP_02692
ACC_001615,phone,PHN_01818
ACC_001616,device,DEV_01781
ACC_001616,funding,CARD_01709
ACC_001616,ip,IP_01682
ACC_001616,phone,PHN_01819
ACC_001617,device,DEV_01782
ACC_001617,funding,CARD_01710
ACC_001617,ip,IP_01683
ACC_001617,phone,PHN_01820
ACC_001618,device,DEV_01783
ACC_001618,funding,CARD_01711
ACC_001618,ip,IP_01684
ACC_001618,phone,PHN_01821
ACC_001619,device,DEV_01784
ACC_001619,funding,CARD_01712
ACC_001619,ip,IP_01685
ACC_001619,phone,PHN_01822
ACC_001620,device,DEV_01785
ACC_001620,funding,CARD_01713
ACC_001620,ip,IP_01686
ACC_001620,phone,PHN_01823
ACC_001621,device,DEV_01786
ACC_001621,funding,CARD_01714
ACC_001621,ip,IP_01687
ACC_001621,phone,PHN_01824
ACC_001622,device,DEV_01787
ACC_001622,funding,CARD_01715
ACC_001622,ip,IP_01688
ACC_001622,phone,PHN_01825
ACC_001623,device,DEV_01788
ACC_001623,funding,CARD_01716
ACC_001623,ip,IP_01689
ACC_001623,phone,PHN_01826
ACC_001624,device,DEV_01789
ACC_001624,funding,CARD_01717
ACC_001624,ip,IP_01690
ACC_001624,phone,PHN_01827
ACC_001625,device,DEV_01790
ACC_001625,funding,CARD_01718
ACC_001625,ip,IP_01691
ACC_001625,phone,PHN_01828
ACC_001626,device,DEV_01791
ACC_001626,funding,CARD_01719
ACC_001626,ip,IP_01692
ACC_001626,phone,PHN_01829
ACC_001627,device,DEV_01792
ACC_001627,funding,CARD_01720
ACC_001627,ip,IP_01693
ACC_001627,phone,PHN_01830
ACC_001628,device,DEV_01793
ACC_001628,funding,CARD_01721
ACC_001628,ip,IP_01694
ACC_001628,phone,PHN_01831
ACC_001629,device,DEV_01794
ACC_001629,funding,CARD_01722
ACC_001629,ip,IP_01695
ACC_001629,phone,PHN_01832
ACC_001630,device,DEV_01795
ACC_001630,funding,CARD_01723
ACC_001630,ip,IP_01696
ACC_001630,phone,PHN_01833
ACC_001631,device,DEV_01796
ACC_001631,funding,CARD_01724
ACC_001631,ip,IP_01697
ACC_001631,phone,PHN_01834
ACC_001632,device,DEV_01797
ACC_001632,funding,CARD_01725
ACC_001632,ip,IP_01698
ACC_001632,phone,PHN_01835
ACC_001633,device,DEV_01798
ACC_001633,funding,CARD_01726
ACC_001633,ip,IP_01699
ACC_001633,phone,PHN_01836
ACC_001634,device,DEV_01799
ACC_001634,funding,CARD_01727
ACC_001634,ip,IP_01700
ACC_001634,phone,PHN_01837
ACC_001635,device,DEV_01800
ACC_001635,funding,CARD_01728
ACC_001635,ip,IP_01701
ACC_001635,phone,PHN_01838
ACC_001636,device,DEV_01801
ACC_001636,funding,CARD_01729
ACC_001636,ip,IP_01702
ACC_001636,phone,PHN_01839
ACC_001637,device,DEV_01802
ACC_001637,funding,CARD_01730
ACC_001637,ip,IP_01703
ACC_001637,phone,PHN_01840
ACC_001638,device,DEV_01803
ACC_001638,funding,CARD_01731
ACC_001638,ip,IP_01704
ACC_001638,phone,PHN_01841
ACC_001639,device,DEV_01804
ACC_001639,funding,CARD_01732
ACC_001639,ip,IP_02695
ACC_001639,phone,PHN_01842
ACC_001640,device,DEV_01805
ACC_001640,funding,CARD_01733
ACC_001640,ip,IP_01706
ACC_001640,phone,PHN_01843
ACC_001641,device,DEV_01806
ACC_001641,funding,CARD_01734
ACC_001641,ip,IP_01707
ACC_001641,phone,PHN_01844
ACC_001642,device,DEV_01807
ACC_001642,funding,CARD_01735
ACC_001642,ip,IP_01708
ACC_001642,phone,PHN_01845
ACC_001643,device,DEV_01808
ACC_001643,funding,CARD_01736
ACC_001643,ip,IP_01709
ACC_001643,phone,PHN_01846
ACC_001644,device,DEV_01809
ACC_001644,funding,CARD_01737
ACC_001644,ip,IP_01710
ACC_001644,phone,PHN_01847
ACC_001645,device,DEV_01810
ACC_001645,funding,CARD_01738
ACC_001645,ip,IP_01711
ACC_001645,phone,PHN_01848
ACC_001646,device,DEV_01811
ACC_001646,funding,CARD_01739
ACC_001646,ip,IP_01712
ACC_001646,phone,PHN_01849
ACC_001647,device,DEV_01812
ACC_001647,funding,CARD_01740
ACC_001647,ip,IP_01713
ACC_001647,phone,PHN_01850
ACC_001648,device,DEV_01813
ACC_001648,funding,CARD_01741
ACC_001648,ip,IP_01714
ACC_001648,phone,PHN_01851
ACC_001649,device,DEV_01814
ACC_001649,funding,CARD_01742
ACC_001649,ip,IP_01715
ACC_001649,phone,PHN_01852
ACC_001650,device,DEV_01815
ACC_001650,funding,CARD_01743
ACC_001650,ip,IP_01716
ACC_001650,phone,PHN_01853
ACC_001651,device,DEV_01816
ACC_001651,funding,CARD_01744
ACC_001651,ip,IP_01717
ACC_001651,phone,PHN_01854
ACC_001652,device,DEV_01817
ACC_001652,funding,CARD_01745
ACC_001652,ip,IP_01718
ACC_001652,phone,PHN_01855
ACC_001653,device,DEV_01818
ACC_001653,funding,CARD_01746
ACC_001653,ip,IP_01719
ACC_001653,phone,PHN_01856
ACC_001654,device,DEV_01819
ACC_001654,funding,CARD_01747
ACC_001654,ip,IP_01720
ACC_001654,phone,PHN_01857
ACC_001655,device,DEV_01820
ACC_001655,funding,CARD_01748
ACC_001655,ip,IP_01721
ACC_001655,phone,PHN_01858
ACC_001656,device,DEV_01821
ACC_001656,funding,CARD_01749
ACC_001656,ip,IP_01722
ACC_001656,phone,PHN_01859
ACC_001657,device,DEV_01822
ACC_001657,funding,CARD_01750
ACC_001657,ip,IP_01723
ACC_001657,phone,PHN_01860
ACC_001658,device,DEV_01823
ACC_001658,funding,CARD_01751
ACC_001658,ip,IP_01724
ACC_001658,phone,PHN_01861
ACC_001659,device,DEV_01824
ACC_001659,funding,CARD_01752
ACC_001659,ip,IP_01725
ACC_001659,phone,PHN_01862
ACC_001660,device,DEV_01825
ACC_001660,funding,CARD_01753
ACC_001660,ip,IP_01726
ACC_001660,phone,PHN_01863
ACC_001661,device,DEV_01826
ACC_001661,funding,CARD_01754
ACC_001661,ip,IP_01727
ACC_001661,phone,PHN_01864
ACC_001662,device,DEV_01827
ACC_001662,funding,CARD_01755
ACC_001662,ip,IP_01728
ACC_001662,phone,PHN_01865
ACC_001663,device,DEV_01828
ACC_001663,funding,CARD_01756
ACC_001663,ip,IP_01729
ACC_001663,phone,PHN_01866
ACC_001664,device,DEV_01829
ACC_001664,funding,CARD_01757
ACC_001664,ip,IP_01730
ACC_001664,phone,PHN_01867
ACC_001665,device,DEV_01830
ACC_001665,funding,CARD_01758
ACC_001665,ip,IP_01731
ACC_001665,phone,PHN_01868
ACC_001666,device,DEV_01831
ACC_001666,funding,CARD_01759
ACC_001666,ip,IP_02692
ACC_001666,phone,PHN_01869
ACC_001667,device,DEV_01832
ACC_001667,funding,CARD_01760
ACC_001667,ip,IP_01733
ACC_001667,phone,PHN_01870
ACC_001668,device,DEV_01833
ACC_001668,funding,CARD_01761
ACC_001668,ip,IP_01734
ACC_001668,phone,PHN_01871
ACC_001669,device,DEV_01834
ACC_001669,funding,CARD_01762
ACC_001669,ip,IP_01735
ACC_001669,phone,PHN_01872
ACC_001670,device,DEV_01835
ACC_001670,funding,CARD_01763
ACC_001670,ip,IP_01736
ACC_001670,phone,PHN_01873
ACC_001671,device,DEV_01836
ACC_001671,funding,CARD_01764
ACC_001671,ip,IP_01737
ACC_001671,phone,PHN_01874
ACC_001672,device,DEV_01837
ACC_001672,funding,CARD_01765
ACC_001672,ip,IP_01738
ACC_001672,phone,PHN_01875
ACC_001673,device,DEV_01838
ACC_001673,funding,CARD_01766
ACC_001673,ip,IP_01739
ACC_001673,phone,PHN_01876
ACC_001674,device,DEV_01839
ACC_001674,funding,CARD_01767
ACC_001674,ip,IP_01740
ACC_001674,phone,PHN_01877
ACC_001675,device,DEV_01840
ACC_001675,funding,CARD_01768
ACC_001675,ip,IP_01741
ACC_001675,phone,PHN_01878
ACC_001676,device,DEV_01841
ACC_001676,funding,CARD_01769
ACC_001676,ip,IP_01742
ACC_001676,phone,PHN_01879
ACC_001677,device,DEV_01842
ACC_001677,funding,CARD_01770
ACC_001677,ip,IP_01743
ACC_001677,phone,PHN_01880
ACC_001678,device,DEV_01843
ACC_001678,funding,CARD_01771
ACC_001678,ip,IP_01744
ACC_001678,phone,PHN_01881
ACC_001679,device,DEV_01844
ACC_001679,funding,CARD_01772
ACC_001679,ip,IP_01745
ACC_001679,phone,PHN_01882
ACC_001680,device,DEV_01845
ACC_001680,funding,CARD_01773
ACC_001680,ip,IP_01746
ACC_001680,phone,PHN_01883
ACC_001681,device,DEV_01846
ACC_001681,funding,CARD_01774
ACC_001681,ip,IP_01747
ACC_001681,phone,PHN_01884
ACC_001682,device,DEV_01847
ACC_001682,funding,CARD_01775
ACC_001682,ip,IP_01748
ACC_001682,phone,PHN_01885
ACC_001683,device,DEV_01848
ACC_001683,funding,CARD_01776
ACC_001683,ip,IP_01749
ACC_001683,phone,PHN_01886
ACC_001684,device,DEV_01849
ACC_001684,funding,CARD_01777
ACC_001684,ip,IP_01750
ACC_001684,phone,PHN_01887
ACC_001685,device,DEV_01850
ACC_001685,funding,CARD_01778
ACC_001685,ip,IP_01751
ACC_001685,phone,PHN_01888
ACC_001686,device,DEV_01851
ACC_001686,funding,CARD_01779
ACC_001686,ip,IP_01752
ACC_001686,phone,PHN_01889
ACC_001687,device,DEV_01852
ACC_001687,funding,CARD_01780
ACC_001687,ip,IP_01753
ACC_001687,phone,PHN_01890
ACC_001688,device,DEV_01853
ACC_001688,funding,CARD_01781
ACC_001688,ip,IP_01754
ACC_001688,phone,PHN_01891
ACC_001689,device,DEV_01854
ACC_001689,funding,CARD_01782
ACC_001689,ip,IP_01755
ACC_001689,phone,PHN_01892
ACC_001690,device,DEV_01855
ACC_001690,funding,CARD_01783
ACC_001690,ip,IP_01756
ACC_001690,phone,PHN_01893
ACC_001691,device,DEV_01856
ACC_001691,funding,CARD_01784
ACC_001691,ip,IP_01757
ACC_001691,phone,PHN_01894
ACC_001692,device,DEV_01857
ACC_001692,funding,CARD_01785
ACC_001692,ip,IP_01758
ACC_001692,phone,PHN_01895
ACC_001693,device,DEV_01858
ACC_001693,funding,CARD_01786
ACC_001693,ip,IP_01759
ACC_001693,phone,PHN_01896
ACC_001694,device,DEV_01859
ACC_001694,funding,CARD_01787
ACC_001694,ip,IP_01760
ACC_001694,phone,PHN_01897
ACC_001695,device,DEV_01860
ACC_001695,funding,CARD_01788
ACC_001695,ip,IP_01761
ACC_001695,phone,PHN_01898
ACC_001696,device,DEV_01861
ACC_001696,funding,CARD_01789
ACC_001696,ip,IP_01762
ACC_001696,phone,PHN_01899
ACC_001697,device,DEV_01862
ACC_001697,funding,CARD_01790
ACC_001697,ip,IP_01763
ACC_001697,phone,PHN_01900
ACC_001698,device,DEV_01863
ACC_001698,funding,CARD_01791
ACC_001698,ip,IP_01764
ACC_001698,phone,PHN_01901
ACC_001699,device,DEV_01864
ACC_001699,funding,CARD_01792
ACC_001699,ip,IP_01765
ACC_001699,phone,PHN_01902
ACC_001700,device,DEV_01865
ACC_001700,funding,CARD_01793
ACC_001700,ip,IP_01766
ACC_001700,phone,PHN_01903
ACC_001701,device,DEV_01866
ACC_001701,funding,CARD_01794
ACC_001701,ip,IP_01767
ACC_001701,phone,PHN_01904
ACC_001702,device,DEV_01867
ACC_001702,funding,CARD_01795
ACC_001702,ip,IP_01768
ACC_001702,phone,PHN_01905
ACC_001703,device,DEV_01868
ACC_001703,funding,CARD_01796
ACC_001703,ip,IP_01769
ACC_001703,phone,PHN_01906
ACC_001704,device,DEV_01869
ACC_001704,funding,CARD_01797
ACC_001704,ip,IP_01770
ACC_001704,phone,PHN_01907
ACC_001705,device,DEV_01870
ACC_001705,funding,CARD_01798
ACC_001705,ip,IP_01771
ACC_001705,phone,PHN_01908
ACC_001706,device,DEV_01871
ACC_001706,funding,CARD_01799
ACC_001706,ip,IP_01772
ACC_001706,phone,PHN_01909
ACC_001707,device,DEV_01872
ACC_001707,funding,CARD_01800
ACC_001707,ip,IP_01773
ACC_001707,phone,PHN_01910
ACC_001708,device,DEV_01873
ACC_001708,funding,CARD_01801
ACC_001708,ip,IP_01774
ACC_001708,phone,PHN_01911
ACC_001709,device,DEV_01874
ACC_001709,funding,CARD_01802
ACC_001709,ip,IP_01775
ACC_001709,phone,PHN_01912
ACC_001710,device,DEV_01875
ACC_001710,funding,CARD_01803
ACC_001710,ip,IP_01776
ACC_001710,phone,PHN_01913
ACC_001711,device,DEV_01876
ACC_001711,funding,CARD_01804
ACC_001711,ip,IP_01777
ACC_001711,phone,PHN_01914
ACC_001712,device,DEV_01877
ACC_001712,funding,CARD_01805
ACC_001712,ip,IP_01778
ACC_001712,phone,PHN_01915
ACC_001713,device,DEV_01878
ACC_001713,funding,CARD_01806
ACC_001713,ip,IP_01779
ACC_001713,phone,PHN_01916
ACC_001714,device,DEV_01879
ACC_001714,funding,CARD_01807
ACC_001714,ip,IP_01780
ACC_001714,phone,PHN_01917
ACC_001715,device,DEV_01880
ACC_001715,funding,CARD_01808
ACC_001715,ip,IP_01781
ACC_001715,phone,PHN_01918
ACC_001716,device,DEV_01881
ACC_001716,funding,CARD_01809
ACC_001716,ip,IP_01782
ACC_001716,phone,PHN_01919
ACC_001717,device,DEV_01882
ACC_001717,funding,CARD_01810
ACC_001717,ip,IP_01783
ACC_001717,phone,PHN_01920
ACC_001718,device,DEV_01883
ACC_001718,funding,CARD_01811
ACC_001718,ip,IP_01784
ACC_001718,phone,PHN_01921
ACC_001719,device,DEV_01884
ACC_001719,funding,CARD_01812
ACC_001719,ip,IP_01785
ACC_001719,phone,PHN_01922
ACC_001720,device,DEV_01885
ACC_001720,funding,CARD_01813
ACC_001720,ip,IP_01786
ACC_001720,phone,PHN_01923
ACC_001721,device,DEV_01886
ACC_001721,funding,CARD_01814
ACC_001721,ip,IP_01787
ACC_001721,phone,PHN_01924
ACC_001722,device,DEV_01887
ACC_001722,funding,CARD_01815
ACC_001722,ip,IP_01788
ACC_001722,phone,PHN_01925
ACC_001723,device,DEV_01888
ACC_001723,funding,CARD_01816
ACC_001723,ip,IP_01789
ACC_001723,phone,PHN_01926
ACC_001724,device,DEV_01889
ACC_001724,funding,CARD_01817
ACC_001724,ip,IP_01790
ACC_001724,phone,PHN_01927
ACC_001725,device,DEV_01890
ACC_001725,funding,CARD_01818
ACC_001725,ip,IP_01791
ACC_001725,phone,PHN_01928
ACC_001726,device,DEV_01891
ACC_001726,funding,CARD_01819
ACC_001726,ip,IP_01792
ACC_001726,phone,PHN_01929
ACC_001727,device,DEV_01892
ACC_001727,funding,CARD_01820
ACC_001727,ip,IP_01793
ACC_001727,phone,PHN_01930
ACC_001728,device,DEV_01893
ACC_001728,funding,CARD_01821
ACC_001728,ip,IP_01794
ACC_001728,phone,PHN_01931
ACC_001729,device,DEV_01894
ACC_001729,funding,CARD_01822
ACC_001729,ip,IP_01795
ACC_001729,phone,PHN_01932
ACC_001730,device,DEV_01895
ACC_001730,funding,CARD_01823
ACC_001730,ip,IP_01796
ACC_001730,phone,PHN_01933
ACC_001731,device,DEV_01896
ACC_001731,funding,CARD_01824
ACC_001731,ip,IP_01797
ACC_001731,phone,PHN_01934
ACC_001732,device,DEV_01897
ACC_001732,funding,CARD_01825
ACC_001732,ip,IP_01798
ACC_001732,phone,PHN_01935
ACC_001733,device,DEV_01898
ACC_001733,funding,CARD_01826
ACC_001733,ip,IP_01799
ACC_001733,phone,PHN_01936
ACC_001734,device,DEV_01899
ACC_001734,funding,CARD_01827
ACC_001734,ip,IP_01800
ACC_001734,phone,PHN_01937
ACC_001735,device,DEV_01900
ACC_001735,funding,CARD_01828
ACC_001735,ip,IP_01801
ACC_001735,phone,PHN_01938
ACC_001736,device,DEV_01901
ACC_001736,funding,CARD_01829
ACC_001736,ip,IP_01802
ACC_001736,phone,PHN_01939
ACC_001737,device,DEV_01902
ACC_001737,funding,CARD_01830
ACC_001737,ip,IP_01803
ACC_001737,phone,PHN_01940
ACC_001738,device,DEV_01903
ACC_001738,funding,CARD_01831
ACC_001738,ip,IP_01804
ACC_001738,phone,PHN_01941
ACC_001739,device,DEV_01904
ACC_001739,funding,CARD_01832
ACC_001739,ip,IP_01805
ACC_001739,phone,PHN_01942
ACC_001740,device,DEV_01905
ACC_001740,funding,CARD_01833
ACC_001740,ip,IP_01806
ACC_001740,phone,PHN_01943
ACC_001741,device,DEV_01906
ACC_001741,funding,CARD_01834
ACC_001741,ip,IP_01807
ACC_001741,phone,PHN_01944
ACC_001742,device,DEV_01907
ACC_001742,funding,CARD_01835
ACC_001742,ip,IP_01808
ACC_001742,phone,PHN_01945
ACC_001743,device,DEV_01908
ACC_001743,funding,CARD_01836
ACC_001743,ip,IP_01809
ACC_001743,phone,PHN_01946
ACC_001744,device,DEV_01909
ACC_001744,funding,CARD_01837
ACC_001744,ip,IP_01810
ACC_001744,phone,PHN_01947
ACC_001745,device,DEV_01910
ACC_001745,funding,CARD_01838
ACC_001745,ip,IP_01811
ACC_001745,phone,PHN_01948
ACC_001746,device,DEV_01911
ACC_001746,funding,CARD_01839
ACC_001746,ip,IP_01812
ACC_001746,phone,PHN_01949
ACC_001747,device,DEV_01912
ACC_001747,funding,CARD_01840
ACC_001747,ip,IP_01813
ACC_001747,phone,PHN_01950
ACC_001748,device,DEV_01913
ACC_001748,funding,CARD_01841
ACC_001748,ip,IP_01814
ACC_001748,phone,PHN_01951
ACC_001749,device,DEV_01914
ACC_001749,funding,CARD_01842
ACC_001749,ip,IP_01815
ACC_001749,phone,PHN_01952
ACC_001750,device,DEV_01915
ACC_001750,funding,CARD_01843
ACC_001750,ip,IP_01816
ACC_001750,phone,PHN_01953
ACC_001751,device,DEV_01916
ACC_001751,funding,CARD_01844
ACC_001751,ip,IP_02692
ACC_001751,phone,PHN_01954
ACC_001752,device,DEV_01917
ACC_001752,funding,CARD_01845
ACC_001752,ip,IP_01818
ACC_001752,phone,PHN_01955
ACC_001753,device,DEV_01918
ACC_001753,funding,CARD_01846
ACC_001753,ip,IP_01819
ACC_001753,phone,PHN_01956
ACC_001754,device,DEV_01919
ACC_001754,funding,CARD_01847
ACC_001754,ip,IP_01820
ACC_001754,phone,PHN_01957
ACC_001755,device,DEV_01920
ACC_001755,funding,CARD_01848
ACC_001755,ip,IP_01821
ACC_001755,phone,PHN_01958
ACC_001756,device,DEV_01921
ACC_001756,funding,CARD_01849
ACC_001756,ip,IP_01822
ACC_001756,phone,PHN_01959
ACC_001757,device,DEV_01922
ACC_001757,funding,CARD_01850
ACC_001757,ip,IP_02694
ACC_001757,phone,PHN_01960
ACC_001758,device,DEV_01923
ACC_001758,funding,CARD_01851
ACC_001758,ip,IP_01824
ACC_001758,phone,PHN_01961
ACC_001759,device,DEV_01924
ACC_001759,funding,CARD_01852
ACC_001759,ip,IP_01825
ACC_001759,phone,PHN_01962
ACC_001760,device,DEV_01925
ACC_001760,funding,CARD_01853
ACC_001760,ip,IP_01826
ACC_001760,phone,PHN_01963
ACC_001761,device,DEV_01926
ACC_001761,funding,CARD_01854
ACC_001761,ip,IP_01827
ACC_001761,phone,PHN_01964
ACC_001762,device,DEV_01927
ACC_001762,funding,CARD_01855
ACC_001762,ip,IP_01828
ACC_001762,phone,PHN_01965
ACC_001763,device,DEV_01928
ACC_001763,funding,CARD_01856
ACC_001763,ip,IP_01829
ACC_001763,phone,PHN_01966
ACC_001764,device,DEV_01929
ACC_001764,funding,CARD_01857
ACC_001764,ip,IP_01830
ACC_001764,phone,PHN_01967
ACC_001765,device,DEV_01930
ACC_001765,funding,CARD_01858
ACC_001765,ip,IP_01831
ACC_001765,phone,PHN_01968
ACC_001766,device,DEV_01931
ACC_001766,funding,CARD_01859
ACC_001766,ip,IP_01832
ACC_001766,phone,PHN_01969
ACC_001767,device,DEV_01932
ACC_001767,funding,CARD_01860
ACC_001767,ip,IP_01833
ACC_001767,phone,PHN_01970
ACC_001768,device,DEV_01933
ACC_001768,funding,CARD_01861
ACC_001768,ip,IP_01834
ACC_001768,phone,PHN_01971
ACC_001769,device,DEV_01934
ACC_001769,funding,CARD_01862
ACC_001769,ip,IP_01835
ACC_001769,phone,PHN_01972
ACC_001770,device,DEV_01935
ACC_001770,funding,CARD_01863
ACC_001770,ip,IP_01836
ACC_001770,phone,PHN_01973
ACC_001771,device,DEV_01936
ACC_001771,funding,CARD_01864
ACC_001771,ip,IP_01837
ACC_001771,phone,PHN_01974
ACC_001772,device,DEV_01937
ACC_001772,funding,CARD_01865
ACC_001772,ip,IP_02694
ACC_001772,phone,PHN_01975
ACC_001773,device,DEV_01938
ACC_001773,funding,CARD_01866
ACC_001773,ip,IP_01839
ACC_001773,phone,PHN_01976
ACC_001774,device,DEV_01939
ACC_001774,funding,CARD_01867
ACC_001774,ip,IP_01840
ACC_001774,phone,PHN_01977
ACC_001775,device,DEV_01940
ACC_001775,funding,CARD_01868
ACC_001775,ip,IP_01841
ACC_001775,phone,PHN_01978
ACC_001776,device,DEV_01941
ACC_001776,funding,CARD_01869
ACC_001776,ip,IP_01842
ACC_001776,phone,PHN_01979
ACC_001777,device,DEV_01942
ACC_001777,funding,CARD_01870
ACC_001777,ip,IP_01843
ACC_001777,phone,PHN_01980
ACC_001778,device,DEV_01943
ACC_001778,funding,CARD_01871
ACC_001778,ip,IP_01844
ACC_001778,phone,PHN_01981
ACC_001779,device,DEV_01944
ACC_001779,funding,CARD_01872
ACC_001779,ip,IP_01845
ACC_001779,phone,PHN_01982
ACC_001780,device,DEV_01945
ACC_001780,funding,CARD_01873
ACC_001780,ip,IP_01846
ACC_001780,phone,PHN_01983
ACC_001781,device,DEV_01946
ACC_001781,funding,CARD_01874
ACC_001781,ip,IP_01847
ACC_001781,phone,PHN_01984
ACC_001782,device,DEV_01947
ACC_001782,funding,CARD_01875
ACC_001782,ip,IP_01848
ACC_001782,phone,PHN_01985
ACC_001783,device,DEV_01948
ACC_001783,funding,CARD_01876
ACC_001783,ip,IP_01849
ACC_001783,phone,PHN_01986
ACC_001784,device,DEV_01949
ACC_001784,funding,CARD_01877
ACC_001784,ip,IP_01850
ACC_001784,phone,PHN_01987
ACC_001785,device,DEV_01950
ACC_001785,funding,CARD_01878
ACC_001785,ip,IP_01851
ACC_001785,phone,PHN_01988
ACC_001786,device,DEV_01951
ACC_001786,funding,CARD_01879
ACC_001786,ip,IP_01852
ACC_001786,phone,PHN_01989
ACC_001787,device,DEV_01952
ACC_001787,funding,CARD_01880
ACC_001787,ip,IP_02695
ACC_001787,phone,PHN_01990
ACC_001788,device,DEV_01953
ACC_001788,funding,CARD_01881
ACC_001788,ip,IP_01854
ACC_001788,phone,PHN_01991
ACC_001789,device,DEV_01954
ACC_001789,funding,CARD_01882
ACC_001789,ip,IP_01855
ACC_001789,phone,PHN_01992
ACC_001790,device,DEV_01955
ACC_001790,funding,CARD_01883
ACC_001790,ip,IP_01856
ACC_001790,phone,PHN_01993
ACC_001791,device,DEV_01956
ACC_001791,funding,CARD_01884
ACC_001791,ip,IP_01857
ACC_001791,phone,PHN_01994
ACC_001792,device,DEV_01957
ACC_001792,funding,CARD_01885
ACC_001792,ip,IP_01858
ACC_001792,phone,PHN_01995
ACC_001793,device,DEV_01958
ACC_001793,funding,CARD_01886
ACC_001793,ip,IP_01859
ACC_001793,phone,PHN_01996
ACC_001794,device,DEV_01959
ACC_001794,funding,CARD_01887
ACC_001794,ip,IP_01860
ACC_001794,phone,PHN_01997
ACC_001795,device,DEV_01960
ACC_001795,funding,CARD_01888
ACC_001795,ip,IP_01861
ACC_001795,phone,PHN_01998
ACC_001796,device,DEV_01961
ACC_001796,funding,CARD_01889
ACC_001796,ip,IP_01862
ACC_001796,phone,PHN_01999
ACC_001797,device,DEV_01962
ACC_001797,funding,CARD_01890
ACC_001797,ip,IP_01863
ACC_001797,phone,PHN_02000
ACC_001798,device,DEV_01963
ACC_001798,funding,CARD_01891
ACC_001798,ip,IP_01864
ACC_001798,phone,PHN_02001
ACC_001799,device,DEV_01964
ACC_001799,funding,CARD_01892
ACC_001799,ip,IP_01865
ACC_001799,phone,PHN_02002
ACC_001800,device,DEV_01965
ACC_001800,funding,CARD_01893
ACC_001800,ip,IP_01866
ACC_001800,phone,PHN_02003
ACC_001801,device,DEV_01966
ACC_001801,funding,CARD_01894
ACC_001801,ip,IP_01867
ACC_001801,phone,PHN_02004
ACC_001802,device,DEV_01967
ACC_001802,funding,CARD_01895
ACC_001802,ip,IP_01868
ACC_001802,phone,PHN_02005
ACC_001803,device,DEV_01968
ACC_001803,funding,CARD_01896
ACC_001803,ip,IP_01869
ACC_001803,phone,PHN_02006
ACC_001804,device,DEV_01969
ACC_001804,funding,CARD_01897
ACC_001804,ip,IP_01870
ACC_001804,phone,PHN_02007
ACC_001805,device,DEV_01970
ACC_001805,funding,CARD_01898
ACC_001805,ip,IP_01871
ACC_001805,phone,PHN_02008
ACC_001806,device,DEV_01971
ACC_001806,funding,CARD_01899
ACC_001806,ip,IP_01872
ACC_001806,phone,PHN_02009
ACC_001807,device,DEV_01972
ACC_001807,funding,CARD_01900
ACC_001807,ip,IP_02694
ACC_001807,phone,PHN_02010
ACC_001808,device,DEV_01973
ACC_001808,funding,CARD_01901
ACC_001808,ip,IP_01874
ACC_001808,phone,PHN_02011
ACC_001809,device,DEV_01974
ACC_001809,funding,CARD_01902
ACC_001809,ip,IP_01875
ACC_001809,phone,PHN_02012
ACC_001810,device,DEV_01975
ACC_001810,funding,CARD_01903
ACC_001810,ip,IP_01876
ACC_001810,phone,PHN_02013
ACC_001811,device,DEV_01976
ACC_001811,funding,CARD_01904
ACC_001811,ip,IP_01877
ACC_001811,phone,PHN_02014
ACC_001812,device,DEV_01977
ACC_001812,funding,CARD_01905
ACC_001812,ip,IP_01878
ACC_001812,phone,PHN_02015
ACC_001813,device,DEV_01978
ACC_001813,funding,CARD_01906
ACC_001813,ip,IP_01879
ACC_001813,phone,PHN_02016
ACC_001814,device,DEV_01979
ACC_001814,funding,CARD_01907
ACC_001814,ip,IP_01880
ACC_001814,phone,PHN_02017
ACC_001815,device,DEV_01980
ACC_001815,funding,CARD_01908
ACC_001815,ip,IP_01881
ACC_001815,phone,PHN_02018
ACC_001816,device,DEV_01981
ACC_001816,funding,CARD_01909
ACC_001816,ip,IP_01882
ACC_001816,phone,PHN_02019
ACC_001817,device,DEV_01982
ACC_001817,funding,CARD_01910
ACC_001817,ip,IP_01883
ACC_001817,phone,PHN_02020
ACC_001818,device,DEV_01983
ACC_001818,funding,CARD_01911
ACC_001818,ip,IP_01884
ACC_001818,phone,PHN_02021
ACC_001819,device,DEV_01984
ACC_001819,funding,CARD_01912
ACC_001819,ip,IP_01885
ACC_001819,phone,PHN_02022
ACC_001820,device,DEV_01985
ACC_001820,funding,CARD_01913
ACC_001820,ip,IP_01886
ACC_001820,phone,PHN_02023
ACC_001821,device,DEV_01986
ACC_001821,funding,CARD_01914
ACC_001821,ip,IP_01887
ACC_001821,phone,PHN_02024
ACC_001822,device,DEV_01987
ACC_001822,funding,CARD_01915
ACC_001822,ip,IP_01888
ACC_001822,phone,PHN_02025
ACC_001823,device,DEV_01988
ACC_001823,funding,CARD_01916
ACC_001823,ip,IP_01889
ACC_001823,phone,PHN_02026
ACC_001824,device,DEV_01989
ACC_001824,funding,CARD_01917
ACC_001824,ip,IP_01890
ACC_001824,phone,PHN_02027
ACC_001825,device,DEV_01990
ACC_001825,funding,CARD_01918
ACC_001825,ip,IP_01891
ACC_001825,phone,PHN_02028
ACC_001826,device,DEV_01991
ACC_001826,funding,CARD_01919
ACC_001826,ip,IP_01892
ACC_001826,phone,PHN_02029
ACC_001827,device,DEV_01992
ACC_001827,funding,CARD_01920
ACC_001827,ip,IP_02693
ACC_001827,phone,PHN_02030
ACC_001828,device,DEV_01993
ACC_001828,funding,CARD_01921
ACC_001828,ip,IP_01894
ACC_001828,phone,PHN_02031
ACC_001829,device,DEV_01994
ACC_001829,funding,CARD_01922
ACC_001829,ip,IP_01895
ACC_001829,phone,PHN_02032
ACC_001830,device,DEV_01995
ACC_001830,funding,CARD_01923
ACC_001830,ip,IP_01896
ACC_001830,phone,PHN_02033
ACC_001831,device,DEV_01996
ACC_001831,funding,CARD_01924
ACC_001831,ip,IP_01897
ACC_001831,phone,PHN_02034
ACC_001832,device,DEV_01997
ACC_001832,funding,CARD_01925
ACC_001832,ip,IP_01898
ACC_001832,phone,PHN_02035
ACC_001833,device,DEV_01998
ACC_001833,funding,CARD_01926
ACC_001833,ip,IP_01899
ACC_001833,phone,PHN_02036
ACC_001834,device,DEV_01999
ACC_001834,funding,CARD_01927
ACC_001834,ip,IP_01900
ACC_001834,phone,PHN_02037
ACC_001835,device,DEV_02000
ACC_001835,funding,CARD_01928
ACC_001835,ip,IP_01901
ACC_001835,phone,PHN_02038
ACC_001836,device,DEV_02001
ACC_001836,funding,CARD_01929
ACC_001836,ip,IP_01902
ACC_001836,phone,PHN_02039
ACC_001837,device,DEV_02002
ACC_001837,funding,CARD_01930
ACC_001837,ip,IP_01903
ACC_001837,phone,PHN_02040
ACC_001838,device,DEV_02003
ACC_001838,funding,CARD_01931
ACC_001838,ip,IP_01904
ACC_001838,phone,PHN_02041
ACC_001839,device,DEV_02004
ACC_001839,funding,CARD_01932
ACC_001839,ip,IP_01905
ACC_001839,phone,PHN_02042
ACC_001840,device,DEV_02005
ACC_001840,funding,CARD_01933
ACC_001840,ip,IP_01906
ACC_001840,phone,PHN_02043
ACC_001841,device,DEV_02006
ACC_001841,funding,CARD_01934
ACC_001841,ip,IP_01907
ACC_001841,phone,PHN_02044
ACC_001842,device,DEV_02007
ACC_001842,funding,CARD_01935
ACC_001842,ip,IP_01908
ACC_001842,phone,PHN_02045
ACC_001843,device,DEV_02008
ACC_001843,funding,CARD_01936
ACC_001843,ip,IP_01909
ACC_001843,phone,PHN_02046
ACC_001844,device,DEV_02009
ACC_001844,funding,CARD_01937
ACC_001844,ip,IP_01910
ACC_001844,phone,PHN_02047
ACC_001845,device,DEV_02010
ACC_001845,funding,CARD_01938
ACC_001845,ip,IP_01911
ACC_001845,phone,PHN_02048
ACC_001846,device,DEV_02011
ACC_001846,funding,CARD_01939
ACC_001846,ip,IP_01912
ACC_001846,phone,PHN_02049
ACC_001847,device,DEV_02012
ACC_001847,funding,CARD_01940
ACC_001847,ip,IP_01913
ACC_001847,phone,PHN_02050
ACC_001848,device,DEV_02013
ACC_001848,funding,CARD_01941
ACC_001848,ip,IP_01914
ACC_001848,phone,PHN_02051
ACC_001849,device,DEV_02014
ACC_001849,funding,CARD_01942
ACC_001849,ip,IP_01915
ACC_001849,phone,PHN_02052
ACC_001850,device,DEV_02015
ACC_001850,funding,CARD_01943
ACC_001850,ip,IP_01916
ACC_001850,phone,PHN_02053
ACC_001851,device,DEV_02016
ACC_001851,funding,CARD_01944
ACC_001851,ip,IP_01917
ACC_001851,phone,PHN_02054
ACC_001852,device,DEV_02017
ACC_001852,funding,CARD_01945
ACC_001852,ip,IP_01918
ACC_001852,phone,PHN_02055
ACC_001853,device,DEV_02018
ACC_001853,funding,CARD_01946
ACC_001853,ip,IP_01919
ACC_001853,phone,PHN_02056
ACC_001854,device,DEV_02019
ACC_001854,funding,CARD_01947
ACC_001854,ip,IP_02692
ACC_001854,phone,PHN_02057
ACC_001855,device,DEV_02020
ACC_001855,funding,CARD_01948
ACC_001855,ip,IP_01921
ACC_001855,phone,PHN_02058
ACC_001856,device,DEV_02021
ACC_001856,funding,CARD_01949
ACC_001856,ip,IP_01922
ACC_001856,phone,PHN_02059
ACC_001857,device,DEV_02022
ACC_001857,funding,CARD_01950
ACC_001857,ip,IP_01923
ACC_001857,phone,PHN_02060
ACC_001858,device,DEV_02023
ACC_001858,funding,CARD_01951
ACC_001858,ip,IP_01924
ACC_001858,phone,PHN_02061
ACC_001859,device,DEV_02024
ACC_001859,funding,CARD_01952
ACC_001859,ip,IP_01925
ACC_001859,phone,PHN_02062
ACC_001860,device,DEV_02025
ACC_001860,funding,CARD_01953
ACC_001860,ip,IP_01926
ACC_001860,phone,PHN_02063
ACC_001861,device,DEV_02026
ACC_001861,funding,CARD_01954
ACC_001861,ip,IP_01927
ACC_001861,phone,PHN_02064
ACC_001862,device,DEV_02027
ACC_001862,funding,CARD_01955
ACC_001862,ip,IP_01928
ACC_001862,phone,PHN_02065
ACC_001863,device,DEV_02028
ACC_001863,funding,CARD_01956
ACC_001863,ip,IP_01929
ACC_001863,phone,PHN_02066
ACC_001864,device,DEV_02029
ACC_001864,funding,CARD_01957
ACC_001864,ip,IP_01930
ACC_001864,phone,PHN_02067
ACC_001865,device,DEV_02030
ACC_001865,funding,CARD_01958
ACC_001865,ip,IP_01931
ACC_001865,phone,PHN_02068
ACC_001866,device,DEV_02031
ACC_001866,funding,CARD_01959
ACC_001866,ip,IP_01932
ACC_001866,phone,PHN_02069
ACC_001867,device,DEV_02032
ACC_001867,funding,CARD_01960
ACC_001867,ip,IP_01933
ACC_001867,phone,PHN_02070
ACC_001868,device,DEV_02033
ACC_001868,funding,CARD_01961
ACC_001868,ip,IP_01934
ACC_001868,phone,PHN_02071
ACC_001869,device,DEV_02034
ACC_001869,funding,CARD_01962
ACC_001869,ip,IP_01935
ACC_001869,phone,PHN_02072
ACC_001870,device,DEV_02035
ACC_001870,funding,CARD_01963
ACC_001870,ip,IP_01936
ACC_001870,phone,PHN_02073
ACC_001871,device,DEV_02036
ACC_001871,funding,CARD_01964
ACC_001871,ip,IP_01937
ACC_001871,phone,PHN_02074
ACC_001872,device,DEV_02037
ACC_001872,funding,CARD_01965
ACC_001872,ip,IP_01938
ACC_001872,phone,PHN_02075
ACC_001873,device,DEV_02038
ACC_001873,funding,CARD_01966
ACC_001873,ip,IP_01939
ACC_001873,phone,PHN_02076
ACC_001874,device,DEV_02039
ACC_001874,funding,CARD_01967
ACC_001874,ip,IP_01940
ACC_001874,phone,PHN_02077
ACC_001875,device,DEV_02040
ACC_001875,funding,CARD_01968
ACC_001875,ip,IP_01941
ACC_001875,phone,PHN_02078
ACC_001876,device,DEV_02041
ACC_001876,funding,CARD_01969
ACC_001876,ip,IP_01942
ACC_001876,phone,PHN_02079
ACC_001877,device,DEV_02042
ACC_001877,funding,CARD_01970
ACC_001877,ip,IP_01943
ACC_001877,phone,PHN_02080
ACC_001878,device,DEV_02043
ACC_001878,funding,CARD_01971
ACC_001878,ip,IP_01944
ACC_001878,phone,PHN_02081
ACC_001879,device,DEV_02044
ACC_001879,funding,CARD_01972
ACC_001879,ip,IP_01945
ACC_001879,phone,PHN_02082
ACC_001880,device,DEV_02045
ACC_001880,funding,CARD_01973
ACC_001880,ip,IP_01946
ACC_001880,phone,PHN_02083
ACC_001881,device,DEV_02046
ACC_001881,funding,CARD_01974
ACC_001881,ip,IP_01947
ACC_001881,phone,PHN_02084
ACC_001882,device,DEV_02047
ACC_001882,funding,CARD_01975
ACC_001882,ip,IP_01948
ACC_001882,phone,PHN_02085
ACC_001883,device,DEV_02048
ACC_001883,funding,CARD_01976
ACC_001883,ip,IP_01949
ACC_001883,phone,PHN_02086
ACC_001884,device,DEV_02049
ACC_001884,funding,CARD_01977
ACC_001884,ip,IP_01950
ACC_001884,phone,PHN_02087
ACC_001885,device,DEV_02050
ACC_001885,funding,CARD_01978
ACC_001885,ip,IP_01951
ACC_001885,phone,PHN_02088
ACC_001886,device,DEV_02051
ACC_001886,funding,CARD_01979
ACC_001886,ip,IP_01952
ACC_001886,phone,PHN_02089
ACC_001887,device,DEV_02052
ACC_001887,funding,CARD_01980
ACC_001887,ip,IP_01953
ACC_001887,phone,PHN_02090
ACC_001888,device,DEV_02053
ACC_001888,funding,CARD_01981
ACC_001888,ip,IP_01954
ACC_001888,phone,PHN_02091
ACC_001889,device,DEV_02054
ACC_001889,funding,CARD_01982
ACC_001889,ip,IP_01955
ACC_001889,phone,PHN_02092
ACC_001890,device,DEV_02055
ACC_001890,funding,CARD_01983
ACC_001890,ip,IP_01956
ACC_001890,phone,PHN_02093
ACC_001891,device,DEV_02056
ACC_001891,funding,CARD_01984
ACC_001891,ip,IP_01957
ACC_001891,phone,PHN_02094
ACC_001892,device,DEV_02057
ACC_001892,funding,CARD_01985
ACC_001892,ip,IP_01958
ACC_001892,phone,PHN_02095
ACC_001893,device,DEV_02058
ACC_001893,funding,CARD_01986
ACC_001893,ip,IP_02693
ACC_001893,phone,PHN_02096
ACC_001894,device,DEV_02059
ACC_001894,funding,CARD_01987
ACC_001894,ip,IP_01960
ACC_001894,phone,PHN_02097
ACC_001895,device,DEV_02060
ACC_001895,funding,CARD_01988
ACC_001895,ip,IP_01961
ACC_001895,phone,PHN_02098
ACC_001896,device,DEV_02061
ACC_001896,funding,CARD_01989
ACC_001896,ip,IP_01962
ACC_001896,phone,PHN_02099
ACC_001897,device,DEV_02062
ACC_001897,funding,CARD_01990
ACC_001897,ip,IP_01963
ACC_001897,phone,PHN_02100
ACC_001898,device,DEV_02063
ACC_001898,funding,CARD_01991
ACC_001898,ip,IP_01964
ACC_001898,phone,PHN_02101
ACC_001899,device,DEV_02064
ACC_001899,funding,CARD_01992
ACC_001899,ip,IP_01965
ACC_001899,phone,PHN_02102
ACC_001900,device,DEV_02065
ACC_001900,funding,CARD_01993
ACC_001900,ip,IP_01966
ACC_001900,phone,PHN_02103
ACC_001901,device,DEV_02066
ACC_001901,funding,CARD_01994
ACC_001901,ip,IP_01967
ACC_001901,phone,PHN_02104
ACC_001902,device,DEV_02067
ACC_001902,funding,CARD_01995
ACC_001902,ip,IP_01968
ACC_001902,phone,PHN_02105
ACC_001903,device,DEV_02068
ACC_001903,funding,CARD_01996
ACC_001903,ip,IP_01969
ACC_001903,phone,PHN_02106
ACC_001904,device,DEV_02069
ACC_001904,funding,CARD_01997
ACC_001904,ip,IP_01970
ACC_001904,phone,PHN_02107
ACC_001905,device,DEV_02070
ACC_001905,funding,CARD_01998
ACC_001905,ip,IP_01971
ACC_001905,phone,PHN_02108
ACC_001906,device,DEV_02071
ACC_001906,funding,CARD_01999
ACC_001906,ip,IP_01972
ACC_001906,phone,PHN_02109
ACC_001907,device,DEV_02072
ACC_001907,funding,CARD_02000
ACC_001907,ip,IP_01973
ACC_001907,phone,PHN_02110
ACC_001908,device,DEV_02073
ACC_001908,funding,CARD_02001
ACC_001908,ip,IP_01974
ACC_001908,phone,PHN_02111
ACC_001909,device,DEV_02074
ACC_001909,funding,CARD_02002
ACC_001909,ip,IP_01975
ACC_001909,phone,PHN_02112
ACC_001910,device,DEV_02075
ACC_001910,funding,CARD_02003
ACC_001910,ip,IP_01976
ACC_001910,phone,PHN_02113
ACC_001911,device,DEV_02076
ACC_001911,funding,CARD_02004
ACC_001911,ip,IP_01977
ACC_001911,phone,PHN_02114
ACC_001912,device,DEV_02077
ACC_001912,funding,CARD_02005
ACC_001912,ip,IP_01978
ACC_001912,phone,PHN_02115
ACC_001913,device,DEV_02078
ACC_001913,funding,CARD_02006
ACC_001913,ip,IP_01979
ACC_001913,phone,PHN_02116
ACC_001914,device,DEV_02079
ACC_001914,funding,CARD_02007
ACC_001914,ip,IP_01980
ACC_001914,phone,PHN_02117
ACC_001915,device,DEV_02080
ACC_001915,funding,CARD_02008
ACC_001915,ip,IP_02694
ACC_001915,phone,PHN_02118
ACC_001916,device,DEV_02081
ACC_001916,funding,CARD_02009
ACC_001916,ip,IP_01982
ACC_001916,phone,PHN_02119
ACC_001917,device,DEV_02082
ACC_001917,funding,CARD_02010
ACC_001917,ip,IP_02695
ACC_001917,phone,PHN_02120
ACC_001918,device,DEV_02083
ACC_001918,funding,CARD_02011
ACC_001918,ip,IP_01984
ACC_001918,phone,PHN_02121
ACC_001919,device,DEV_02084
ACC_001919,funding,CARD_02012
ACC_001919,ip,IP_01985
ACC_001919,phone,PHN_02122
ACC_001920,device,DEV_02085
ACC_001920,funding,CARD_02013
ACC_001920,ip,IP_01986
ACC_001920,phone,PHN_02123
ACC_001921,device,DEV_02086
ACC_001921,funding,CARD_02014
ACC_001921,ip,IP_01987
ACC_001921,phone,PHN_02124
ACC_001922,device,DEV_02087
ACC_001922,funding,CARD_02015
ACC_001922,ip,IP_01988
ACC_001922,phone,PHN_02125
ACC_001923,device,DEV_02088
ACC_001923,funding,CARD_02016
ACC_001923,ip,IP_01989
ACC_001923,phone,PHN_02126
ACC_001924,device,DEV_02089
ACC_001924,funding,CARD_02017
ACC_001924,ip,IP_01990
ACC_001924,phone,PHN_02127
ACC_001925,device,DEV_02090
ACC_001925,funding,CARD_02018
ACC_001925,ip,IP_01991
ACC_001925,phone,PHN_02128
ACC_001926,device,DEV_02091
ACC_001926,funding,CARD_02019
ACC_001926,ip,IP_01992
ACC_001926,phone,PHN_02129
ACC_001927,device,DEV_02092
ACC_001927,funding,CARD_02020
ACC_001927,ip,IP_01993
ACC_001927,phone,PHN_02130
ACC_001928,device,DEV_02093
ACC_001928,funding,CARD_02021
ACC_001928,ip,IP_01994
ACC_001928,phone,PHN_02131
ACC_001929,device,DEV_02094
ACC_001929,funding,CARD_02022
ACC_001929,ip,IP_01995
ACC_001929,phone,PHN_02132
ACC_001930,device,DEV_02095
ACC_001930,funding,CARD_02023
ACC_001930,ip,IP_01996
ACC_001930,phone,PHN_02133
ACC_001931,device,DEV_02096
ACC_001931,funding,CARD_02024
ACC_001931,ip,IP_01997
ACC_001931,phone,PHN_02134
ACC_001932,device,DEV_02097
ACC_001932,funding,CARD_02025
ACC_001932,ip,IP_01998
ACC_001932,phone,PHN_02135
ACC_001933,device,DEV_02098
ACC_001933,funding,CARD_02026
ACC_001933,ip,IP_01999
ACC_001933,phone,PHN_02136
ACC_001934,device,DEV_02099
ACC_001934,funding,CARD_02027
ACC_001934,ip,IP_02000
ACC_001934,phone,PHN_02137
ACC_001935,device,DEV_02100
ACC_001935,funding,CARD_02028
ACC_001935,ip,IP_02001
ACC_001935,phone,PHN_02138
ACC_001936,device,DEV_02101
ACC_001936,funding,CARD_02029
ACC_001936,ip,IP_02002
ACC_001936,phone,PHN_02139
ACC_001937,device,DEV_02102
ACC_001937,funding,CARD_02030
ACC_001937,ip,IP_02003
ACC_001937,phone,PHN_02140
ACC_001938,device,DEV_02103
ACC_001938,funding,CARD_02031
ACC_001938,ip,IP_02004
ACC_001938,phone,PHN_02141
ACC_001939,device,DEV_02104
ACC_001939,funding,CARD_02032
ACC_001939,ip,IP_02005
ACC_001939,phone,PHN_02142
ACC_001940,device,DEV_02105
ACC_001940,funding,CARD_02033
ACC_001940,ip,IP_02006
ACC_001940,phone,PHN_02143
ACC_001941,device,DEV_02106
ACC_001941,funding,CARD_02034
ACC_001941,ip,IP_02007
ACC_001941,phone,PHN_02144
ACC_001942,device,DEV_02107
ACC_001942,funding,CARD_02035
ACC_001942,ip,IP_02008
ACC_001942,phone,PHN_02145
ACC_001943,device,DEV_02108
ACC_001943,funding,CARD_02036
ACC_001943,ip,IP_02009
ACC_001943,phone,PHN_02146
ACC_001944,device,DEV_02109
ACC_001944,funding,CARD_02037
ACC_001944,ip,IP_02010
ACC_001944,phone,PHN_02147
ACC_001945,device,DEV_02110
ACC_001945,funding,CARD_02038
ACC_001945,ip,IP_02011
ACC_001945,phone,PHN_02148
ACC_001946,device,DEV_02111
ACC_001946,funding,CARD_02039
ACC_001946,ip,IP_02012
ACC_001946,phone,PHN_02149
ACC_001947,device,DEV_02112
ACC_001947,funding,CARD_02040
ACC_001947,ip,IP_02013
ACC_001947,phone,PHN_02150
ACC_001948,device,DEV_02113
ACC_001948,funding,CARD_02041
ACC_001948,ip,IP_02014
ACC_001948,phone,PHN_02151
ACC_001949,device,DEV_02114
ACC_001949,funding,CARD_02042
ACC_001949,ip,IP_02015
ACC_001949,phone,PHN_02152
ACC_001950,device,DEV_02115
ACC_001950,funding,CARD_02043
ACC_001950,ip,IP_02016
ACC_001950,phone,PHN_02153
ACC_001951,device,DEV_02116
ACC_001951,funding,CARD_02044
ACC_001951,ip,IP_02017
ACC_001951,phone,PHN_02154
ACC_001952,device,DEV_02117
ACC_001952,funding,CARD_02045
ACC_001952,ip,IP_02018
ACC_001952,phone,PHN_02155
ACC_001953,device,DEV_02118
ACC_001953,funding,CARD_02046
ACC_001953,ip,IP_02019
ACC_001953,phone,PHN_02156
ACC_001954,device,DEV_02119
ACC_001954,funding,CARD_02047
ACC_001954,ip,IP_02020
ACC_001954,phone,PHN_02157
ACC_001955,device,DEV_02120
ACC_001955,funding,CARD_02048
ACC_001955,ip,IP_02021
ACC_001955,phone,PHN_02158
ACC_001956,device,DEV_02121
ACC_001956,funding,CARD_02049
ACC_001956,ip,IP_02022
ACC_001956,phone,PHN_02159
ACC_001957,device,DEV_02122
ACC_001957,funding,CARD_02050
ACC_001957,ip,IP_02023
ACC_001957,phone,PHN_02160
ACC_001958,device,DEV_02123
ACC_001958,funding,CARD_02051
ACC_001958,ip,IP_02024
ACC_001958,phone,PHN_02161
ACC_001959,device,DEV_02124
ACC_001959,funding,CARD_02052
ACC_001959,ip,IP_02025
ACC_001959,phone,PHN_02162
ACC_001960,device,DEV_02125
ACC_001960,funding,CARD_02053
ACC_001960,ip,IP_02026
ACC_001960,phone,PHN_02163
ACC_001961,device,DEV_02126
ACC_001961,funding,CARD_02054
ACC_001961,ip,IP_02027
ACC_001961,phone,PHN_02164
ACC_001962,device,DEV_02127
ACC_001962,funding,CARD_02055
ACC_001962,ip,IP_02028
ACC_001962,phone,PHN_02165
ACC_001963,device,DEV_02128
ACC_001963,funding,CARD_02056
ACC_001963,ip,IP_02029
ACC_001963,phone,PHN_02166
ACC_001964,device,DEV_02129
ACC_001964,funding,CARD_02057
ACC_001964,ip,IP_02030
ACC_001964,phone,PHN_02167
ACC_001965,device,DEV_02130
ACC_001965,funding,CARD_02058
ACC_001965,ip,IP_02695
ACC_001965,phone,PHN_02168
ACC_001966,device,DEV_02131
ACC_001966,funding,CARD_02059
ACC_001966,ip,IP_02032
ACC_001966,phone,PHN_02169
ACC_001967,device,DEV_02132
ACC_001967,funding,CARD_02060
ACC_001967,ip,IP_02033
ACC_001967,phone,PHN_02170
ACC_001968,device,DEV_02133
ACC_001968,funding,CARD_02061
ACC_001968,ip,IP_02034
ACC_001968,phone,PHN_02171
ACC_001969,device,DEV_02134
ACC_001969,funding,CARD_02062
ACC_001969,ip,IP_02035
ACC_001969,phone,PHN_02172
ACC_001970,device,DEV_02135
ACC_001970,funding,CARD_02063
ACC_001970,ip,IP_02694
ACC_001970,phone,PHN_02173
ACC_001971,device,DEV_02136
ACC_001971,funding,CARD_02064
ACC_001971,ip,IP_02037
ACC_001971,phone,PHN_02174
ACC_001972,device,DEV_02137
ACC_001972,funding,CARD_02065
ACC_001972,ip,IP_02038
ACC_001972,phone,PHN_02175
ACC_001973,device,DEV_02138
ACC_001973,funding,CARD_02066
ACC_001973,ip,IP_02039
ACC_001973,phone,PHN_02176
ACC_001974,device,DEV_02139
ACC_001974,funding,CARD_02067
ACC_001974,ip,IP_02040
ACC_001974,phone,PHN_02177
ACC_001975,device,DEV_02140
ACC_001975,funding,CARD_02068
ACC_001975,ip,IP_02041
ACC_001975,phone,PHN_02178
ACC_001976,device,DEV_02141
ACC_001976,funding,CARD_02069
ACC_001976,ip,IP_02042
ACC_001976,phone,PHN_02179
ACC_001977,device,DEV_02142
ACC_001977,funding,CARD_02070
ACC_001977,ip,IP_02043
ACC_001977,phone,PHN_02180
ACC_001978,device,DEV_02143
ACC_001978,funding,CARD_02071
ACC_001978,ip,IP_02044
ACC_001978,phone,PHN_02181
ACC_001979,device,DEV_02144
ACC_001979,funding,CARD_02072
ACC_001979,ip,IP_02045
ACC_001979,phone,PHN_02182
ACC_001980,device,DEV_02145
ACC_001980,funding,CARD_02073
ACC_001980,ip,IP_02046
ACC_001980,phone,PHN_02183
ACC_001981,device,DEV_02146
ACC_001981,funding,CARD_02074
ACC_001981,ip,IP_02047
ACC_001981,phone,PHN_02184
ACC_001982,device,DEV_02147
ACC_001982,funding,CARD_02075
ACC_001982,ip,IP_02048
ACC_001982,phone,PHN_02185
ACC_001983,device,DEV_02148
ACC_001983,funding,CARD_02076
ACC_001983,ip,IP_02049
ACC_001983,phone,PHN_02186
ACC_001984,device,DEV_02149
ACC_001984,funding,CARD_02077
ACC_001984,ip,IP_02050
ACC_001984,phone,PHN_02187
ACC_001985,device,DEV_02150
ACC_001985,funding,CARD_02078
ACC_001985,ip,IP_02051
ACC_001985,phone,PHN_02188
ACC_001986,device,DEV_02151
ACC_001986,funding,CARD_02079
ACC_001986,ip,IP_02052
ACC_001986,phone,PHN_02189
ACC_001987,device,DEV_02152
ACC_001987,funding,CARD_02080
ACC_001987,ip,IP_02053
ACC_001987,phone,PHN_02190
ACC_001988,device,DEV_02153
ACC_001988,funding,CARD_02081
ACC_001988,ip,IP_02692
ACC_001988,phone,PHN_02191
ACC_001989,device,DEV_02154
ACC_001989,funding,CARD_02082
ACC_001989,ip,IP_02055
ACC_001989,phone,PHN_02192
ACC_001990,device,DEV_02155
ACC_001990,funding,CARD_02083
ACC_001990,ip,IP_02056
ACC_001990,phone,PHN_02193
ACC_001991,device,DEV_02156
ACC_001991,funding,CARD_02084
ACC_001991,ip,IP_02057
ACC_001991,phone,PHN_02194
ACC_001992,device,DEV_02157
ACC_001992,funding,CARD_02085
ACC_001992,ip,IP_02058
ACC_001992,phone,PHN_02195
ACC_001993,device,DEV_02158
ACC_001993,funding,CARD_02086
ACC_001993,ip,IP_02059
ACC_001993,phone,PHN_02196
ACC_001994,device,DEV_02159
ACC_001994,funding,CARD_02087
ACC_001994,ip,IP_02060
ACC_001994,phone,PHN_02197
ACC_001995,device,DEV_02160
ACC_001995,funding,CARD_02088
ACC_001995,ip,IP_02061
ACC_001995,phone,PHN_02198
ACC_001996,device,DEV_02161
ACC_001996,funding,CARD_02089
ACC_001996,ip,IP_02062
ACC_001996,phone,PHN_02199
ACC_001997,device,DEV_02162
ACC_001997,funding,CARD_02090
ACC_001997,ip,IP_02063
ACC_001997,phone,PHN_02200
ACC_001998,device,DEV_02163
ACC_001998,funding,CARD_02091
ACC_001998,ip,IP_02064
ACC_001998,phone,PHN_02201
ACC_001999,device,DEV_02164
ACC_001999,funding,CARD_02092
ACC_001999,ip,IP_02065
ACC_001999,phone,PHN_02202
ACC_002000,device,DEV_02165
ACC_002000,funding,CARD_02093
ACC_002000,ip,IP_02066
ACC_002000,phone,PHN_02203
ACC_002001,device,DEV_02166
ACC_002001,funding,CARD_02094
ACC_002001,ip,IP_02067
ACC_002001,phone,PHN_02204
ACC_002002,device,DEV_02167
ACC_002002,funding,CARD_02095
ACC_002002,ip,IP_02068
ACC_002002,phone,PHN_02205
ACC_002003,device,DEV_02168
ACC_002003,funding,CARD_02096
ACC_002003,ip,IP_02069
ACC_002003,phone,PHN_02206
ACC_002004,device,DEV_02169
ACC_002004,funding,CARD_02097
ACC_002004,ip,IP_02070
ACC_002004,phone,PHN_02207
ACC_002005,device,DEV_02170
ACC_002005,funding,CARD_02098
ACC_002005,ip,IP_02071
ACC_002005,phone,PHN_02208
ACC_002006,device,DEV_02171
ACC_002006,funding,CARD_02099
ACC_002006,ip,IP_02072
ACC_002006,phone,PHN_02209
ACC_002007,device,DEV_02172
ACC_002007,funding,CARD_02100
ACC_002007,ip,IP_02073
ACC_002007,phone,PHN_02210
ACC_002008,device,DEV_02173
ACC_002008,funding,CARD_02101
ACC_002008,ip,IP_02074
ACC_002008,phone,PHN_02211
ACC_002009,device,DEV_02174
ACC_002009,funding,CARD_02102
ACC_002009,ip,IP_02075
ACC_002009,phone,PHN_02212
ACC_002010,device,DEV_02175
ACC_002010,funding,CARD_02103
ACC_002010,ip,IP_02076
ACC_002010,phone,PHN_02213
ACC_002011,device,DEV_02176
ACC_002011,funding,CARD_02104
ACC_002011,ip,IP_02077
ACC_002011,phone,PHN_02214
ACC_002012,device,DEV_02177
ACC_002012,funding,CARD_02105
ACC_002012,ip,IP_02078
ACC_002012,phone,PHN_02215
ACC_002013,device,DEV_02178
ACC_002013,funding,CARD_02106
ACC_002013,ip,IP_02079
ACC_002013,phone,PHN_02216
ACC_002014,device,DEV_02179
ACC_002014,funding,CARD_02107
ACC_002014,ip,IP_02080
ACC_002014,phone,PHN_02217
ACC_002015,device,DEV_02180
ACC_002015,funding,CARD_02108
ACC_002015,ip,IP_02081
ACC_002015,phone,PHN_02218
ACC_002016,device,DEV_02181
ACC_002016,funding,CARD_02109
ACC_002016,ip,IP_02082
ACC_002016,phone,PHN_02219
ACC_002017,device,DEV_02182
ACC_002017,funding,CARD_02110
ACC_002017,ip,IP_02083
ACC_002017,phone,PHN_02220
ACC_002018,device,DEV_02183
ACC_002018,funding,CARD_02111
ACC_002018,ip,IP_02084
ACC_002018,phone,PHN_02221
ACC_002019,device,DEV_02184
ACC_002019,funding,CARD_02112
ACC_002019,ip,IP_02085
ACC_002019,phone,PHN_02222
ACC_002020,device,DEV_02185
ACC_002020,funding,CARD_02113
ACC_002020,ip,IP_02086
ACC_002020,phone,PHN_02223
ACC_002021,device,DEV_02186
ACC_002021,funding,CARD_02114
ACC_002021,ip,IP_02087
ACC_002021,phone,PHN_02224
ACC_002022,device,DEV_02187
ACC_002022,funding,CARD_02115
ACC_002022,ip,IP_02088
ACC_002022,phone,PHN_02225
ACC_002023,device,DEV_02188
ACC_002023,funding,CARD_02116
ACC_002023,ip,IP_02089
ACC_002023,phone,PHN_02226
ACC_002024,device,DEV_02189
ACC_002024,funding,CARD_02117
ACC_002024,ip,IP_02090
ACC_002024,phone,PHN_02227
ACC_002025,device,DEV_02190
ACC_002025,funding,CARD_02118
ACC_002025,ip,IP_02091
ACC_002025,phone,PHN_02228
ACC_002026,device,DEV_02191
ACC_002026,funding,CARD_02119
ACC_002026,ip,IP_02092
ACC_002026,phone,PHN_02229
ACC_002027,device,DEV_02192
ACC_002027,funding,CARD_02120
ACC_002027,ip,IP_02093
ACC_002027,phone,PHN_02230
ACC_002028,device,DEV_02193
ACC_002028,funding,CARD_02121
ACC_002028,ip,IP_02094
ACC_002028,phone,PHN_02231
ACC_002029,device,DEV_02194
ACC_002029,funding,CARD_02122
ACC_002029,ip,IP_02095
ACC_002029,phone,PHN_02232
ACC_002030,device,DEV_02195
ACC_002030,funding,CARD_02123
ACC_002030,ip,IP_02096
ACC_002030,phone,PHN_02233
ACC_002031,device,DEV_02196
ACC_002031,funding,CARD_02124
ACC_002031,ip,IP_02097
ACC_002031,phone,PHN_02234
ACC_002032,device,DEV_02197
ACC_002032,funding,CARD_02125
ACC_002032,ip,IP_02098
ACC_002032,phone,PHN_02235
ACC_002033,device,DEV_02198
ACC_002033,funding,CARD_02126
ACC_002033,ip,IP_02099
ACC_002033,phone,PHN_02236
ACC_002034,device,DEV_02199
ACC_002034,funding,CARD_02127
ACC_002034,ip,IP_02100
ACC_002034,phone,PHN_02237
ACC_002035,device,DEV_02200
ACC_002035,funding,CARD_02128
ACC_002035,ip,IP_02101
ACC_002035,phone,PHN_02238
ACC_002036,device,DEV_02201
ACC_002036,funding,CARD_02129
ACC_002036,ip,IP_02102
ACC_002036,phone,PHN_02239
ACC_002037,device,DEV_02202
ACC_002037,funding,CARD_02130
ACC_002037,ip,IP_02103
ACC_002037,phone,PHN_02240
ACC_002038,device,DEV_02203
ACC_002038,funding,CARD_02131
ACC_002038,ip,IP_02104
ACC_002038,phone,PHN_02241
ACC_002039,device,DEV_02204
ACC_002039,funding,CARD_02132
ACC_002039,ip,IP_02105
ACC_002039,phone,PHN_02242
ACC_002040,device,DEV_02205
ACC_002040,funding,CARD_02133
ACC_002040,ip,IP_02106
ACC_002040,phone,PHN_02243
ACC_002041,device,DEV_02206
ACC_002041,funding,CARD_02134
ACC_002041,ip,IP_02107
ACC_002041,phone,PHN_02244
ACC_002042,device,DEV_02207
ACC_002042,funding,CARD_02135
ACC_002042,ip,IP_02108
ACC_002042,phone,PHN_02245
ACC_002043,device,DEV_02208
ACC_002043,funding,CARD_02136
ACC_002043,ip,IP_02109
ACC_002043,phone,PHN_02246
ACC_002044,device,DEV_02209
ACC_002044,funding,CARD_02137
ACC_002044,ip,IP_02110
ACC_002044,phone,PHN_02247
ACC_002045,device,DEV_02210
ACC_002045,funding,CARD_02138
ACC_002045,ip,IP_02111
ACC_002045,phone,PHN_02248
ACC_002046,device,DEV_02211
ACC_002046,funding,CARD_02139
ACC_002046,ip,IP_02112
ACC_002046,phone,PHN_02249
ACC_002047,device,DEV_02212
ACC_002047,funding,CARD_02140
ACC_002047,ip,IP_02693
ACC_002047,phone,PHN_02250
ACC_002048,device,DEV_02213
ACC_002048,funding,CARD_02141
ACC_002048,ip,IP_02114
ACC_002048,phone,PHN_02251
ACC_002049,device,DEV_02214
ACC_002049,funding,CARD_02142
ACC_002049,ip,IP_02115
ACC_002049,phone,PHN_02252
ACC_002050,device,DEV_02215
ACC_002050,funding,CARD_02143
ACC_002050,ip,IP_02116
ACC_002050,phone,PHN_02253
ACC_002051,device,DEV_02216
ACC_002051,funding,CARD_02144
ACC_002051,ip,IP_02117
ACC_002051,phone,PHN_02254
ACC_002052,device,DEV_02217
ACC_002052,funding,CARD_02145
ACC_002052,ip,IP_02118
ACC_002052,phone,PHN_02255
ACC_002053,device,DEV_02218
ACC_002053,funding,CARD_02146
ACC_002053,ip,IP_02119
ACC_002053,phone,PHN_02256
ACC_002054,device,DEV_02219
ACC_002054,funding,CARD_02147
ACC_002054,ip,IP_02120
ACC_002054,phone,PHN_02257
ACC_002055,device,DEV_02220
ACC_002055,funding,CARD_02148
ACC_002055,ip,IP_02121
ACC_002055,phone,PHN_02258
ACC_002056,device,DEV_02221
ACC_002056,funding,CARD_02149
ACC_002056,ip,IP_02122
ACC_002056,phone,PHN_02259
ACC_002057,device,DEV_02222
ACC_002057,funding,CARD_02150
ACC_002057,ip,IP_02123
ACC_002057,phone,PHN_02260
ACC_002058,device,DEV_02223
ACC_002058,funding,CARD_02151
ACC_002058,ip,IP_02124
ACC_002058,phone,PHN_02261
ACC_002059,device,DEV_02224
ACC_002059,funding,CARD_02152
ACC_002059,ip,IP_02125
ACC_002059,phone,PHN_02262
ACC_002060,device,DEV_02225
ACC_002060,funding,CARD_02153
ACC_002060,ip,IP_02126
ACC_002060,phone,PHN_02263
ACC_002061,device,DEV_02226
ACC_002061,funding,CARD_02154
ACC_002061,ip,IP_02127
ACC_002061,phone,PHN_02264
ACC_002062,device,DEV_02227
ACC_002062,funding,CARD_02155
ACC_002062,ip,IP_02128
ACC_002062,phone,PHN_02265
ACC_002063,device,DEV_02228
ACC_002063,funding,CARD_02156
ACC_002063,ip,IP_02129
ACC_002063,phone,PHN_02266
ACC_002064,device,DEV_02229
ACC_002064,funding,CARD_02157
ACC_002064,ip,IP_02130
ACC_002064,phone,PHN_02267
ACC_002065,device,DEV_02230
ACC_002065,funding,CARD_02158
ACC_002065,ip,IP_02131
ACC_002065,phone,PHN_02268
ACC_002066,device,DEV_02231
ACC_002066,funding,CARD_02159
ACC_002066,ip,IP_02132
ACC_002066,phone,PHN_02269
ACC_002067,device,DEV_02232
ACC_002067,funding,CARD_02160
ACC_002067,ip,IP_02133
ACC_002067,phone,PHN_02270
ACC_002068,device,DEV_02233
ACC_002068,funding,CARD_02161
ACC_002068,ip,IP_02134
ACC_002068,phone,PHN_02271
ACC_002069,device,DEV_02234
ACC_002069,funding,CARD_02162
ACC_002069,ip,IP_02135
ACC_002069,phone,PHN_02272
ACC_002070,device,DEV_02235
ACC_002070,funding,CARD_02163
ACC_002070,ip,IP_02136
ACC_002070,phone,PHN_02273
ACC_002071,device,DEV_02236
ACC_002071,funding,CARD_02164
ACC_002071,ip,IP_02137
ACC_002071,phone,PHN_02274
ACC_002072,device,DEV_02237
ACC_002072,funding,CARD_02165
ACC_002072,ip,IP_02138
ACC_002072,phone,PHN_02275
ACC_002073,device,DEV_02238
ACC_002073,funding,CARD_02166
ACC_002073,ip,IP_02139
ACC_002073,phone,PHN_02276
ACC_002074,device,DEV_02239
ACC_002074,funding,CARD_02167
ACC_002074,ip,IP_02140
ACC_002074,phone,PHN_02277
ACC_002075,device,DEV_02240
ACC_002075,funding,CARD_02168
ACC_002075,ip,IP_02141
ACC_002075,phone,PHN_02278
ACC_002076,device,DEV_02241
ACC_002076,funding,CARD_02169
ACC_002076,ip,IP_02142
ACC_002076,phone,PHN_02279
ACC_002077,device,DEV_02242
ACC_002077,funding,CARD_02170
ACC_002077,ip,IP_02143
ACC_002077,phone,PHN_02280
ACC_002078,device,DEV_02243
ACC_002078,funding,CARD_02171
ACC_002078,ip,IP_02144
ACC_002078,phone,PHN_02281
ACC_002079,device,DEV_02244
ACC_002079,funding,CARD_02172
ACC_002079,ip,IP_02145
ACC_002079,phone,PHN_02282
ACC_002080,device,DEV_02245
ACC_002080,funding,CARD_02173
ACC_002080,ip,IP_02146
ACC_002080,phone,PHN_02283
ACC_002081,device,DEV_02246
ACC_002081,funding,CARD_02174
ACC_002081,ip,IP_02147
ACC_002081,phone,PHN_02284
ACC_002082,device,DEV_02247
ACC_002082,funding,CARD_02175
ACC_002082,ip,IP_02148
ACC_002082,phone,PHN_02285
ACC_002083,device,DEV_02248
ACC_002083,funding,CARD_02176
ACC_002083,ip,IP_02149
ACC_002083,phone,PHN_02286
ACC_002084,device,DEV_02249
ACC_002084,funding,CARD_02177
ACC_002084,ip,IP_02150
ACC_002084,phone,PHN_02287
ACC_002085,device,DEV_02250
ACC_002085,funding,CARD_02178
ACC_002085,ip,IP_02151
ACC_002085,phone,PHN_02288
ACC_002086,device,DEV_02251
ACC_002086,funding,CARD_02179
ACC_002086,ip,IP_02152
ACC_002086,phone,PHN_02289
ACC_002087,device,DEV_02252
ACC_002087,funding,CARD_02180
ACC_002087,ip,IP_02153
ACC_002087,phone,PHN_02290
ACC_002088,device,DEV_02253
ACC_002088,funding,CARD_02181
ACC_002088,ip,IP_02154
ACC_002088,phone,PHN_02291
ACC_002089,device,DEV_02254
ACC_002089,funding,CARD_02182
ACC_002089,ip,IP_02155
ACC_002089,phone,PHN_02292
ACC_002090,device,DEV_02255
ACC_002090,funding,CARD_02183
ACC_002090,ip,IP_02156
ACC_002090,phone,PHN_02293
ACC_002091,device,DEV_02256
ACC_002091,funding,CARD_02184
ACC_002091,ip,IP_02157
ACC_002091,phone,PHN_02294
ACC_002092,device,DEV_02257
ACC_002092,funding,CARD_02185
ACC_002092,ip,IP_02158
ACC_002092,phone,PHN_02295
ACC_002093,device,DEV_02258
ACC_002093,funding,CARD_02186
ACC_002093,ip,IP_02159
ACC_002093,phone,PHN_02296
ACC_002094,device,DEV_02259
ACC_002094,funding,CARD_02187
ACC_002094,ip,IP_02160
ACC_002094,phone,PHN_02297
ACC_002095,device,DEV_02260
ACC_002095,funding,CARD_02188
ACC_002095,ip,IP_02161
ACC_002095,phone,PHN_02298
ACC_002096,device,DEV_02261
ACC_002096,funding,CARD_02189
ACC_002096,ip,IP_02162
ACC_002096,phone,PHN_02299
ACC_002097,device,DEV_02262
ACC_002097,funding,CARD_02190
ACC_002097,ip,IP_02163
ACC_002097,phone,PHN_02300
ACC_002098,device,DEV_02263
ACC_002098,funding,CARD_02191
ACC_002098,ip,IP_02164
ACC_002098,phone,PHN_02301
ACC_002099,device,DEV_02264
ACC_002099,funding,CARD_02192
ACC_002099,ip,IP_02165
ACC_002099,phone,PHN_02302
ACC_002100,device,DEV_02265
ACC_002100,funding,CARD_02193
ACC_002100,ip,IP_02166
ACC_002100,phone,PHN_02303
ACC_002101,device,DEV_02266
ACC_002101,funding,CARD_02194
ACC_002101,ip,IP_02167
ACC_002101,phone,PHN_02304
ACC_002102,device,DEV_02267
ACC_002102,funding,CARD_02195
ACC_002102,ip,IP_02168
ACC_002102,phone,PHN_02305
ACC_002103,device,DEV_02268
ACC_002103,funding,CARD_02196
ACC_002103,ip,IP_02169
ACC_002103,phone,PHN_02306
ACC_002104,device,DEV_02269
ACC_002104,funding,CARD_02197
ACC_002104,ip,IP_02170
ACC_002104,phone,PHN_02307
ACC_002105,device,DEV_02270
ACC_002105,funding,CARD_02198
ACC_002105,ip,IP_02171
ACC_002105,phone,PHN_02308
ACC_002106,device,DEV_02271
ACC_002106,funding,CARD_02199
ACC_002106,ip,IP_02172
ACC_002106,phone,PHN_02309
ACC_002107,device,DEV_02272
ACC_002107,funding,CARD_02200
ACC_002107,ip,IP_02173
ACC_002107,phone,PHN_02310
ACC_002108,device,DEV_02273
ACC_002108,funding,CARD_02201
ACC_002108,ip,IP_02174
ACC_002108,phone,PHN_02311
ACC_002109,device,DEV_02274
ACC_002109,funding,CARD_02202
ACC_002109,ip,IP_02175
ACC_002109,phone,PHN_02312
ACC_002110,device,DEV_02275
ACC_002110,funding,CARD_02203
ACC_002110,ip,IP_02176
ACC_002110,phone,PHN_02313
ACC_002111,device,DEV_02276
ACC_002111,funding,CARD_02204
ACC_002111,ip,IP_02177
ACC_002111,phone,PHN_02314
ACC_002112,device,DEV_02277
ACC_002112,funding,CARD_02205
ACC_002112,ip,IP_02178
ACC_002112,phone,PHN_02315
ACC_002113,device,DEV_02278
ACC_002113,funding,CARD_02206
ACC_002113,ip,IP_02179
ACC_002113,phone,PHN_02316
ACC_002114,device,DEV_02279
ACC_002114,funding,CARD_02207
ACC_002114,ip,IP_02180
ACC_002114,phone,PHN_02317
ACC_002115,device,DEV_02280
ACC_002115,funding,CARD_02208
ACC_002115,ip,IP_02181
ACC_002115,phone,PHN_02318
ACC_002116,device,DEV_02281
ACC_002116,funding,CARD_02209
ACC_002116,ip,IP_02182
ACC_002116,phone,PHN_02319
ACC_002117,device,DEV_02282
ACC_002117,funding,CARD_02210
ACC_002117,ip,IP_02183
ACC_002117,phone,PHN_02320
ACC_002118,device,DEV_02283
ACC_002118,funding,CARD_02211
ACC_002118,ip,IP_02184
ACC_002118,phone,PHN_02321
ACC_002119,device,DEV_02284
ACC_002119,funding,CARD_02212
ACC_002119,ip,IP_02185
ACC_002119,phone,PHN_02322
ACC_002120,device,DEV_02285
ACC_002120,funding,CARD_02213
ACC_002120,ip,IP_02186
ACC_002120,phone,PHN_02323
ACC_002121,device,DEV_02286
ACC_002121,funding,CARD_02214
ACC_002121,ip,IP_02187
ACC_002121,phone,PHN_02324
ACC_002122,device,DEV_02287
ACC_002122,funding,CARD_02215
ACC_002122,ip,IP_02188
ACC_002122,phone,PHN_02325
ACC_002123,device,DEV_02288
ACC_002123,funding,CARD_02216
ACC_002123,ip,IP_02189
ACC_002123,phone,PHN_02326
ACC_002124,device,DEV_02289
ACC_002124,funding,CARD_02217
ACC_002124,ip,IP_02190
ACC_002124,phone,PHN_02327
ACC_002125,device,DEV_02290
ACC_002125,funding,CARD_02218
ACC_002125,ip,IP_02191
ACC_002125,phone,PHN_02328
ACC_002126,device,DEV_02291
ACC_002126,funding,CARD_02219
ACC_002126,ip,IP_02192
ACC_002126,phone,PHN_02329
ACC_002127,device,DEV_02292
ACC_002127,funding,CARD_02220
ACC_002127,ip,IP_02193
ACC_002127,phone,PHN_02330
ACC_002128,device,DEV_02293
ACC_002128,funding,CARD_02221
ACC_002128,ip,IP_02194
ACC_002128,phone,PHN_02331
ACC_002129,device,DEV_02294
ACC_002129,funding,CARD_02222
ACC_002129,ip,IP_02195
ACC_002129,phone,PHN_02332
ACC_002130,device,DEV_02295
ACC_002130,funding,CARD_02223
ACC_002130,ip,IP_02196
ACC_002130,phone,PHN_02333
ACC_002131,device,DEV_02296
ACC_002131,funding,CARD_02224
ACC_002131,ip,IP_02197
ACC_002131,phone,PHN_02334
ACC_002132,device,DEV_02297
ACC_002132,funding,CARD_02225
ACC_002132,ip,IP_02198
ACC_002132,phone,PHN_02335
ACC_002133,device,DEV_02298
ACC_002133,funding,CARD_02226
ACC_002133,ip,IP_02199
ACC_002133,phone,PHN_02336
ACC_002134,device,DEV_02299
ACC_002134,funding,CARD_02227
ACC_002134,ip,IP_02695
ACC_002134,phone,PHN_02337
ACC_002135,device,DEV_02300
ACC_002135,funding,CARD_02228
ACC_002135,ip,IP_02201
ACC_002135,phone,PHN_02338
ACC_002136,device,DEV_02301
ACC_002136,funding,CARD_02229
ACC_002136,ip,IP_02202
ACC_002136,phone,PHN_02339
ACC_002137,device,DEV_02302
ACC_002137,funding,CARD_02230
ACC_002137,ip,IP_02203
ACC_002137,phone,PHN_02340
ACC_002138,device,DEV_02303
ACC_002138,funding,CARD_02231
ACC_002138,ip,IP_02204
ACC_002138,phone,PHN_02341
ACC_002139,device,DEV_02304
ACC_002139,funding,CARD_02232
ACC_002139,ip,IP_02205
ACC_002139,phone,PHN_02342
ACC_002140,device,DEV_02305
ACC_002140,funding,CARD_02233
ACC_002140,ip,IP_02206
ACC_002140,phone,PHN_02343
ACC_002141,device,DEV_02306
ACC_002141,funding,CARD_02234
ACC_002141,ip,IP_02207
ACC_002141,phone,PHN_02344
ACC_002142,device,DEV_02307
ACC_002142,funding,CARD_02235
ACC_002142,ip,IP_02208
ACC_002142,phone,PHN_02345
ACC_002143,device,DEV_02308
ACC_002143,funding,CARD_02236
ACC_002143,ip,IP_02209
ACC_002143,phone,PHN_02346
ACC_002144,device,DEV_02309
ACC_002144,funding,CARD_02237
ACC_002144,ip,IP_02210
ACC_002144,phone,PHN_02347
ACC_002145,device,DEV_02310
ACC_002145,funding,CARD_02238
ACC_002145,ip,IP_02211
ACC_002145,phone,PHN_02348
ACC_002146,device,DEV_02311
ACC_002146,funding,CARD_02239
ACC_002146,ip,IP_02212
ACC_002146,phone,PHN_02349
ACC_002147,device,DEV_02312
ACC_002147,funding,CARD_02240
ACC_002147,ip,IP_02213
ACC_002147,phone,PHN_02350
ACC_002148,device,DEV_02313
ACC_002148,funding,CARD_02241
ACC_002148,ip,IP_02214
ACC_002148,phone,PHN_02351
ACC_002149,device,DEV_02314
ACC_002149,funding,CARD_02242
ACC_002149,ip,IP_02215
ACC_002149,phone,PHN_02352
ACC_002150,device,DEV_02315
ACC_002150,funding,CARD_02243
ACC_002150,ip,IP_02216
ACC_002150,phone,PHN_02353
ACC_002151,device,DEV_02316
ACC_002151,funding,CARD_02244
ACC_002151,ip,IP_02217
ACC_002151,phone,PHN_02354
ACC_002152,device,DEV_02317
ACC_002152,funding,CARD_02245
ACC_002152,ip,IP_02218
ACC_002152,phone,PHN_02355
ACC_002153,device,DEV_02318
ACC_002153,funding,CARD_02246
ACC_002153,ip,IP_02219
ACC_002153,phone,PHN_02356
ACC_002154,device,DEV_02319
ACC_002154,funding,CARD_02247
ACC_002154,ip,IP_02220
ACC_002154,phone,PHN_02357
ACC_002155,device,DEV_02320
ACC_002155,funding,CARD_02248
ACC_002155,ip,IP_02221
ACC_002155,phone,PHN_02358
ACC_002156,device,DEV_02321
ACC_002156,funding,CARD_02249
ACC_002156,ip,IP_02222
ACC_002156,phone,PHN_02359
ACC_002157,device,DEV_02322
ACC_002157,funding,CARD_02250
ACC_002157,ip,IP_02223
ACC_002157,phone,PHN_02360
ACC_002158,device,DEV_02323
ACC_002158,funding,CARD_02251
ACC_002158,ip,IP_02224
ACC_002158,phone,PHN_02361
ACC_002159,device,DEV_02324
ACC_002159,funding,CARD_02252
ACC_002159,ip,IP_02225
ACC_002159,phone,PHN_02362
ACC_002160,device,DEV_02325
ACC_002160,funding,CARD_02253
ACC_002160,ip,IP_02226
ACC_002160,phone,PHN_02363
ACC_002161,device,DEV_02326
ACC_002161,funding,CARD_02254
ACC_002161,ip,IP_02227
ACC_002161,phone,PHN_02364
ACC_002162,device,DEV_02327
ACC_002162,funding,CARD_02255
ACC_002162,ip,IP_02228
ACC_002162,phone,PHN_02365
ACC_002163,device,DEV_02328
ACC_002163,funding,CARD_02256
ACC_002163,ip,IP_02229
ACC_002163,phone,PHN_02366
ACC_002164,device,DEV_02329
ACC_002164,funding,CARD_02257
ACC_002164,ip,IP_02230
ACC_002164,phone,PHN_02367
ACC_002165,device,DEV_02330
ACC_002165,funding,CARD_02258
ACC_002165,ip,IP_02231
ACC_002165,phone,PHN_02368
ACC_002166,device,DEV_02331
ACC_002166,funding,CARD_02259
ACC_002166,ip,IP_02232
ACC_002166,phone,PHN_02369
ACC_002167,device,DEV_02332
ACC_002167,funding,CARD_02260
ACC_002167,ip,IP_02233
ACC_002167,phone,PHN_02370
ACC_002168,device,DEV_02333
ACC_002168,funding,CARD_02261
ACC_002168,ip,IP_02234
ACC_002168,phone,PHN_02371
ACC_002169,device,DEV_02334
ACC_002169,funding,CARD_02262
ACC_002169,ip,IP_02235
ACC_002169,phone,PHN_02372
ACC_002170,device,DEV_02335
ACC_002170,funding,CARD_02263
ACC_002170,ip,IP_02236
ACC_002170,phone,PHN_02373
ACC_002171,device,DEV_02336
ACC_002171,funding,CARD_02264
ACC_002171,ip,IP_02237
ACC_002171,phone,PHN_02374
ACC_002172,device,DEV_02337
ACC_002172,funding,CARD_02265
ACC_002172,ip,IP_02238
ACC_002172,phone,PHN_02375
ACC_002173,device,DEV_02338
ACC_002173,funding,CARD_02266
ACC_002173,ip,IP_02239
ACC_002173,phone,PHN_02376
ACC_002174,device,DEV_02339
ACC_002174,funding,CARD_02267
ACC_002174,ip,IP_02240
ACC_002174,phone,PHN_02377
ACC_002175,device,DEV_02340
ACC_002175,funding,CARD_02268
ACC_002175,ip,IP_02241
ACC_002175,phone,PHN_02378
ACC_002176,device,DEV_02341
ACC_002176,funding,CARD_02269
ACC_002176,ip,IP_02242
ACC_002176,phone,PHN_02379
ACC_002177,device,DEV_02342
ACC_002177,funding,CARD_02270
ACC_002177,ip,IP_02243
ACC_002177,phone,PHN_02380
ACC_002178,device,DEV_02343
ACC_002178,funding,CARD_02271
ACC_002178,ip,IP_02244
ACC_002178,phone,PHN_02381
ACC_002179,device,DEV_02344
ACC_002179,funding,CARD_02272
ACC_002179,ip,IP_02245
ACC_002179,phone,PHN_02382
ACC_002180,device,DEV_02345
ACC_002180,funding,CARD_02273
ACC_002180,ip,IP_02246
ACC_002180,phone,PHN_02383
ACC_002181,device,DEV_02346
ACC_002181,funding,CARD_02274
ACC_002181,ip,IP_02247
ACC_002181,phone,PHN_02384
ACC_002182,device,DEV_02347
ACC_002182,funding,CARD_02275
ACC_002182,ip,IP_02248
ACC_002182,phone,PHN_02385
ACC_002183,device,DEV_02348
ACC_002183,funding,CARD_02276
ACC_002183,ip,IP_02695
ACC_002183,phone,PHN_02386
ACC_002184,device,DEV_02349
ACC_002184,funding,CARD_02277
ACC_002184,ip,IP_02250
ACC_002184,phone,PHN_02387
ACC_002185,device,DEV_02350
ACC_002185,funding,CARD_02278
ACC_002185,ip,IP_02251
ACC_002185,phone,PHN_02388
ACC_002186,device,DEV_02351
ACC_002186,funding,CARD_02279
ACC_002186,ip,IP_02252
ACC_002186,phone,PHN_02389
ACC_002187,device,DEV_02352
ACC_002187,funding,CARD_02280
ACC_002187,ip,IP_02253
ACC_002187,phone,PHN_02390
ACC_002188,device,DEV_02353
ACC_002188,funding,CARD_02281
ACC_002188,ip,IP_02254
ACC_002188,phone,PHN_02391
ACC_002189,device,DEV_02354
ACC_002189,funding,CARD_02282
ACC_002189,ip,IP_02255
ACC_002189,phone,PHN_02392
ACC_002190,device,DEV_02355
ACC_002190,funding,CARD_02283
ACC_002190,ip,IP_02256
ACC_002190,phone,PHN_02393
ACC_002191,device,DEV_02356
ACC_002191,funding,CARD_02284
ACC_002191,ip,IP_02257
ACC_002191,phone,PHN_02394
ACC_002192,device,DEV_02357
ACC_002192,funding,CARD_02285
ACC_002192,ip,IP_02258
ACC_002192,phone,PHN_02395
ACC_002193,device,DEV_02358
ACC_002193,funding,CARD_02286
ACC_002193,ip,IP_02259
ACC_002193,phone,PHN_02396
ACC_002194,device,DEV_02359
ACC_002194,funding,CARD_02287
ACC_002194,ip,IP_02260
ACC_002194,phone,PHN_02397
ACC_002195,device,DEV_02360
ACC_002195,funding,CARD_02288
ACC_002195,ip,IP_02261
ACC_002195,phone,PHN_02398
ACC_002196,device,DEV_02361
ACC_002196,funding,CARD_02289
ACC_002196,ip,IP_02262
ACC_002196,phone,PHN_02399
ACC_002197,device,DEV_02362
ACC_002197,funding,CARD_02290
ACC_002197,ip,IP_02263
ACC_002197,phone,PHN_02400
ACC_002198,device,DEV_02363
ACC_002198,funding,CARD_02291
ACC_002198,ip,IP_02264
ACC_002198,phone,PHN_02401
ACC_002199,device,DEV_02364
ACC_002199,funding,CARD_02292
ACC_002199,ip,IP_02265
ACC_002199,phone,PHN_02402
ACC_002200,device,DEV_02365
ACC_002200,funding,CARD_02293
ACC_002200,ip,IP_02266
ACC_002200,phone,PHN_02403
ACC_002201,device,DEV_02366
ACC_002201,funding,CARD_02294
ACC_002201,ip,IP_02267
ACC_002201,phone,PHN_02404
ACC_002202,device,DEV_02367
ACC_002202,funding,CARD_02295
ACC_002202,ip,IP_02268
ACC_002202,phone,PHN_02405
ACC_002203,device,DEV_02368
ACC_002203,funding,CARD_02296
ACC_002203,ip,IP_02269
ACC_002203,phone,PHN_02406
ACC_002204,device,DEV_02369
ACC_002204,funding,CARD_02297
ACC_002204,ip,IP_02270
ACC_002204,phone,PHN_02407
ACC_002205,device,DEV_02370
ACC_002205,funding,CARD_02298
ACC_002205,ip,IP_02271
ACC_002205,phone,PHN_02408
ACC_002206,device,DEV_02371
ACC_002206,funding,CARD_02299
ACC_002206,ip,IP_02272
ACC_002206,phone,PHN_02409
ACC_002207,device,DEV_02372
ACC_002207,funding,CARD_02300
ACC_002207,ip,IP_02273
ACC_002207,phone,PHN_02410
ACC_002208,device,DEV_02373
ACC_002208,funding,CARD_02301
ACC_002208,ip,IP_02274
ACC_002208,phone,PHN_02411
ACC_002209,device,DEV_02374
ACC_002209,funding,CARD_02302
ACC_002209,ip,IP_02275
ACC_002209,phone,PHN_02412
ACC_002210,device,DEV_02375
ACC_002210,funding,CARD_02303
ACC_002210,ip,IP_02276
ACC_002210,phone,PHN_02413
ACC_002211,device,DEV_02376
ACC_002211,funding,CARD_02304
ACC_002211,ip,IP_02277
ACC_002211,phone,PHN_02414
ACC_002212,device,DEV_02377
ACC_002212,funding,CARD_02305
ACC_002212,ip,IP_02278
ACC_002212,phone,PHN_02415
ACC_002213,device,DEV_02378
ACC_002213,funding,CARD_02306
ACC_002213,ip,IP_02279
ACC_002213,phone,PHN_02416
ACC_002214,device,DEV_02379
ACC_002214,funding,CARD_02307
ACC_002214,ip,IP_02280
ACC_002214,phone,PHN_02417
ACC_002215,device,DEV_02380
ACC_002215,funding,CARD_02308
ACC_002215,ip,IP_02281
ACC_002215,phone,PHN_02418
ACC_002216,device,DEV_02381
ACC_002216,funding,CARD_02309
ACC_002216,ip,IP_02282
ACC_002216,phone,PHN_02419
ACC_002217,device,DEV_02382
ACC_002217,funding,CARD_02310
ACC_002217,ip,IP_02283
ACC_002217,phone,PHN_02420
ACC_002218,device,DEV_02383
ACC_002218,funding,CARD_02311
ACC_002218,ip,IP_02284
ACC_002218,phone,PHN_02421
ACC_002219,device,DEV_02384
ACC_002219,funding,CARD_02312
ACC_002219,ip,IP_02285
ACC_002219,phone,PHN_02422
ACC_002220,device,DEV_02385
ACC_002220,funding,CARD_02313
ACC_002220,ip,IP_02286
ACC_002220,phone,PHN_02423
ACC_002221,device,DEV_02386
ACC_002221,funding,CARD_02314
ACC_002221,ip,IP_02287
ACC_002221,phone,PHN_02424
ACC_002222,device,DEV_02387
ACC_002222,funding,CARD_02315
ACC_002222,ip,IP_02288
ACC_002222,phone,PHN_02425
ACC_002223,device,DEV_02388
ACC_002223,funding,CARD_02316
ACC_002223,ip,IP_02289
ACC_002223,phone,PHN_02426
ACC_002224,device,DEV_02389
ACC_002224,funding,CARD_02317
ACC_002224,ip,IP_02290
ACC_002224,phone,PHN_02427
ACC_002225,device,DEV_02390
ACC_002225,funding,CARD_02318
ACC_002225,ip,IP_02291
ACC_002225,phone,PHN_02428
ACC_002226,device,DEV_02391
ACC_002226,funding,CARD_02319
ACC_002226,ip,IP_02292
ACC_002226,phone,PHN_02429
ACC_002227,device,DEV_02392
ACC_002227,funding,CARD_02320
ACC_002227,ip,IP_02293
ACC_002227,phone,PHN_02430
ACC_002228,device,DEV_02393
ACC_002228,funding,CARD_02321
ACC_002228,ip,IP_02294
ACC_002228,phone,PHN_02431
ACC_002229,device,DEV_02394
ACC_002229,funding,CARD_02322
ACC_002229,ip,IP_02295
ACC_002229,phone,PHN_02432
ACC_002230,device,DEV_02395
ACC_002230,funding,CARD_02323
ACC_002230,ip,IP_02296
ACC_002230,phone,PHN_02433
ACC_002231,device,DEV_02396
ACC_002231,funding,CARD_02324
ACC_002231,ip,IP_02297
ACC_002231,phone,PHN_02434
ACC_002232,device,DEV_02397
ACC_002232,funding,CARD_02325
ACC_002232,ip,IP_02298
ACC_002232,phone,PHN_02435
ACC_002233,device,DEV_02398
ACC_002233,funding,CARD_02326
ACC_002233,ip,IP_02299
ACC_002233,phone,PHN_02436
ACC_002234,device,DEV_02399
ACC_002234,funding,CARD_02327
ACC_002234,ip,IP_02300
ACC_002234,phone,PHN_02437
ACC_002235,device,DEV_02400
ACC_002235,funding,CARD_02328
ACC_002235,ip,IP_02301
ACC_002235,phone,PHN_02438
ACC_002236,device,DEV_02401
ACC_002236,funding,CARD_02329
ACC_002236,ip,IP_02302
ACC_002236,phone,PHN_02439
ACC_002237,device,DEV_02402
ACC_002237,funding,CARD_02330
ACC_002237,ip,IP_02303
ACC_002237,phone,PHN_02440
ACC_002238,device,DEV_02403
ACC_002238,funding,CARD_02331
ACC_002238,ip,IP_02304
ACC_002238,phone,PHN_02441
ACC_002239,device,DEV_02404
ACC_002239,funding,CARD_02332
ACC_002239,ip,IP_02305
ACC_002239,phone,PHN_02442
ACC_002240,device,DEV_02405
ACC_002240,funding,CARD_02333
ACC_002240,ip,IP_02306
ACC_002240,phone,PHN_02443
ACC_002241,device,DEV_02406
ACC_002241,funding,CARD_02334
ACC_002241,ip,IP_02307
ACC_002241,phone,PHN_02444
ACC_002242,device,DEV_02407
ACC_002242,funding,CARD_02335
ACC_002242,ip,IP_02308
ACC_002242,phone,PHN_02445
ACC_002243,device,DEV_02408
ACC_002243,funding,CARD_02336
ACC_002243,ip,IP_02309
ACC_002243,phone,PHN_02446
ACC_002244,device,DEV_02409
ACC_002244,funding,CARD_02337
ACC_002244,ip,IP_02310
ACC_002244,phone,PHN_02447
ACC_002245,device,DEV_02410
ACC_002245,funding,CARD_02338
ACC_002245,ip,IP_02311
ACC_002245,phone,PHN_02448
ACC_002246,device,DEV_02411
ACC_002246,funding,CARD_02339
ACC_002246,ip,IP_02312
ACC_002246,phone,PHN_02449
ACC_002247,device,DEV_02412
ACC_002247,funding,CARD_02340
ACC_002247,ip,IP_02313
ACC_002247,phone,PHN_02450
ACC_002248,device,DEV_02413
ACC_002248,funding,CARD_02341
ACC_002248,ip,IP_02314
ACC_002248,phone,PHN_02451
ACC_002249,device,DEV_02414
ACC_002249,funding,CARD_02342
ACC_002249,ip,IP_02315
ACC_002249,phone,PHN_02452
ACC_002250,device,DEV_02415
ACC_002250,funding,CARD_02343
ACC_002250,ip,IP_02316
ACC_002250,phone,PHN_02453
ACC_002251,device,DEV_02416
ACC_002251,funding,CARD_02344
ACC_002251,ip,IP_02317
ACC_002251,phone,PHN_02454
ACC_002252,device,DEV_02417
ACC_002252,funding,CARD_02345
ACC_002252,ip,IP_02318
ACC_002252,phone,PHN_02455
ACC_002253,device,DEV_02418
ACC_002253,funding,CARD_02346
ACC_002253,ip,IP_02319
ACC_002253,phone,PHN_02456
ACC_002254,device,DEV_02419
ACC_002254,funding,CARD_02347
ACC_002254,ip,IP_02320
ACC_002254,phone,PHN_02457
ACC_002255,device,DEV_02420
ACC_002255,funding,CARD_02348
ACC_002255,ip,IP_02321
ACC_002255,phone,PHN_02458
ACC_002256,device,DEV_02421
ACC_002256,funding,CARD_02349
ACC_002256,ip,IP_02322
ACC_002256,phone,PHN_02459
ACC_002257,device,DEV_02422
ACC_002257,funding,CARD_02350
ACC_002257,ip,IP_02323
ACC_002257,phone,PHN_02460
ACC_002258,device,DEV_02423
ACC_002258,funding,CARD_02351
ACC_002258,ip,IP_02324
ACC_002258,phone,PHN_02461
ACC_002259,device,DEV_02424
ACC_002259,funding,CARD_02352
ACC_002259,ip,IP_02325
ACC_002259,phone,PHN_02462
ACC_002260,device,DEV_02425
ACC_002260,funding,CARD_02353
ACC_002260,ip,IP_02326
ACC_002260,phone,PHN_02463
ACC_002261,device,DEV_02426
ACC_002261,funding,CARD_02354
ACC_002261,ip,IP_02327
ACC_002261,phone,PHN_02464
ACC_002262,device,DEV_02427
ACC_002262,funding,CARD_02355
ACC_002262,ip,IP_02328
ACC_002262,phone,PHN_02465
ACC_002263,device,DEV_02428
ACC_002263,funding,CARD_02356
ACC_002263,ip,IP_02329
ACC_002263,phone,PHN_02466
ACC_002264,device,DEV_02429
ACC_002264,funding,CARD_02357
ACC_002264,ip,IP_02330
ACC_002264,phone,PHN_02467
ACC_002265,device,DEV_02430
ACC_002265,funding,CARD_02358
ACC_002265,ip,IP_02331
ACC_002265,phone,PHN_02468
ACC_002266,device,DEV_02431
ACC_002266,funding,CARD_02359
ACC_002266,ip,IP_02332
ACC_002266,phone,PHN_02469
ACC_002267,device,DEV_02432
ACC_002267,funding,CARD_02360
ACC_002267,ip,IP_02333
ACC_002267,phone,PHN_02470
ACC_002268,device,DEV_02433
ACC_002268,funding,CARD_02361
ACC_002268,ip,IP_02334
ACC_002268,phone,PHN_02471
ACC_002269,device,DEV_02434
ACC_002269,funding,CARD_02362
ACC_002269,ip,IP_02335
ACC_002269,phone,PHN_02472
ACC_002270,device,DEV_02435
ACC_002270,funding,CARD_02363
ACC_002270,ip,IP_02336
ACC_002270,phone,PHN_02473
ACC_002271,device,DEV_02436
ACC_002271,funding,CARD_02364
ACC_002271,ip,IP_02337
ACC_002271,phone,PHN_02474
ACC_002272,device,DEV_02437
ACC_002272,funding,CARD_02365
ACC_002272,ip,IP_02338
ACC_002272,phone,PHN_02475
ACC_002273,device,DEV_02438
ACC_002273,funding,CARD_02366
ACC_002273,ip,IP_02339
ACC_002273,phone,PHN_02476
ACC_002274,device,DEV_02439
ACC_002274,funding,CARD_02367
ACC_002274,ip,IP_02340
ACC_002274,phone,PHN_02477
ACC_002275,device,DEV_02440
ACC_002275,funding,CARD_02368
ACC_002275,ip,IP_02341
ACC_002275,phone,PHN_02478
ACC_002276,device,DEV_02441
ACC_002276,funding,CARD_02369
ACC_002276,ip,IP_02342
ACC_002276,phone,PHN_02479
ACC_002277,device,DEV_02442
ACC_002277,funding,CARD_02370
ACC_002277,ip,IP_02343
ACC_002277,phone,PHN_02480
ACC_002278,device,DEV_02443
ACC_002278,funding,CARD_02371
ACC_002278,ip,IP_02344
ACC_002278,phone,PHN_02481
ACC_002279,device,DEV_02444
ACC_002279,funding,CARD_02372
ACC_002279,ip,IP_02345
ACC_002279,phone,PHN_02482
ACC_002280,device,DEV_02445
ACC_002280,funding,CARD_02373
ACC_002280,ip,IP_02346
ACC_002280,phone,PHN_02483
ACC_002281,device,DEV_02446
ACC_002281,funding,CARD_02374
ACC_002281,ip,IP_02347
ACC_002281,phone,PHN_02484
ACC_002282,device,DEV_02447
ACC_002282,funding,CARD_02375
ACC_002282,ip,IP_02348
ACC_002282,phone,PHN_02485
ACC_002283,device,DEV_02448
ACC_002283,funding,CARD_02376
ACC_002283,ip,IP_02349
ACC_002283,phone,PHN_02486
ACC_002284,device,DEV_02449
ACC_002284,funding,CARD_02377
ACC_002284,ip,IP_02350
ACC_002284,phone,PHN_02487
ACC_002285,device,DEV_02450
ACC_002285,funding,CARD_02378
ACC_002285,ip,IP_02351
ACC_002285,phone,PHN_02488
ACC_002286,device,DEV_02451
ACC_002286,funding,CARD_02379
ACC_002286,ip,IP_02352
ACC_002286,phone,PHN_02489
ACC_002287,device,DEV_02452
ACC_002287,funding,CARD_02380
ACC_002287,ip,IP_02353
ACC_002287,phone,PHN_02490
ACC_002288,device,DEV_02453
ACC_002288,funding,CARD_02381
ACC_002288,ip,IP_02354
ACC_002288,phone,PHN_02491
ACC_002289,device,DEV_02454
ACC_002289,funding,CARD_02382
ACC_002289,ip,IP_02355
ACC_002289,phone,PHN_02492
ACC_002290,device,DEV_02455
ACC_002290,funding,CARD_02383
ACC_002290,ip,IP_02356
ACC_002290,phone,PHN_02493
ACC_002291,device,DEV_02456
ACC_002291,funding,CARD_02384
ACC_002291,ip,IP_02357
ACC_002291,phone,PHN_02494
ACC_002292,device,DEV_02457
ACC_002292,funding,CARD_02385
ACC_002292,ip,IP_02358
ACC_002292,phone,PHN_02495
ACC_002293,device,DEV_02458
ACC_002293,funding,CARD_02386
ACC_002293,ip,IP_02359
ACC_002293,phone,PHN_02496
ACC_002294,device,DEV_02459
ACC_002294,funding,CARD_02387
ACC_002294,ip,IP_02360
ACC_002294,phone,PHN_02497
ACC_002295,device,DEV_02460
ACC_002295,funding,CARD_02388
ACC_002295,ip,IP_02361
ACC_002295,phone,PHN_02498
ACC_002296,device,DEV_02461
ACC_002296,funding,CARD_02389
ACC_002296,ip,IP_02362
ACC_002296,phone,PHN_02499
ACC_002297,device,DEV_02462
ACC_002297,funding,CARD_02390
ACC_002297,ip,IP_02363
ACC_002297,phone,PHN_02500
ACC_002298,device,DEV_02463
ACC_002298,funding,CARD_02391
ACC_002298,ip,IP_02364
ACC_002298,phone,PHN_02501
ACC_002299,device,DEV_02464
ACC_002299,funding,CARD_02392
ACC_002299,ip,IP_02365
ACC_002299,phone,PHN_02502
ACC_002300,device,DEV_02465
ACC_002300,funding,CARD_02393
ACC_002300,ip,IP_02366
ACC_002300,phone,PHN_02503
ACC_002301,device,DEV_02466
ACC_002301,funding,CARD_02394
ACC_002301,ip,IP_02367
ACC_002301,phone,PHN_02504
ACC_002302,device,DEV_02467
ACC_002302,funding,CARD_02395
ACC_002302,ip,IP_02368
ACC_002302,phone,PHN_02505
ACC_002303,device,DEV_02468
ACC_002303,funding,CARD_02396
ACC_002303,ip,IP_02369
ACC_002303,phone,PHN_02506
ACC_002304,device,DEV_02469
ACC_002304,funding,CARD_02397
ACC_002304,ip,IP_02370
ACC_002304,phone,PHN_02507
ACC_002305,device,DEV_02470
ACC_002305,funding,CARD_02398
ACC_002305,ip,IP_02371
ACC_002305,phone,PHN_02508
ACC_002306,device,DEV_02471
ACC_002306,funding,CARD_02399
ACC_002306,ip,IP_02372
ACC_002306,phone,PHN_02509
ACC_002307,device,DEV_02472
ACC_002307,funding,CARD_02400
ACC_002307,ip,IP_02373
ACC_002307,phone,PHN_02510
ACC_002308,device,DEV_02473
ACC_002308,funding,CARD_02401
ACC_002308,ip,IP_02374
ACC_002308,phone,PHN_02511
ACC_002309,device,DEV_02474
ACC_002309,funding,CARD_02402
ACC_002309,ip,IP_02375
ACC_002309,phone,PHN_02512
ACC_002310,device,DEV_02475
ACC_002310,funding,CARD_02403
ACC_002310,ip,IP_02376
ACC_002310,phone,PHN_02513
ACC_002311,device,DEV_02476
ACC_002311,funding,CARD_02404
ACC_002311,ip,IP_02377
ACC_002311,phone,PHN_02514
ACC_002312,device,DEV_02477
ACC_002312,funding,CARD_02405
ACC_002312,ip,IP_02378
ACC_002312,phone,PHN_02515
ACC_002313,device,DEV_02478
ACC_002313,funding,CARD_02406
ACC_002313,ip,IP_02379
ACC_002313,phone,PHN_02516
ACC_002314,device,DEV_02479
ACC_002314,funding,CARD_02407
ACC_002314,ip,IP_02380
ACC_002314,phone,PHN_02517
ACC_002315,device,DEV_02480
ACC_002315,funding,CARD_02408
ACC_002315,ip,IP_02381
ACC_002315,phone,PHN_02518
ACC_002316,device,DEV_02481
ACC_002316,funding,CARD_02409
ACC_002316,ip,IP_02382
ACC_002316,phone,PHN_02519
ACC_002317,device,DEV_02482
ACC_002317,funding,CARD_02410
ACC_002317,ip,IP_02383
ACC_002317,phone,PHN_02520
ACC_002318,device,DEV_02483
ACC_002318,funding,CARD_02411
ACC_002318,ip,IP_02384
ACC_002318,phone,PHN_02521
ACC_002319,device,DEV_02484
ACC_002319,funding,CARD_02412
ACC_002319,ip,IP_02385
ACC_002319,phone,PHN_02522
ACC_002320,device,DEV_02485
ACC_002320,funding,CARD_02413
ACC_002320,ip,IP_02386
ACC_002320,phone,PHN_02523
ACC_002321,device,DEV_02486
ACC_002321,funding,CARD_02414
ACC_002321,ip,IP_02387
ACC_002321,phone,PHN_02524
ACC_002322,device,DEV_02487
ACC_002322,funding,CARD_02415
ACC_002322,ip,IP_02388
ACC_002322,phone,PHN_02525
ACC_002323,device,DEV_02488
ACC_002323,funding,CARD_02416
ACC_002323,ip,IP_02389
ACC_002323,phone,PHN_02526
ACC_002324,device,DEV_02489
ACC_002324,funding,CARD_02417
ACC_002324,ip,IP_02390
ACC_002324,phone,PHN_02527
ACC_002325,device,DEV_02490
ACC_002325,funding,CARD_02418
ACC_002325,ip,IP_02391
ACC_002325,phone,PHN_02528
ACC_002326,device,DEV_02491
ACC_002326,funding,CARD_02419
ACC_002326,ip,IP_02392
ACC_002326,phone,PHN_02529
ACC_002327,device,DEV_02492
ACC_002327,funding,CARD_02420
ACC_002327,ip,IP_02393
ACC_002327,phone,PHN_02530
ACC_002328,device,DEV_02493
ACC_002328,funding,CARD_02421
ACC_002328,ip,IP_02394
ACC_002328,phone,PHN_02531
ACC_002329,device,DEV_02494
ACC_002329,funding,CARD_02422
ACC_002329,ip,IP_02395
ACC_002329,phone,PHN_02532
ACC_002330,device,DEV_02495
ACC_002330,funding,CARD_02423
ACC_002330,ip,IP_02396
ACC_002330,phone,PHN_02533
ACC_002331,device,DEV_02496
ACC_002331,funding,CARD_02424
ACC_002331,ip,IP_02397
ACC_002331,phone,PHN_02534
ACC_002332,device,DEV_02497
ACC_002332,funding,CARD_02425
ACC_002332,ip,IP_02398
ACC_002332,phone,PHN_02535
ACC_002333,device,DEV_02498
ACC_002333,funding,CARD_02426
ACC_002333,ip,IP_02399
ACC_002333,phone,PHN_02536
ACC_002334,device,DEV_02499
ACC_002334,funding,CARD_02427
ACC_002334,ip,IP_02693
ACC_002334,phone,PHN_02537
ACC_002335,device,DEV_02500
ACC_002335,funding,CARD_02428
ACC_002335,ip,IP_02401
ACC_002335,phone,PHN_02538
ACC_002336,device,DEV_02501
ACC_002336,funding,CARD_02429
ACC_002336,ip,IP_02402
ACC_002336,phone,PHN_02539
ACC_002337,device,DEV_02502
ACC_002337,funding,CARD_02430
ACC_002337,ip,IP_02403
ACC_002337,phone,PHN_02540
ACC_002338,device,DEV_02503
ACC_002338,funding,CARD_02431
ACC_002338,ip,IP_02404
ACC_002338,phone,PHN_02541
ACC_002339,device,DEV_02504
ACC_002339,funding,CARD_02432
ACC_002339,ip,IP_02405
ACC_002339,phone,PHN_02542
ACC_002340,device,DEV_02505
ACC_002340,funding,CARD_02433
ACC_002340,ip,IP_02406
ACC_002340,phone,PHN_02543
ACC_002341,device,DEV_02506
ACC_002341,funding,CARD_02434
ACC_002341,ip,IP_02407
ACC_002341,phone,PHN_02544
ACC_002342,device,DEV_02507
ACC_002342,funding,CARD_02435
ACC_002342,ip,IP_02408
ACC_002342,phone,PHN_02545
ACC_002343,device,DEV_02508
ACC_002343,funding,CARD_02436
ACC_002343,ip,IP_02409
ACC_002343,phone,PHN_02546
ACC_002344,device,DEV_02509
ACC_002344,funding,CARD_02437
ACC_002344,ip,IP_02410
ACC_002344,phone,PHN_02547
ACC_002345,device,DEV_02510
ACC_002345,funding,CARD_02438
ACC_002345,ip,IP_02411
ACC_002345,phone,PHN_02548
ACC_002346,device,DEV_02511
ACC_002346,funding,CARD_02439
ACC_002346,ip,IP_02412
ACC_002346,phone,PHN_02549
ACC_002347,device,DEV_02512
ACC_002347,funding,CARD_02440
ACC_002347,ip,IP_02413
ACC_002347,phone,PHN_02550
ACC_002348,device,DEV_02513
ACC_002348,funding,CARD_02441
ACC_002348,ip,IP_02414
ACC_002348,phone,PHN_02551
ACC_002349,device,DEV_02514
ACC_002349,funding,CARD_02442
ACC_002349,ip,IP_02415
ACC_002349,phone,PHN_02552
ACC_002350,device,DEV_02515
ACC_002350,funding,CARD_02443
ACC_002350,ip,IP_02416
ACC_002350,phone,PHN_02553
ACC_002351,device,DEV_02516
ACC_002351,funding,CARD_02444
ACC_002351,ip,IP_02417
ACC_002351,phone,PHN_02554
ACC_002352,device,DEV_02517
ACC_002352,funding,CARD_02445
ACC_002352,ip,IP_02418
ACC_002352,phone,PHN_02555
ACC_002353,device,DEV_02518
ACC_002353,funding,CARD_02446
ACC_002353,ip,IP_02419
ACC_002353,phone,PHN_02556
ACC_002354,device,DEV_02519
ACC_002354,funding,CARD_02447
ACC_002354,ip,IP_02420
ACC_002354,phone,PHN_02557
ACC_002355,device,DEV_02520
ACC_002355,funding,CARD_02448
ACC_002355,ip,IP_02421
ACC_002355,phone,PHN_02558
ACC_002356,device,DEV_02521
ACC_002356,funding,CARD_02449
ACC_002356,ip,IP_02422
ACC_002356,phone,PHN_02559
ACC_002357,device,DEV_02522
ACC_002357,funding,CARD_02450
ACC_002357,ip,IP_02423
ACC_002357,phone,PHN_02560
ACC_002358,device,DEV_02523
ACC_002358,funding,CARD_02451
ACC_002358,ip,IP_02424
ACC_002358,phone,PHN_02561
ACC_002359,device,DEV_02524
ACC_002359,funding,CARD_02452
ACC_002359,ip,IP_02425
ACC_002359,phone,PHN_02562
ACC_002360,device,DEV_02525
ACC_002360,funding,CARD_02453
ACC_002360,ip,IP_02426
ACC_002360,phone,PHN_02563
ACC_002361,device,DEV_02526
ACC_002361,funding,CARD_02454
ACC_002361,ip,IP_02427
ACC_002361,phone,PHN_02564
ACC_002362,device,DEV_02527
ACC_002362,funding,CARD_02455
ACC_002362,ip,IP_02428
ACC_002362,phone,PHN_02565
ACC_002363,device,DEV_02528
ACC_002363,funding,CARD_02456
ACC_002363,ip,IP_02429
ACC_002363,phone,PHN_02566
ACC_002364,device,DEV_02529
ACC_002364,funding,CARD_02457
ACC_002364,ip,IP_02430
ACC_002364,phone,PHN_02567
ACC_002365,device,DEV_02530
ACC_002365,funding,CARD_02458
ACC_002365,ip,IP_02431
ACC_002365,phone,PHN_02568
ACC_002366,device,DEV_02531
ACC_002366,funding,CARD_02459
ACC_002366,ip,IP_02432
ACC_002366,phone,PHN_02569
ACC_002367,device,DEV_02532
ACC_002367,funding,CARD_02460
ACC_002367,ip,IP_02433
ACC_002367,phone,PHN_02570
ACC_002368,device,DEV_02533
ACC_002368,funding,CARD_02461
ACC_002368,ip,IP_02434
ACC_002368,phone,PHN_02571
ACC_002369,device,DEV_02534
ACC_002369,funding,CARD_02462
ACC_002369,ip,IP_02435
ACC_002369,phone,PHN_02572
ACC_002370,device,DEV_02535
ACC_002370,funding,CARD_02463
ACC_002370,ip,IP_02436
ACC_002370,phone,PHN_02573
ACC_002371,device,DEV_02536
ACC_002371,funding,CARD_02464
ACC_002371,ip,IP_02437
ACC_002371,phone,PHN_02574
ACC_002372,device,DEV_02537
ACC_002372,funding,CARD_02465
ACC_002372,ip,IP_02438
ACC_002372,phone,PHN_02575
ACC_002373,device,DEV_02538
ACC_002373,funding,CARD_02466
ACC_002373,ip,IP_02439
ACC_002373,phone,PHN_02576
ACC_002374,device,DEV_02539
ACC_002374,funding,CARD_02467
ACC_002374,ip,IP_02440
ACC_002374,phone,PHN_02577
ACC_002375,device,DEV_02540
ACC_002375,funding,CARD_02468
ACC_002375,ip,IP_02441
ACC_002375,phone,PHN_02578
ACC_002376,device,DEV_02541
ACC_002376,funding,CARD_02469
ACC_002376,ip,IP_02442
ACC_002376,phone,PHN_02579
ACC_002377,device,DEV_02542
ACC_002377,funding,CARD_02470
ACC_002377,ip,IP_02443
ACC_002377,phone,PHN_02580
ACC_002378,device,DEV_02543
ACC_002378,funding,CARD_02471
ACC_002378,ip,IP_02444
ACC_002378,phone,PHN_02581
ACC_002379,device,DEV_02544
ACC_002379,funding,CARD_02472
ACC_002379,ip,IP_02445
ACC_002379,phone,PHN_02582
ACC_002380,device,DEV_02545
ACC_002380,funding,CARD_02473
ACC_002380,ip,IP_02446
ACC_002380,phone,PHN_02583
ACC_002381,device,DEV_02546
ACC_002381,funding,CARD_02474
ACC_002381,ip,IP_02447
ACC_002381,phone,PHN_02584
ACC_002382,device,DEV_02547
ACC_002382,funding,CARD_02475
ACC_002382,ip,IP_02448
ACC_002382,phone,PHN_02585
ACC_002383,device,DEV_02548
ACC_002383,funding,CARD_02476
ACC_002383,ip,IP_02449
ACC_002383,phone,PHN_02586
ACC_002384,device,DEV_02549
ACC_002384,funding,CARD_02477
ACC_002384,ip,IP_02450
ACC_002384,phone,PHN_02587
ACC_002385,device,DEV_02550
ACC_002385,funding,CARD_02478
ACC_002385,ip,IP_02451
ACC_002385,phone,PHN_02588
ACC_002386,device,DEV_02551
ACC_002386,funding,CARD_02479
ACC_002386,ip,IP_02452
ACC_002386,phone,PHN_02589
ACC_002387,device,DEV_02552
ACC_002387,funding,CARD_02480
ACC_002387,ip,IP_02453
ACC_002387,phone,PHN_02590
ACC_002388,device,DEV_02553
ACC_002388,funding,CARD_02481
ACC_002388,ip,IP_02454
ACC_002388,phone,PHN_02591
ACC_002389,device,DEV_02554
ACC_002389,funding,CARD_02482
ACC_002389,ip,IP_02455
ACC_002389,phone,PHN_02592
ACC_002390,device,DEV_02555
ACC_002390,funding,CARD_02483
ACC_002390,ip,IP_02456
ACC_002390,phone,PHN_02593
ACC_002391,device,DEV_02556
ACC_002391,funding,CARD_02484
ACC_002391,ip,IP_02457
ACC_002391,phone,PHN_02594
ACC_002392,device,DEV_02557
ACC_002392,funding,CARD_02485
ACC_002392,ip,IP_02458
ACC_002392,phone,PHN_02595
ACC_002393,device,DEV_02558
ACC_002393,funding,CARD_02486
ACC_002393,ip,IP_02459
ACC_002393,phone,PHN_02596
ACC_002394,device,DEV_02559
ACC_002394,funding,CARD_02487
ACC_002394,ip,IP_02460
ACC_002394,phone,PHN_02597
ACC_002395,device,DEV_02560
ACC_002395,funding,CARD_02488
ACC_002395,ip,IP_02461
ACC_002395,phone,PHN_02598
ACC_002396,device,DEV_02561
ACC_002396,funding,CARD_02489
ACC_002396,ip,IP_02462
ACC_002396,phone,PHN_02599
ACC_002397,device,DEV_02562
ACC_002397,funding,CARD_02490
ACC_002397,ip,IP_02463
ACC_002397,phone,PHN_02600
ACC_002398,device,DEV_02563
ACC_002398,funding,CARD_02491
ACC_002398,ip,IP_02464
ACC_002398,phone,PHN_02601
ACC_002399,device,DEV_02564
ACC_002399,funding,CARD_02492
ACC_002399,ip,IP_02465
ACC_002399,phone,PHN_02602
ACC_002400,device,DEV_02565
ACC_002400,funding,CARD_02493
ACC_002400,ip,IP_02466
ACC_002400,phone,PHN_02603
ACC_002401,device,DEV_02566
ACC_002401,funding,CARD_02494
ACC_002401,ip,IP_02467
ACC_002401,phone,PHN_02604
ACC_002402,device,DEV_02567
ACC_002402,funding,CARD_02495
ACC_002402,ip,IP_02468
ACC_002402,phone,PHN_02605
ACC_002403,device,DEV_02568
ACC_002403,funding,CARD_02496
ACC_002403,ip,IP_02469
ACC_002403,phone,PHN_02606
ACC_002404,device,DEV_02569
ACC_002404,funding,CARD_02497
ACC_002404,ip,IP_02470
ACC_002404,phone,PHN_02607
ACC_002405,device,DEV_02570
ACC_002405,funding,CARD_02498
ACC_002405,ip,IP_02471
ACC_002405,phone,PHN_02608
ACC_002406,device,DEV_02571
ACC_002406,funding,CARD_02499
ACC_002406,ip,IP_02472
ACC_002406,phone,PHN_02609
ACC_002407,device,DEV_02572
ACC_002407,funding,CARD_02500
ACC_002407,ip,IP_02473
ACC_002407,phone,PHN_02610
ACC_002408,device,DEV_02573
ACC_002408,funding,CARD_02501
ACC_002408,ip,IP_02474
ACC_002408,phone,PHN_02611
ACC_002409,device,DEV_02574
ACC_002409,funding,CARD_02502
ACC_002409,ip,IP_02475
ACC_002409,phone,PHN_02612
ACC_002410,device,DEV_02575
ACC_002410,funding,CARD_02503
ACC_002410,ip,IP_02476
ACC_002410,phone,PHN_02613
ACC_002411,device,DEV_02576
ACC_002411,funding,CARD_02504
ACC_002411,ip,IP_02477
ACC_002411,phone,PHN_02614
ACC_002412,device,DEV_02577
ACC_002412,funding,CARD_02505
ACC_002412,ip,IP_02478
ACC_002412,phone,PHN_02615
ACC_002413,device,DEV_02578
ACC_002413,funding,CARD_02506
ACC_002413,ip,IP_02479
ACC_002413,phone,PHN_02616
ACC_002414,device,DEV_02579
ACC_002414,funding,CARD_02507
ACC_002414,ip,IP_02480
ACC_002414,phone,PHN_02617
ACC_002415,device,DEV_02580
ACC_002415,funding,CARD_02508
ACC_002415,ip,IP_02481
ACC_002415,phone,PHN_02618
ACC_002416,device,DEV_02581
ACC_002416,funding,CARD_02509
ACC_002416,ip,IP_02482
ACC_002416,phone,PHN_02619
ACC_002417,device,DEV_02582
ACC_002417,funding,CARD_02510
ACC_002417,ip,IP_02483
ACC_002417,phone,PHN_02620
ACC_002418,device,DEV_02583
ACC_002418,funding,CARD_02511
ACC_002418,ip,IP_02484
ACC_002418,phone,PHN_02621
ACC_002419,device,DEV_02584
ACC_002419,funding,CARD_02512
ACC_002419,ip,IP_02485
ACC_002419,phone,PHN_02622
ACC_002420,device,DEV_02585
ACC_002420,funding,CARD_02513
ACC_002420,ip,IP_02486
ACC_002420,phone,PHN_02623
ACC_002421,device,DEV_02586
ACC_002421,funding,CARD_02514
ACC_002421,ip,IP_02487
ACC_002421,phone,PHN_02624
ACC_002422,device,DEV_02587
ACC_002422,funding,CARD_02515
ACC_002422,ip,IP_02488
ACC_002422,phone,PHN_02625
ACC_002423,device,DEV_02588
ACC_002423,funding,CARD_02516
ACC_002423,ip,IP_02489
ACC_002423,phone,PHN_02626
ACC_002424,device,DEV_02589
ACC_002424,funding,CARD_02517
ACC_002424,ip,IP_02490
ACC_002424,phone,PHN_02627
ACC_002425,device,DEV_02590
ACC_002425,funding,CARD_02518
ACC_002425,ip,IP_02491
ACC_002425,phone,PHN_02628
ACC_002426,device,DEV_02591
ACC_002426,funding,CARD_02519
ACC_002426,ip,IP_02492
ACC_002426,phone,PHN_02629
ACC_002427,device,DEV_02592
ACC_002427,funding,CARD_02520
ACC_002427,ip,IP_02493
ACC_002427,phone,PHN_02630
ACC_002428,device,DEV_02593
ACC_002428,funding,CARD_02521
ACC_002428,ip,IP_02494
ACC_002428,phone,PHN_02631
ACC_002429,device,DEV_02594
ACC_002429,funding,CARD_02522
ACC_002429,ip,IP_02495
ACC_002429,phone,PHN_02632
ACC_002430,device,DEV_02595
ACC_002430,funding,CARD_02523
ACC_002430,ip,IP_02496
ACC_002430,phone,PHN_02633
ACC_002431,device,DEV_02596
ACC_002431,funding,CARD_02524
ACC_002431,ip,IP_02497
ACC_002431,phone,PHN_02634
ACC_002432,device,DEV_02597
ACC_002432,funding,CARD_02525
ACC_002432,ip,IP_02498
ACC_002432,phone,PHN_02635
ACC_002433,device,DEV_02598
ACC_002433,funding,CARD_02526
ACC_002433,ip,IP_02499
ACC_002433,phone,PHN_02636
ACC_002434,device,DEV_02599
ACC_002434,funding,CARD_02527
ACC_002434,ip,IP_02500
ACC_002434,phone,PHN_02637
ACC_002435,device,DEV_02600
ACC_002435,funding,CARD_02528
ACC_002435,ip,IP_02501
ACC_002435,phone,PHN_02638
ACC_002436,device,DEV_02601
ACC_002436,funding,CARD_02529
ACC_002436,ip,IP_02502
ACC_002436,phone,PHN_02639
ACC_002437,device,DEV_02602
ACC_002437,funding,CARD_02530
ACC_002437,ip,IP_02503
ACC_002437,phone,PHN_02640
ACC_002438,device,DEV_02603
ACC_002438,funding,CARD_02531
ACC_002438,ip,IP_02504
ACC_002438,phone,PHN_02641
ACC_002439,device,DEV_02604
ACC_002439,funding,CARD_02532
ACC_002439,ip,IP_02505
ACC_002439,phone,PHN_02642
ACC_002440,device,DEV_02605
ACC_002440,funding,CARD_02533
ACC_002440,ip,IP_02506
ACC_002440,phone,PHN_02643
ACC_002441,device,DEV_02606
ACC_002441,funding,CARD_02534
ACC_002441,ip,IP_02507
ACC_002441,phone,PHN_02644
ACC_002442,device,DEV_02607
ACC_002442,funding,CARD_02535
ACC_002442,ip,IP_02508
ACC_002442,phone,PHN_02645
ACC_002443,device,DEV_02608
ACC_002443,funding,CARD_02536
ACC_002443,ip,IP_02509
ACC_002443,phone,PHN_02646
ACC_002444,device,DEV_02609
ACC_002444,funding,CARD_02537
ACC_002444,ip,IP_02510
ACC_002444,phone,PHN_02647
ACC_002445,device,DEV_02610
ACC_002445,funding,CARD_02538
ACC_002445,ip,IP_02511
ACC_002445,phone,PHN_02648
ACC_002446,device,DEV_02611
ACC_002446,funding,CARD_02539
ACC_002446,ip,IP_02512
ACC_002446,phone,PHN_02649
ACC_002447,device,DEV_02612
ACC_002447,funding,CARD_02540
ACC_002447,ip,IP_02513
ACC_002447,phone,PHN_02650
ACC_002448,device,DEV_02613
ACC_002448,funding,CARD_02541
ACC_002448,ip,IP_02514
ACC_002448,phone,PHN_02651
ACC_002449,device,DEV_02614
ACC_002449,funding,CARD_02542
ACC_002449,ip,IP_02515
ACC_002449,phone,PHN_02652
ACC_002450,device,DEV_02615
ACC_002450,funding,CARD_02543
ACC_002450,ip,IP_02516
ACC_002450,phone,PHN_02653
ACC_002451,device,DEV_02616
ACC_002451,funding,CARD_02544
ACC_002451,ip,IP_02517
ACC_002451,phone,PHN_02654
ACC_002452,device,DEV_02617
ACC_002452,funding,CARD_02545
ACC_002452,ip,IP_02518
ACC_002452,phone,PHN_02655
ACC_002453,device,DEV_02618
ACC_002453,funding,CARD_02546
ACC_002453,ip,IP_02519
ACC_002453,phone,PHN_02656
ACC_002454,device,DEV_02619
ACC_002454,funding,CARD_02547
ACC_002454,ip,IP_02520
ACC_002454,phone,PHN_02657
ACC_002455,device,DEV_02620
ACC_002455,funding,CARD_02548
ACC_002455,ip,IP_02521
ACC_002455,phone,PHN_02658
ACC_002456,device,DEV_02621
ACC_002456,funding,CARD_02549
ACC_002456,ip,IP_02522
ACC_002456,phone,PHN_02659
ACC_002457,device,DEV_02622
ACC_002457,funding,CARD_02550
ACC_002457,ip,IP_02523
ACC_002457,phone,PHN_02660
ACC_002458,device,DEV_02623
ACC_002458,funding,CARD_02551
ACC_002458,ip,IP_02524
ACC_002458,phone,PHN_02661
ACC_002459,device,DEV_02624
ACC_002459,funding,CARD_02552
ACC_002459,ip,IP_02525
ACC_002459,phone,PHN_02662
ACC_002460,device,DEV_02625
ACC_002460,funding,CARD_02553
ACC_002460,ip,IP_02526
ACC_002460,phone,PHN_02663
ACC_002461,device,DEV_02626
ACC_002461,funding,CARD_02554
ACC_002461,ip,IP_02527
ACC_002461,phone,PHN_02664
ACC_002462,device,DEV_02627
ACC_002462,funding,CARD_02555
ACC_002462,ip,IP_02528
ACC_002462,phone,PHN_02665
ACC_002463,device,DEV_02628
ACC_002463,funding,CARD_02556
ACC_002463,ip,IP_02529
ACC_002463,phone,PHN_02666
ACC_002464,device,DEV_02629
ACC_002464,funding,CARD_02557
ACC_002464,ip,IP_02530
ACC_002464,phone,PHN_02667
ACC_002465,device,DEV_02630
ACC_002465,funding,CARD_02558
ACC_002465,ip,IP_02531
ACC_002465,phone,PHN_02668
ACC_002466,device,DEV_02631
ACC_002466,funding,CARD_02559
ACC_002466,ip,IP_02532
ACC_002466,phone,PHN_02669
ACC_002467,device,DEV_02632
ACC_002467,funding,CARD_02560
ACC_002467,ip,IP_02533
ACC_002467,phone,PHN_02670
ACC_002468,device,DEV_02633
ACC_002468,funding,CARD_02561
ACC_002468,ip,IP_02534
ACC_002468,phone,PHN_02671
ACC_002469,device,DEV_02634
ACC_002469,funding,CARD_02562
ACC_002469,ip,IP_02535
ACC_002469,phone,PHN_02672
ACC_002470,device,DEV_02635
ACC_002470,funding,CARD_02563
ACC_002470,ip,IP_02536
ACC_002470,phone,PHN_02673
ACC_002471,device,DEV_02636
ACC_002471,funding,CARD_02564
ACC_002471,ip,IP_02537
ACC_002471,phone,PHN_02674
ACC_002472,device,DEV_02637
ACC_002472,funding,CARD_02565
ACC_002472,ip,IP_02538
ACC_002472,phone,PHN_02675
ACC_002473,device,DEV_02638
ACC_002473,funding,CARD_02566
ACC_002473,ip,IP_02539
ACC_002473,phone,PHN_02676
ACC_002474,device,DEV_02639
ACC_002474,funding,CARD_02567
ACC_002474,ip,IP_02540
ACC_002474,phone,PHN_02677
ACC_002475,device,DEV_02640
ACC_002475,funding,CARD_02568
ACC_002475,ip,IP_02541
ACC_002475,phone,PHN_02678
ACC_002476,device,DEV_02641
ACC_002476,funding,CARD_02569
ACC_002476,ip,IP_02542
ACC_002476,phone,PHN_02679
ACC_002477,device,DEV_02642
ACC_002477,funding,CARD_02570
ACC_002477,ip,IP_02543
ACC_002477,phone,PHN_02680
ACC_002478,device,DEV_02643
ACC_002478,funding,CARD_02571
ACC_002478,ip,IP_02544
ACC_002478,phone,PHN_02681
ACC_002479,device,DEV_02644
ACC_002479,funding,CARD_02572
ACC_002479,ip,IP_02545
ACC_002479,phone,PHN_02682
ACC_002480,device,DEV_02645
ACC_002480,funding,CARD_02573
ACC_002480,ip,IP_02546
ACC_002480,phone,PHN_02683
ACC_002481,device,DEV_02646
ACC_002481,funding,CARD_02574
ACC_002481,ip,IP_02547
ACC_002481,phone,PHN_02684
ACC_002482,device,DEV_02647
ACC_002482,funding,CARD_02575
ACC_002482,ip,IP_02548
ACC_002482,phone,PHN_02685
ACC_002483,device,DEV_02648
ACC_002483,funding,CARD_02576
ACC_002483,ip,IP_02549
ACC_002483,phone,PHN_02686
ACC_002484,device,DEV_02649
ACC_002484,funding,CARD_02577
ACC_002484,ip,IP_02550
ACC_002484,phone,PHN_02687
ACC_002485,device,DEV_02650
ACC_002485,funding,CARD_02578
ACC_002485,ip,IP_02551
ACC_002485,phone,PHN_02688
ACC_002486,device,DEV_02651
ACC_002486,funding,CARD_02579
ACC_002486,ip,IP_02552
ACC_002486,phone,PHN_02689
ACC_002487,device,DEV_02652
ACC_002487,funding,CARD_02580
ACC_002487,ip,IP_02553
ACC_002487,phone,PHN_02690
ACC_002488,device,DEV_02653
ACC_002488,funding,CARD_02581
ACC_002488,ip,IP_02554
ACC_002488,phone,PHN_02691
ACC_002489,device,DEV_02654
ACC_002489,funding,CARD_02582
ACC_002489,ip,IP_02555
ACC_002489,phone,PHN_02692
ACC_002490,device,DEV_02655
ACC_002490,funding,CARD_02583
ACC_002490,ip,IP_02556
ACC_002490,phone,PHN_02693
ACC_002491,device,DEV_02656
ACC_002491,funding,CARD_02584
ACC_002491,ip,IP_02557
ACC_002491,phone,PHN_02694
ACC_002492,device,DEV_02657
ACC_002492,funding,CARD_02585
ACC_002492,ip,IP_02558
ACC_002492,phone,PHN_02695
ACC_002493,device,DEV_02658
ACC_002493,funding,CARD_02586
ACC_002493,ip,IP_02559
ACC_002493,phone,PHN_02696
ACC_002494,device,DEV_02659
ACC_002494,funding,CARD_02587
ACC_002494,ip,IP_02693
ACC_002494,phone,PHN_02697
ACC_002495,device,DEV_02660
ACC_002495,funding,CARD_02588
ACC_002495,ip,IP_02561
ACC_002495,phone,PHN_02698
ACC_002496,device,DEV_02661
ACC_002496,funding,CARD_02589
ACC_002496,ip,IP_02562
ACC_002496,phone,PHN_02699
ACC_002497,device,DEV_02662
ACC_002497,funding,CARD_02590
ACC_002497,ip,IP_02563
ACC_002497,phone,PHN_02700
ACC_002498,device,DEV_02663
ACC_002498,funding,CARD_02591
ACC_002498,ip,IP_02564
ACC_002498,phone,PHN_02701
ACC_002499,device,DEV_02664
ACC_002499,funding,CARD_02592
ACC_002499,ip,IP_02565
ACC_002499,phone,PHN_02702
ACC_002500,device,DEV_02665
ACC_002500,funding,CARD_02593
ACC_002500,ip,IP_02566
ACC_002500,phone,PHN_02703
ACC_002501,device,DEV_02666
ACC_002501,funding,CARD_02594
ACC_002501,ip,IP_02567
ACC_002501,phone,PHN_02704
ACC_002502,device,DEV_02667
ACC_002502,funding,CARD_02595
ACC_002502,ip,IP_02568
ACC_002502,phone,PHN_02705
ACC_002503,device,DEV_02668
ACC_002503,funding,CARD_02596
ACC_002503,ip,IP_02569
ACC_002503,phone,PHN_02706
ACC_002504,device,DEV_02669
ACC_002504,funding,CARD_02597
ACC_002504,ip,IP_02570
ACC_002504,phone,PHN_02707
ACC_002505,device,DEV_02670
ACC_002505,funding,CARD_02598
ACC_002505,ip,IP_02571
ACC_002505,phone,PHN_02708
ACC_002506,device,DEV_02671
ACC_002506,funding,CARD_02599
ACC_002506,ip,IP_02572
ACC_002506,phone,PHN_02709
ACC_002507,device,DEV_02672
ACC_002507,funding,CARD_02600
ACC_002507,ip,IP_02573
ACC_002507,phone,PHN_02710
ACC_002508,device,DEV_02673
ACC_002508,funding,CARD_02601
ACC_002508,ip,IP_02574
ACC_002508,phone,PHN_02711
ACC_002509,device,DEV_02674
ACC_002509,funding,CARD_02602
ACC_002509,ip,IP_02575
ACC_002509,phone,PHN_02712
ACC_002510,device,DEV_02675
ACC_002510,funding,CARD_02603
ACC_002510,ip,IP_02692
ACC_002510,phone,PHN_02713
ACC_002511,device,DEV_02676
ACC_002511,funding,CARD_02604
ACC_002511,ip,IP_02577
ACC_002511,phone,PHN_02714
ACC_002512,device,DEV_02677
ACC_002512,funding,CARD_02605
ACC_002512,ip,IP_02578
ACC_002512,phone,PHN_02715
ACC_002513,device,DEV_02678
ACC_002513,funding,CARD_02606
ACC_002513,ip,IP_02579
ACC_002513,phone,PHN_02716
ACC_002514,device,DEV_02679
ACC_002514,funding,CARD_02607
ACC_002514,ip,IP_02580
ACC_002514,phone,PHN_02717
ACC_002515,device,DEV_02680
ACC_002515,funding,CARD_02608
ACC_002515,ip,IP_02581
ACC_002515,phone,PHN_02718
ACC_002516,device,DEV_02681
ACC_002516,funding,CARD_02609
ACC_002516,ip,IP_02582
ACC_002516,phone,PHN_02719
ACC_002517,device,DEV_02682
ACC_002517,funding,CARD_02610
ACC_002517,ip,IP_02583
ACC_002517,phone,PHN_02720
ACC_002518,device,DEV_02683
ACC_002518,funding,CARD_02611
ACC_002518,ip,IP_02584
ACC_002518,phone,PHN_02721
ACC_002519,device,DEV_02684
ACC_002519,funding,CARD_02612
ACC_002519,ip,IP_02585
ACC_002519,phone,PHN_02722
ACC_002520,device,DEV_02685
ACC_002520,funding,CARD_02613
ACC_002520,ip,IP_02586
ACC_002520,phone,PHN_02723
ACC_002521,device,DEV_02686
ACC_002521,funding,CARD_02614
ACC_002521,ip,IP_02587
ACC_002521,phone,PHN_02724
ACC_002522,device,DEV_02687
ACC_002522,funding,CARD_02615
ACC_002522,ip,IP_02588
ACC_002522,phone,PHN_02725
ACC_002523,device,DEV_02688
ACC_002523,funding,CARD_02616
ACC_002523,ip,IP_02589
ACC_002523,phone,PHN_02726
ACC_002524,device,DEV_02689
ACC_002524,funding,CARD_02617
ACC_002524,ip,IP_02590
ACC_002524,phone,PHN_02727
ACC_002525,device,DEV_02690
ACC_002525,funding,CARD_02618
ACC_002525,ip,IP_02591
ACC_002525,phone,PHN_02728
ACC_002526,device,DEV_02691
ACC_002526,funding,CARD_02619
ACC_002526,ip,IP_02592
ACC_002526,phone,PHN_02729
ACC_002527,device,DEV_02692
ACC_002527,funding,CARD_02620
ACC_002527,ip,IP_02593
ACC_002527,phone,PHN_02730
ACC_002528,device,DEV_02693
ACC_002528,funding,CARD_02621
ACC_002528,ip,IP_02594
ACC_002528,phone,PHN_02731
ACC_002529,device,DEV_02694
ACC_002529,funding,CARD_02622
ACC_002529,ip,IP_02595
ACC_002529,phone,PHN_02732
ACC_002530,device,DEV_02695
ACC_002530,funding,CARD_02623
ACC_002530,ip,IP_02596
ACC_002530,phone,PHN_02733
ACC_002531,device,DEV_02696
ACC_002531,funding,CARD_02624
ACC_002531,ip,IP_02597
ACC_002531,phone,PHN_02734
ACC_002532,device,DEV_02697
ACC_002532,funding,CARD_02625
ACC_002532,ip,IP_02598
ACC_002532,phone,PHN_02735
ACC_002533,device,DEV_02698
ACC_002533,funding,CARD_02626
ACC_002533,ip,IP_02599
ACC_002533,phone,PHN_02736
ACC_002534,device,DEV_02699
ACC_002534,funding,CARD_02627
ACC_002534,ip,IP_02600
ACC_002534,phone,PHN_02737
ACC_002535,device,DEV_02700
ACC_002535,funding,CARD_02628
ACC_002535,ip,IP_02601
ACC_002535,phone,PHN_02738
ACC_002536,device,DEV_02701
ACC_002536,funding,CARD_02629
ACC_002536,ip,IP_02602
ACC_002536,phone,PHN_02739
ACC_002537,device,DEV_02702
ACC_002537,funding,CARD_02630
ACC_002537,ip,IP_02603
ACC_002537,phone,PHN_02740
ACC_002538,device,DEV_02703
ACC_002538,funding,CARD_02631
ACC_002538,ip,IP_02604
ACC_002538,phone,PHN_02741
ACC_002539,device,DEV_02704
ACC_002539,funding,CARD_02632
ACC_002539,ip,IP_02605
ACC_002539,phone,PHN_02742
ACC_002540,device,DEV_02705
ACC_002540,funding,CARD_02633
ACC_002540,ip,IP_02606
ACC_002540,phone,PHN_02743
ACC_002541,device,DEV_02706
ACC_002541,funding,CARD_02634
ACC_002541,ip,IP_02607
ACC_002541,phone,PHN_02744
ACC_002542,device,DEV_02707
ACC_002542,funding,CARD_02635
ACC_002542,ip,IP_02608
ACC_002542,phone,PHN_02745
ACC_002543,device,DEV_02708
ACC_002543,funding,CARD_02636
ACC_002543,ip,IP_02609
ACC_002543,phone,PHN_02746
ACC_002544,device,DEV_02709
ACC_002544,funding,CARD_02637
ACC_002544,ip,IP_02610
ACC_002544,phone,PHN_02747
ACC_002545,device,DEV_02710
ACC_002545,funding,CARD_02638
ACC_002545,ip,IP_02611
ACC_002545,phone,PHN_02748
ACC_002546,device,DEV_02711
ACC_002546,funding,CARD_02639
ACC_002546,ip,IP_02612
ACC_002546,phone,PHN_02749
ACC_002547,device,DEV_02712
ACC_002547,funding,CARD_02640
ACC_002547,ip,IP_02613
ACC_002547,phone,PHN_02750
ACC_002548,device,DEV_02713
ACC_002548,funding,CARD_02641
ACC_002548,ip,IP_02614
ACC_002548,phone,PHN_02751
ACC_002549,device,DEV_02714
ACC_002549,funding,CARD_02642
ACC_002549,ip,IP_02615
ACC_002549,phone,PHN_02752
ACC_002550,device,DEV_02715
ACC_002550,funding,CARD_02643
ACC_002550,ip,IP_02616
ACC_002550,phone,PHN_02753
ACC_002551,device,DEV_02716
ACC_002551,funding,CARD_02644
ACC_002551,ip,IP_02617
ACC_002551,phone,PHN_02754
ACC_002552,device,DEV_02717
ACC_002552,funding,CARD_02645
ACC_002552,ip,IP_02618
ACC_002552,phone,PHN_02755
ACC_002553,device,DEV_02718
ACC_002553,funding,CARD_02646
ACC_002553,ip,IP_02619
ACC_002553,phone,PHN_02756
ACC_002554,device,DEV_02719
ACC_002554,funding,CARD_02647
ACC_002554,ip,IP_02620
ACC_002554,phone,PHN_02757
ACC_002555,device,DEV_02720
ACC_002555,funding,CARD_02648
ACC_002555,ip,IP_02621
ACC_002555,phone,PHN_02758
ACC_002556,device,DEV_02721
ACC_002556,funding,CARD_02649
ACC_002556,ip,IP_02622
ACC_002556,phone,PHN_02759
ACC_002557,device,DEV_02722
ACC_002557,funding,CARD_02650
ACC_002557,ip,IP_02623
ACC_002557,phone,PHN_02760
ACC_002558,device,DEV_02723
ACC_002558,funding,CARD_02651
ACC_002558,ip,IP_02624
ACC_002558,phone,PHN_02761
ACC_002559,device,DEV_02724
ACC_002559,funding,CARD_02652
ACC_002559,ip,IP_02625
ACC_002559,phone,PHN_02762
ACC_002560,device,DEV_02725
ACC_002560,funding,CARD_02653
ACC_002560,ip,IP_02626
ACC_002560,phone,PHN_02763
ACC_002561,device,DEV_02726
ACC_002561,funding,CARD_02654
ACC_002561,ip,IP_02627
ACC_002561,phone,PHN_02764
ACC_002562,device,DEV_02727
ACC_002562,funding,CARD_02655
ACC_002562,ip,IP_02628
ACC_002562,phone,PHN_02765
ACC_002563,device,DEV_02728
ACC_002563,funding,CARD_02656
ACC_002563,ip,IP_02629
ACC_002563,phone,PHN_02766
ACC_002564,device,DEV_02729
ACC_002564,funding,CARD_02657
ACC_002564,ip,IP_02630
ACC_002564,phone,PHN_02767
ACC_002565,device,DEV_02730
ACC_002565,funding,CARD_02658
ACC_002565,ip,IP_02631
ACC_002565,phone,PHN_02768
ACC_002566,device,DEV_02731
ACC_002566,funding,CARD_02659
ACC_002566,ip,IP_02632
ACC_002566,phone,PHN_02769
ACC_002567,device,DEV_02732
ACC_002567,funding,CARD_02660
ACC_002567,ip,IP_02633
ACC_002567,phone,PHN_02770
ACC_002568,device,DEV_02733
ACC_002568,funding,CARD_02661
ACC_002568,ip,IP_02634
ACC_002568,phone,PHN_02771
ACC_002569,device,DEV_02734
ACC_002569,funding,CARD_02662
ACC_002569,ip,IP_02635
ACC_002569,phone,PHN_02772
ACC_002570,device,DEV_02735
ACC_002570,funding,CARD_02663
ACC_002570,ip,IP_02636
ACC_002570,phone,PHN_02773
ACC_002571,device,DEV_02736
ACC_002571,funding,CARD_02664
ACC_002571,ip,IP_02637
ACC_002571,phone,PHN_02774
ACC_002572,device,DEV_02737
ACC_002572,funding,CARD_02665
ACC_002572,ip,IP_02638
ACC_002572,phone,PHN_02775
ACC_002573,device,DEV_02738
ACC_002573,funding,CARD_02666
ACC_002573,ip,IP_02639
ACC_002573,phone,PHN_02776
ACC_002574,device,DEV_02739
ACC_002574,funding,CARD_02667
ACC_002574,ip,IP_02640
ACC_002574,phone,PHN_02777
ACC_002575,device,DEV_02740
ACC_002575,funding,CARD_02668
ACC_002575,ip,IP_02641
ACC_002575,phone,PHN_02778
ACC_002576,device,DEV_02741
ACC_002576,funding,CARD_02669
ACC_002576,ip,IP_02642
ACC_002576,phone,PHN_02779
ACC_002577,device,DEV_02742
ACC_002577,funding,CARD_02670
ACC_002577,ip,IP_02643
ACC_002577,phone,PHN_02780
ACC_002578,device,DEV_02743
ACC_002578,funding,CARD_02671
ACC_002578,ip,IP_02644
ACC_002578,phone,PHN_02781
ACC_002579,device,DEV_02744
ACC_002579,funding,CARD_02672
ACC_002579,ip,IP_02645
ACC_002579,phone,PHN_02782
ACC_002580,device,DEV_02745
ACC_002580,funding,CARD_02673
ACC_002580,ip,IP_02646
ACC_002580,phone,PHN_02783
ACC_002581,device,DEV_02746
ACC_002581,funding,CARD_02674
ACC_002581,ip,IP_02647
ACC_002581,phone,PHN_02784
ACC_002582,device,DEV_02747
ACC_002582,funding,CARD_02675
ACC_002582,ip,IP_02648
ACC_002582,phone,PHN_02785
ACC_002583,device,DEV_02748
ACC_002583,funding,CARD_02676
ACC_002583,ip,IP_02649
ACC_002583,phone,PHN_02786
ACC_002584,device,DEV_02749
ACC_002584,funding,CARD_02677
ACC_002584,ip,IP_02650
ACC_002584,phone,PHN_02787
ACC_002585,device,DEV_02750
ACC_002585,funding,CARD_02678
ACC_002585,ip,IP_02651
ACC_002585,phone,PHN_02788
ACC_002586,device,DEV_02751
ACC_002586,funding,CARD_02679
ACC_002586,ip,IP_02652
ACC_002586,phone,PHN_02789
ACC_002587,device,DEV_02752
ACC_002587,funding,CARD_02680
ACC_002587,ip,IP_02653
ACC_002587,phone,PHN_02790
ACC_002588,device,DEV_02753
ACC_002588,funding,CARD_02681
ACC_002588,ip,IP_02654
ACC_002588,phone,PHN_02791
ACC_002589,device,DEV_02754
ACC_002589,funding,CARD_02682
ACC_002589,ip,IP_02655
ACC_002589,phone,PHN_02792
ACC_002590,device,DEV_02755
ACC_002590,funding,CARD_02683
ACC_002590,ip,IP_02656
ACC_002590,phone,PHN_02793
ACC_002591,device,DEV_02756
ACC_002591,funding,CARD_02684
ACC_002591,ip,IP_02657
ACC_002591,phone,PHN_02794
ACC_002592,device,DEV_02757
ACC_002592,funding,CARD_02685
ACC_002592,ip,IP_02658
ACC_002592,phone,PHN_02795
ACC_002593,device,DEV_02758
ACC_002593,funding,CARD_02686
ACC_002593,ip,IP_02659
ACC_002593,phone,PHN_02796
ACC_002594,device,DEV_02759
ACC_002594,funding,CARD_02687
ACC_002594,ip,IP_02660
ACC_002594,phone,PHN_02797
ACC_002595,device,DEV_02760
ACC_002595,funding,CARD_02688
ACC_002595,ip,IP_02661
ACC_002595,phone,PHN_02798
ACC_002596,device,DEV_02761
ACC_002596,funding,CARD_02689
ACC_002596,ip,IP_02662
ACC_002596,phone,PHN_02799
ACC_002597,device,DEV_02762
ACC_002597,funding,CARD_02690
ACC_002597,ip,IP_02663
ACC_002597,phone,PHN_02800
ACC_002598,device,DEV_02763
ACC_002598,funding,CARD_02691
ACC_002598,ip,IP_02664
ACC_002598,phone,PHN_02801
ACC_002599,device,DEV_02764
ACC_002599,funding,CARD_02692
ACC_002599,ip,IP_02665
ACC_002599,phone,PHN_02802
ACC_002600,device,DEV_02765
ACC_002600,funding,CARD_02693
ACC_002600,ip,IP_02666
ACC_002600,phone,PHN_02803
ACC_002601,device,DEV_02766
ACC_002601,funding,CARD_02694
ACC_002601,ip,IP_02667
ACC_002601,phone,PHN_02804
ACC_002602,device,DEV_02767
ACC_002602,funding,CARD_02695
ACC_002602,ip,IP_02668
ACC_002602,phone,PHN_02805
ACC_002603,device,DEV_02768
ACC_002603,funding,CARD_02696
ACC_002603,ip,IP_02669
ACC_002603,phone,PHN_02806
ACC_002604,device,DEV_02769
ACC_002604,funding,CARD_02697
ACC_002604,ip,IP_02670
ACC_002604,phone,PHN_02807
ACC_002605,device,DEV_02770
ACC_002605,funding,CARD_02698
ACC_002605,ip,IP_02671
ACC_002605,phone,PHN_02808
ACC_002606,device,DEV_02771
ACC_002606,funding,CARD_02699
ACC_002606,ip,IP_02672
ACC_002606,phone,PHN_02809
ACC_002607,device,DEV_02772
ACC_002607,funding,CARD_02700
ACC_002607,ip,IP_02673
ACC_002607,phone,PHN_02810
ACC_002608,device,DEV_02773
ACC_002608,funding,CARD_02701
ACC_002608,ip,IP_02674
ACC_002608,phone,PHN_02811
ACC_002609,device,DEV_02774
ACC_002609,funding,CARD_02702
ACC_002609,ip,IP_02675
ACC_002609,phone,PHN_02812
ACC_002610,device,DEV_02775
ACC_002610,funding,CARD_02703
ACC_002610,ip,IP_02676
ACC_002610,phone,PHN_02813
ACC_002611,device,DEV_02776
ACC_002611,funding,CARD_02704
ACC_002611,ip,IP_02677
ACC_002611,phone,PHN_02814
ACC_002612,device,DEV_02777
ACC_002612,funding,CARD_02705
ACC_002612,ip,IP_02678
ACC_002612,phone,PHN_02815
ACC_002613,device,DEV_02778
ACC_002613,funding,CARD_02706
ACC_002613,ip,IP_02679
ACC_002613,phone,PHN_02816
ACC_002614,device,DEV_02779
ACC_002614,funding,CARD_02707
ACC_002614,ip,IP_02680
ACC_002614,phone,PHN_02817
ACC_002615,device,DEV_02780
ACC_002615,funding,CARD_02708
ACC_002615,ip,IP_02681
ACC_002615,phone,PHN_02818
ACC_002616,device,DEV_02781
ACC_002616,funding,CARD_02709
ACC_002616,ip,IP_02682
ACC_002616,phone,PHN_02819
ACC_002617,device,DEV_02782
ACC_002617,funding,CARD_02710
ACC_002617,ip,IP_02683
ACC_002617,phone,PHN_02820
ACC_002618,device,DEV_02783
ACC_002618,funding,CARD_02711
ACC_002618,ip,IP_02684
ACC_002618,phone,PHN_02821
ACC_002619,device,DEV_02784
ACC_002619,funding,CARD_02712
ACC_002619,ip,IP_02685
ACC_002619,phone,PHN_02822
ACC_002620,device,DEV_02785
ACC_002620,funding,CARD_02713
ACC_002620,ip,IP_02695
ACC_002620,phone,PHN_02823
ACC_002621,device,DEV_02786
ACC_002621,funding,CARD_02714
ACC_002621,ip,IP_02687
ACC_002621,phone,PHN_02824
ACC_002622,device,DEV_02787
ACC_002622,funding,CARD_02715
ACC_002622,ip,IP_02688
ACC_002622,phone,PHN_02825
ACC_002623,device,DEV_02788
ACC_002623,funding,CARD_02716
ACC_002623,ip,IP_02689
ACC_002623,phone,PHN_02826
ACC_002624,device,DEV_02789
ACC_002624,funding,CARD_02717
ACC_002624,ip,IP_02690
ACC_002624,phone,PHN_02827
ACC_002625,device,DEV_02790
ACC_002625,funding,CARD_02718
ACC_002625,ip,IP_02691
ACC_002625,phone,PHN_02828
